label	type	id	description
Culture & Leisure	category	4	TITLE: Culture & Leisure DESCRIPTION: The Culture & Leisure category in the UK encompasses a diverse array of entertainment options, including cinema tickets, theatre performances, concerts, festivals, and exhibitions. This category features deals on popular movies, West End shows, live music events, and cultural festivals across the UK. It caters to a wide audience with interests in arts, entertainment, and recreational activities. Key terms include "entertainment deals," "cultural events," "theatre tickets," "concert discounts," and "museum passes." Related categories include Travel & Holidays for event-based travel packages and Electronics for home entertainment systems. Complementary products might involve dining experiences or accommodation offers near event venues. This category is distinct from Sports & Outdoor activities by focusing on artistic and leisure pursuits rather than physical activities. With a variety of affordable options, Culture & Leisure is ideal for families, couples, and groups seeking enriching experiences in the British cultural scene. KEYWORDS: Culture & Leisure
Fashion & Accessories	category	5	TITLE: Fashion & Accessories DESCRIPTION: Ted Baker, a renowned British fashion brand, offers an extensive range of contemporary apparel and accessories known for their imaginative prints and vibrant colours. Originating as a shirt maker in Glasgow in 1987, Ted Baker has expanded globally with collections that include menswear, womenswear, footwear, accessories, homeware, and beauty products. The brand is synonymous with quality craftsmanship, using sustainable materials like Tencel and organic cotton. Ted Baker's menswear features versatile pieces with quirky accents, while womenswear boasts luxurious silk skirts and signature wool wrap coats. Accessories such as handbags, purses, and luggage are crafted with meticulous attention to detail. Ted Baker shoes offer classic styles with durable materials, and their eyewear showcases retro and modern frames. The beauty line includes perfumes and skincare products in decorative packaging. Ted Baker is available at major UK retailers like John Lewis and House of Fraser, with significant discounts during sales events like Black Friday. Related brands include Paul Smith, Thomas Sabo, and Fred Perry. KEYWORDS: Timberland; Kurt Geiger; Geox; K-Swiss; K Swiss; Thomas Sabo; Tokyo Laundry; Cath Kidston; Lyle & Scott; Lyle and Scott; Helly Hansen; Fred Perry; Original Penguin; Dickies; Paul Smith; Belstaff; Ted Baker; Etnies; Lipsy; Jack & Jones
Home & Living	category	10	TITLE: Home & Living DESCRIPTION: The "Home & Living" category encompasses a diverse range of products designed to enhance the comfort and functionality of your home environment. Key items include home furnishings such as bedding, kitchenware, and furniture, alongside essential kitchen appliances like coffee machines and dishwashers. Prominent brands in this category include Victorinox, JML, Beko, Habitat, Brabantia, Salter, Le Creuset, Rowenta, Hotpoint, Smeg, Indesit, Zanussi, Minky, Simplehuman, Villeroy & Boch, and Morphy Richards. This category is closely related to other home improvement areas such as "Garden & Outdoor," "Home Decor," and "Smart Home Devices," offering cross-category opportunities for comprehensive home solutions. British consumers will find region-specific products and deals tailored to local preferences. Distinct from categories focused solely on electronics or outdoor equipment, "Home & Living" integrates aesthetics with practicality to create a harmonious living space. KEYWORDS: Victorinox; JML; Beko; Habitat; Brabantia; Salter; Le Creuset; Rowenta; Hotpoint; Smeg; Indesit; Zanussi; Minky; Simplehuman; Villeroy & Boch; Villeroy and Boch; Morphy Richards; Home & Living
Travel	category	14	TITLE: Travel DESCRIPTION: The Travel category in the UK encompasses a wide range of products and services designed to enhance the travel experience, including luggage, travel accessories, and travel guides. Key terms include suitcases, backpacks, carry-ons, and duffel bags from popular brands like Samsonite, Antler, and Eastpak. Travel accessories cover passport holders, travel pillows, adapters, and toiletry bags. This category also includes travel insurance options and currency converters, essential for international trips. Related categories feature outdoor gear for camping and hiking, as well as electronics like noise-cancelling headphones and portable chargers. Complementary products include travel-sized toiletries and first aid kits. The British market prioritizes compact, durable, and stylish products suited for both domestic and international travel. Distinct from holiday packages or flight bookings, this category focuses on physical travel essentials. Users often search for "best luggage for Europe," "UK travel accessories," and "travel essentials checklist."
Groceries	category	16	TITLE: Groceries DESCRIPTION: The Groceries category encompasses a wide range of everyday essentials and pantry staples, catering to the diverse needs of UK households. This category includes fresh produce such as fruits and vegetables, snacks like candies, and a variety of beverages. Prominent UK grocery retailers like Tesco, Sainsbury's, Morrisons, Waitrose, and Asda offer numerous deals and discounts, making it easier for consumers to save on their weekly shopping. Key brands featured in this category include Activia for yoghurts, Meridian for nut butters, and Muller for dairy products. Household essentials are well-represented with Comfort fabric conditioners available in various formulations and sizes such as Comfort Pure, Comfort Intense, and Comfort Creations. Regina offers quality paper products, while Tilda provides premium rice options like Tilda Basmati Rice and Tilda Pure. This category is distinct from speciality food categories by focusing on general grocery items and household staples, supporting cross-category recommendations with related products like kitchenware and cleaning supplies. KEYWORDS: Activia; Meridian; Muller; Comfort Sunshiny Days; Comfort Pure Fabric Conditioner; Comfort Fabric Conditioner; Comfort Conditioner; Comfort Pure; Comfort 85 Washes; Comfort 3L; Comfort Intense; Comfort Concentrate; Comfort 1.26L; Comfort 166 Washes; Comfort Creations; Regina; Tilda Rice; Tilda Basmati Rice; Tilda Pure; Tilda Broken Basmati
Family & Kids	category	17	TITLE: Family & Kids DESCRIPTION: The "Family & Kids" category is your comprehensive destination for affordable and high-quality products catering to families in the UK. This section features a diverse range of items, from essential baby gear like Cybex and Maxi Cosi car seats to engaging toys such as LEGO, Little Tikes, and VTech educational tools. Discover clothing and accessories from beloved brands like Disney's Frozen, Marvel, and Peppa Pig, ensuring your little ones are stylishly outfitted. For entertainment, explore options featuring characters from Toy Story, Teenage Mutant Ninja Turtles, and Scooby Doo. This category also includes practical solutions for school supplies and nursery essentials, offering deals on top brands like Graco and Aquadoodle. Whether preparing for a new arrival or seeking the latest Nerf toys or Playmobil sets, our curated selection supports every stage of childhood development. Enjoy cross-category recommendations with related areas such as "Toys & Games" and "Baby Essentials," making shopping for your family both enjoyable and budget-friendly. KEYWORDS: Cybex; Aquadoodle; Little Tikes; Maxi Cosi; Graco; Disney's Frozen; Disneys Frozen; Disney Frozen; Disney's Cars; Disneys Cars; Disney Princess; Beauty and the Beast; Lion King; Toy Story; Teenage Mutant Ninja Turtles; Scooby Doo; Scoobi Doo; Scooby Do; Despicable Me; Chad Valley
Gaming	category	19	TITLE: Gaming DESCRIPTION: The Gaming category encompasses a diverse range of products and brands tailored for enthusiasts and casual players alike. This category includes consoles like Wii and accessories from renowned brands such as Alienware, ASTRO Gaming, Hori, Thrustmaster, Saitek, and Mad Catz. It features gaming PCs like Acer Predator and Razer, alongside VR headsets such as Meta Quest. Popular game publishers like Ubisoft, Blizzard, Sega, and Telltale offer immersive experiences with characters like Luigi and Yoshi. Essential peripherals include HOTAS setups for flight simulators and high-performance gaming headsets. This category relates closely to PC components, entertainment systems, and software applications. It caters to a wide audience, from those seeking the latest in virtual reality to fans of classic console games. Whether you're exploring new worlds or competing in esports, this category offers everything needed for a comprehensive gaming setup in the UK market. KEYWORDS: Wii; Alienware; ASTRO Gaming; HOTAS; Sega; Telltale; Ubisoft; Mad Catz; Luigi; Yoshi; Hori; Thrustmaster; Saitek; Gaming; Meta Quest; Blizzard; Acer Predator; Razer
Restaurant, Café & Pub	category	20	TITLE: Restaurant, Café & Pub DESCRIPTION: The "Restaurant, Café & Pub" category in the UK encompasses a diverse range of dining and social venues, including popular chains like Nando's, Caffè Nero, and Starbucks, as well as traditional British pubs. This category caters to various culinary preferences and social experiences, from casual dining at Zizzi or GBK (Gourmet Burger Kitchen) to enjoying a pizza at Papa John's. It also includes café experiences at Café Rouge and local cafés offering artisanal coffee and pastries. Pubs serve as quintessential British establishments for social gatherings, often featuring a selection of ales, lagers, and pub fare. The category is closely related to food delivery services and loyalty programmes such as tastecard, enhancing dining affordability and convenience. Distinct from fast-food joints, this category emphasizes sit-down meals and beverages in a convivial atmosphere. It intersects with related categories like food delivery, dining deals, and beverage services, providing comprehensive options for eating out or meeting friends. KEYWORDS: Nando's; Nandos; Caffè Nero; Caffe Nero; cafe nero; Cafè nero; Café Rouge; Cafe Rouge; Starbucks; tastecard; GBK; Zizzi; Papa John's; Papa Johns; Restaurants; Burger King; Pub; Pubs; cafe; cafés
Sports & Outdoors	category	21	TITLE: Sports & Outdoors DESCRIPTION: The "Sports & Outdoors" category encompasses a diverse range of products and brands tailored for active lifestyles and outdoor adventures. Key brands such as Quiksilver, Oakley, Jack Wolfskin, Trespass, Salomon, Vango, Karrimor, Camelbak, Regatta, Reebok, Rab, The North Face, Puma, Shimano, Tacx, Billabong, Quechua, and Osprey offer high-quality sportswear, equipment, and accessories. This category includes essential items for various activities such as hiking, cycling, camping, running, and gym workouts. Products range from durable backpacks and hydration systems to performance footwear and technical apparel. Complementary categories include Fitness Equipment, Outdoor Apparel, Camping Gear, and Cycling Accessories. Popular British market terms and brands are highlighted to cater to regional preferences. This category distinguishes itself by focusing on both indoor and outdoor sports needs, ensuring enthusiasts find everything from gym memberships to camping essentials. Perfect for those searching for deals on sports gear or planning their next adventure. KEYWORDS: Quiksilver; Oakley; Jack Wolfskin; Trespass; Salomon; Vango; Karrimor; Camelbak; Regatta; Reebok; Rab; The North Face; North Face; Puma; Shimano; Tacx; Billabong; Quechua; Osprey; Campingaz
Finance & Insurance	category	22	TITLE: Finance & Insurance DESCRIPTION: The Finance & Insurance category encompasses a wide range of financial services and insurance products tailored for the UK market. Key offerings include credit cards, personal loans, mortgages, and comprehensive insurance solutions from leading British institutions like Aviva, Santander, NatWest (National Westminster), Barclays, and Halifax Bank. This category also covers the burgeoning field of cryptocurrencies, featuring platforms such as eToro and Coinbase, and digital currencies like Bitcoin (BTC), Ethereum, Litecoin, and Polkadot. Users can explore cryptoassets management tools such as ledgers for secure transactions. Related categories include Personal Finance Management, Investment Planning, and Risk Assessment Services. Complementary products involve financial advisory services and budgeting tools. The Finance & Insurance category is distinct from general banking by focusing on both traditional financial instruments and modern digital currencies, providing a holistic approach to managing and securing personal wealth in the UK. KEYWORDS: Aviva; Santander; NatWest; National Westminster; Barclays; cryptocurrency; Polkadot; crypto; eToro; Coinbase; Bitcoin; Litecoin; Ethereum; cryptocurrencies; cryptoassets; BTC; ledger; Finance & Insurance; Halifax Bank
Freebies	category	30	TITLE: Freebies DESCRIPTION: The "Freebies" category on hotukdeals is a treasure trove for savvy UK consumers eager to snag complimentary items and services. This section highlights an array of free products, from food and drink samples like Pret coffee and Greggs sausage rolls to beauty and skincare testers from esteemed brands such as Dior and Estée Lauder. Digital trials, including Spotify Premium and Xbox Game Pass, are frequently available, alongside household samples like cleaning products from Tesco and Wilko. Pet owners can find free dog and cat food samples from Royal Canin and Purina. Users benefit from community-driven insights where deals are ranked by heat, ensuring only the most popular and verified offers are featured. Complementary categories include "Discount Codes" for free delivery deals from Amazon, ASOS, and Nike. Engage with this vibrant community to stay updated on exclusive freebies, leveraging alerts for terms like "free samples" or "free PS4 games" to catch the latest offers before they expire. KEYWORDS: Freebie; Freebies; Free Entry; Free Rental; Free Stuff; Free Sample; PS4 Free Games; Free Access; Free Refills; Free Switch Games; Free Cimema Tickets; Free Zoo Ticket; Free Dental Check-Up; Free Dental Check Up; Free Nintendo Switch Games; Free PS4 Game; Free Nintendo Switch Game; Free Wii Game; Freebee; Free Items
Ask	category	31	TITLE: Ask DESCRIPTION: The "Ask" category on hotukdeals UK serves as a dynamic discussion hub where users can seek advice, share insights, and find answers related to deals, products, and shopping experiences. This category is a go-to resource for queries about current promotions, product specifications, brand comparisons, and purchasing advice. Users often explore topics such as the best time to buy electronics, fashion trends, home appliance recommendations, and regional availability of popular brands like Dyson, Sony, and Marks & Spencer. Complementary categories include "Deals," "Vouchers," and "Product Reviews," enabling cross-category exploration and informed decision-making. This platform encourages interaction through user-generated content, facilitating a community-driven approach to finding the best bargains and product advice in the British market. By participating in the "Ask" category, users can enhance their shopping knowledge, make savvy purchasing decisions, and stay updated on the latest consumer trends. KEYWORDS: Ask
Competitions	category	32	TITLE: Competitions DESCRIPTION: Explore a diverse array of UK-based competitions and giveaways, offering opportunities to win coveted products across various categories. This category includes contests featuring electronics, home appliances, fashion items, travel packages, and more. Engage with competitions from renowned British brands and trusted retailers like John Lewis, Argos, and Currys. Discover related categories such as "Discount Vouchers," "Flash Sales," and "Exclusive Offers" for complementary deals. Whether you're interested in tech gadgets, designer clothing, or holiday experiences, this section caters to all interests. Keywords include sweepstakes, prize draws, free entry contests, and promotional giveaways. Ideal for bargain hunters and competition enthusiasts seeking valuable prizes without purchase requirements. Distinct from auction sites or paid lotteries, this category focuses on no-cost participation methods. Stay updated with the latest UK competition trends and maximise your chances of winning exciting rewards. KEYWORDS: Competitions; Competition
Misc	category	33	TITLE: Misc DESCRIPTION: The "Misc" category serves as a versatile hub for diverse topics that don't align directly with specific products or deals, catering to a wide array of interests and inquiries. This category includes discussions on lifestyle, technology trends, consumer advice, and general knowledge, providing a platform for community engagement and expert insights. Users might explore subjects such as emerging tech innovations, sustainable living tips, or cultural events across the UK. It acts as a complementary space to product-centric categories like Electronics, Home & Garden, and Fashion, offering broader contextual understanding and cross-category relevance. Key terms include "general discussion," "community forum," "expert advice," and "UK lifestyle." This category is distinct from product-specific forums by focusing on non-commercial topics, fostering a rich environment for intellectual exchange and curiosity-driven exploration. Ideal for users seeking information beyond shopping, it enhances the overall user experience by supporting diverse interests and holistic learning. KEYWORDS: Misc
Adult Products	category	1341	TITLE: Adult Products DESCRIPTION: The "Adult Products" category encompasses a diverse range of items designed for personal pleasure and intimate enhancement. Key products include Durex condoms, which are essential for safe sex practices, and various types of lubricants to enhance comfort during intimate moments. This category also features an array of sex toys such as vibrators, dildos, and cock rings, catering to different preferences and experiences. Popular brands like Ann Summers and Lovehoney dominate the market with their innovative designs and quality offerings. Additionally, love dolls and sex dolls provide realistic companionship options. This category is closely related to sexual wellness and health products, often cross-referenced with lingerie and romantic gift categories. It's crucial to distinguish these adult products from general wellness items, focusing specifically on enhancing sexual experience. British consumers might search for these items using terms like "sextoys" or specific brand names, making keyword optimization vital for effective product discovery. KEYWORDS: Durex; Condom; Condoms; lube; Sex Toy; Sextoy; Sextoys; Sex Toys; Vibrator; Vibrators; Dildo; Dildos; Cock Ring; Love Doll; Lovedoll; Sex Doll; Sexdoll; Ann Summers; lovehoney; Love Honey
Air Conditioner	category	1410	TITLE: Air Conditioner DESCRIPTION: The Air Conditioner category encompasses a broad range of climate control solutions, including air con units and systems designed for residential and commercial spaces. Key product types include portable air conditioners, split systems, and central air conditioning units, catering to diverse cooling needs. Popular brands available in the UK market feature Daikin, Mitsubishi Electric, and LG, known for their energy efficiency and advanced technology. Technical specifications often highlight British Thermal Units (BTU) ratings, energy efficiency ratios (EER), and smart connectivity options. This category closely relates to Heating, Ventilation, and Air Conditioning (HVAC) systems, offering complementary products like dehumidifiers and air purifiers. Ideal for use cases such as home cooling during summer months or maintaining optimal office temperatures year-round, air conditioners differ from fans and evaporative coolers by providing more precise temperature control. This category is essential for users searching for effective climate management solutions in the UK. KEYWORDS: Air Conditioner; Air Con; Air Conditioning Unit; Air Conditioners
Alcohol	category	1466	TITLE: Alcohol DESCRIPTION: The Alcohol category in the UK encompasses a diverse array of beverages integral to British social life, from traditional pints at the local pub to sophisticated wine evenings at home. This category includes popular drinks such as beer—encompassing lagers, ales, and stouts—wine varieties like red, white, rosé, and sparkling options such as Champagne and Prosecco. Spirits play a significant role, featuring Scotch whisky, Irish whiskey, American bourbon, as well as gin, vodka, rum, tequila, and brandy including Cognac. Cider and perry offer fruity alternatives. Renowned brands like Stella Artois, Smirnoff, Guinness, and Jack Daniels are staples in UK households. The category also covers cocktail essentials and mixers for margaritas and mojitos. Related categories include non-alcoholic beverages and bar accessories. In the UK market, where price-consciousness is key, hotukdeals provides access to deals on both everyday staples like Carling and premium selections like fine wines and liqueurs. Explore this category for savings on your favourite tipples. KEYWORDS: Cocktail; Cocktails; Parrot Bay; Margarita; Alcohol; Beer; Wine; Whisky; Scotch; Bourbon; Brandy; Cognac; Rum; Gin; Vodka; Cider; Tequila; Champagne; Aperitif; Tawny Port
Apple	category	1735	TITLE: Apple DESCRIPTION: Apple is a globally renowned technology brand known for its innovative and stylish products such as the iPhone, iPad, MacBook, and Apple Watch. In the UK market, Apple products are highly sought after for their seamless integration and user-friendly interfaces. Key product lines include the iPhone series, offering models like the iPhone X, XS, and XR, known for their advanced iOS systems and high-resolution cameras. The iPad range, including the iPad Pro and iPad Mini, provides versatile options for both professional and personal use. MacBooks, including the MacBook Air and Pro, are favoured for their sleek design and powerful performance. Apple's ecosystem is complemented by accessories like AirPods and the Apple Pencil, enhancing device functionality. Competing with brands like Samsung's Galaxy series and Microsoft's Surface range, Apple maintains a distinct market presence through its premium build quality and exclusive features. Popular purchase times include Black Friday and January sales for potential discounts on these premium devices. KEYWORDS: Apple
Apple TV	category	1743	TITLE: Apple TV DESCRIPTION: Apple TV, a premier digital media player and micro-console, revolutionizes home entertainment with seamless integration into the Apple ecosystem. This compact streaming device connects effortlessly to iPhones, iPads, and iPods, offering access to a vast array of apps via the App Store. Featuring Siri voice control, it enables users to navigate content, play games, and stream music through Apple Music. The Apple TV 4K model supports ultra-high-definition viewing with HDR10 and Dolby Vision, enhancing visual experiences on compatible 4K TVs. It is distinct from competitors like Amazon Fire TV and Chromecast due to its exclusive compatibility with Apple services such as iTunes and AirPlay. Available in 32GB and 64GB versions, it supports high-resolution video formats like H.264 up to 1080p. Key related categories include streaming devices, gaming consoles, and smart home gadgets, with popular apps including Netflix, Disney+, and NOW TV. Ideal for British consumers seeking comprehensive entertainment solutions, Apple TV offers competitive pricing through UK retailers like Currys and John Lewis. KEYWORDS: Apple TV; Apple TV+; AppleTV
Audio & Hi-Fi	category	1932	TITLE: Audio & Hi-Fi DESCRIPTION: The "Audio & Hi-Fi" category encompasses a diverse range of high-fidelity sound equipment and accessories, ideal for audiophiles and casual listeners alike. This category features renowned brands such as Denon, Heos, Soundmagic, Q Acoustics, AKG, Beyerdynamic, Skullcandy, Sennheiser, KitSound, Jabra, and Bowers & Wilkins. Products include headphones, earphones, speakers, soundbars, amplifiers, and turntables. This category caters to various user needs from immersive home audio systems to portable sound solutions. British consumers can explore DJ equipment and accessories for professional use or personal enjoyment. Related categories include Home Cinema Systems and Portable Audio Devices, offering complementary products like Bluetooth speakers and wireless earbuds. With a focus on superior sound quality and cutting-edge technology, this category is distinct from general electronics by its emphasis on acoustic performance and brand prestige. Perfect for users searching for premium audio experiences in the UK market. KEYWORDS: Denon; Heos; Soundmagic; Q Acoustics; AKG; Beyerdynamic; Skullcandy; Skull Candy; Sennheiser; KitSound; Jabra; Bowers & Wilkins; Bowers; Wilkins; Bowers and Wilkins; Bowers&Wilkins; Bowers+Wilkins; Bowers + Wilkins; Goodmans; DJ
Childcare	category	2017	TITLE: Childcare DESCRIPTION: The Childcare category encompasses a comprehensive range of essential products and accessories tailored for the safety, comfort, and development of infants and toddlers. Key items include nursery furniture such as cots, cribs, changing tables, and Moses baskets, designed to create a nurturing environment. Safety is paramount, with products like stair gates (stairgates) and booster seats from trusted brands such as Britax and Red Kite ensuring secure spaces. Bath time essentials feature baby baths and Johnson's skincare products. For sleep and comfort, GroBags and soother swings offer convenience and peace of mind. Brands like Mamas & Papas, Angelcare, and Lamaze provide quality assurance across various childcare needs. Potty training is supported by ergonomic potties, while developmental toys encourage learning. This category is closely related to Baby Clothing and Feeding Accessories, offering complete solutions for new parents in the UK market. KEYWORDS: Mamas & Papas; Baby Bath; Nursery; Cot; Crib; Changing Table; Moses Basket; Booster Seat; Stair Gate; Stairgate; GroBag; Britax; Red Kite; Angelcare; Lamaze; Johnson's; Johnsons; Potty; Baby Swing; Soother Swing
Baileys	category	2088	TITLE: Baileys DESCRIPTION: Baileys, the world-renowned Irish cream liqueur, combines rich dairy cream with premium Irish whisky, infused with cocoa and vanilla for added depth. Known for its velvety texture and indulgent flavour, Baileys is available in the UK in various forms such as Original Irish Cream, Coffee, Chocolate Luxe, Orange Truffle, Pumpkin Spice, and Iced Latte. Each variant offers a unique taste experience, whether enjoyed neat, over ice, or as part of a cocktail like the Baileys Afternoon Delight or Boozy Milkshake. Complementary to desserts, Baileys can enhance recipes like cheesecakes and truffles. Available at major UK retailers including Tesco, Asda, and Sainsbury's, Baileys frequently features in festive promotions and gift sets. Its long shelf life and gluten-free composition (with vegan options like Baileys Almande) make it a versatile choice for celebrations. Distinct from other liqueurs, Baileys' luxurious blend makes it a staple for both casual enjoyment and special occasions. KEYWORDS: Baileys
Barbie	category	2139	TITLE: Barbie DESCRIPTION: The "Barbie" category encompasses a wide range of products related to the iconic Barbie brand, including dolls, playsets, accessories, and themed merchandise. This category features various Barbie doll types such as Fashionista, Dreamhouse Adventures, and Career Dolls, catering to diverse interests and imaginative play scenarios. Accessories include clothing sets, shoes, and styling kits, while playsets like the Barbie Dreamhouse and vehicles such as the Barbie Camper Van enhance creative storytelling. The category also includes licensed merchandise like Barbie-themed puzzles, games, and stationery. Related categories might include other fashion dolls, action figures, and children's toys. Complementary products often found alongside Barbie items include dollhouses, toy vehicles, and craft kits. This category is distinct from generic dolls or non-Barbie branded toys. British consumers may also seek specific collections like the Chelsea line or collector's editions. The Barbie brand is synonymous with creativity, fashion, and role-play for children in the UK market. KEYWORDS: Barbie
Health & Beauty	category	2272	TITLE: Health & Beauty DESCRIPTION: The Health & Beauty category in the UK encompasses a diverse range of products and brands that cater to personal care, skincare, makeup, and wellness needs. Key brands include luxury names such as Bvlgari (also known as Bulgari), Yves Saint Laurent (YSL), and Elizabeth Arden, alongside popular skincare lines like Nivea, Clarins, Aveeno, and Burt's Bees. For home wellness, HoMedics offers a selection of massagers and relaxation tools. The category also features renowned British brands such as Baylis & Harding and Molton Brown, known for their premium bath and body products. Makeup enthusiasts can explore offerings from Barry M, Bourjois, and Maybelline. This category is closely related to Fashion Accessories and Personal Care Appliances, providing cross-selling opportunities with items like electric razors and hair styling tools. It is distinct from the Medical Supplies category, focusing instead on beauty enhancement and personal grooming. KEYWORDS: Bvlgari; Bulgari; HoMedics; Yves Saint Laurent; YSL; Baylis & Harding; Baylis and Harding; Baylis + Harding; Baylis+Harding; Nivea; Clarins; Burt's Bees; Burts Bees; Aveeno; Clinique; Elizabeth Arden; Molton Brown; Barry M; Bourjois; Maybelline
Bed	category	2287	TITLE: Bed DESCRIPTION: Explore our diverse selection of beds, designed to cater to every comfort and style preference in the UK market. Our range includes king size beds, superking options, and versatile bedframes that suit any bedroom decor. Discover divans with integrated storage, elegant headboards for a touch of sophistication, and compact solutions like sofa beds or airbeds for flexible living spaces. Whether you're seeking a plush king size bed for master bedrooms or a practical sofabed for guest rooms, our collection ensures restful nights and stylish interiors. Complementary categories include mattresses, bedding sets, and bedroom furniture, offering a comprehensive solution for your sleeping needs. Popular British brands and quality craftsmanship guarantee durability and comfort. Distinct from mattress-only categories, our focus is on complete bed solutions that enhance sleep quality and bedroom aesthetics. Perfectly suited for user searches such as "luxury bed frames" or "space-saving sofa beds," our offerings promise to transform your sleep experience. KEYWORDS: Bed Frame; Bedframe; Superking; Headboard; Divan; King Size Bed; Bed; King Size; Airbed; sofabed; sofa bed
Beer	category	2310	TITLE: Beer DESCRIPTION: The "Beer" category in the UK encompasses a diverse range of alcoholic beverages crafted through the fermentation of grains, primarily barley, with water, hops, and yeast. This category includes popular styles such as lager, ale, IPA (India Pale Ale), stout, and pilsner, each offering unique flavors and brewing techniques. Notable brands like Heineken, Budweiser, Guinness, Stella Artois, Carlsberg, and Beck's dominate the market alongside a burgeoning craft beer scene featuring brewers like BrewDog. Beer-related accessories such as beer fridges, pumps, and glassware enhance the drinking experience. Complementary categories include non-alcoholic beers for those seeking low-alcohol options. The UK market also celebrates regional preferences with brands like Tennent’s and Carling. Shoppers can find deals at major retailers like Tesco and Sainsbury’s or specialty stores like Beer Hawk. Whether enjoying a crisp lager on a summer day or a rich stout in winter, the beer category offers something for every palate and occasion. KEYWORDS: Heineken; Becks; Beck's; Beer; beers; Budweiser; Guinness; Stella Artois; Carlsberg; Coors Light; Tennent’s; Carling; Strongbow; Pilsner Urquell; Amstel; lager; ale; IPA; ales; Stout
Ben & Jerry's	category	2338	TITLE: Ben & Jerry's DESCRIPTION: Ben & Jerry's is a renowned brand specialising in premium ice cream, celebrated for its unique and indulgent flavours. Popular in the UK, Ben & Jerry's offers a diverse range of ice cream products including classic pints, mini tubs, and innovative non-dairy options. Key flavours like Cookie Dough, Chocolate Fudge Brownie, and Phish Food are staples in British freezers. This category encompasses various product types from traditional dairy to vegan-friendly alternatives, catering to a wide range of dietary preferences. Related categories include frozen desserts, luxury ice creams, and vegan sweets, while complementary products might involve dessert toppings and cones. Ben & Jerry's stands out with its commitment to fair trade and sustainable sourcing, distinguishing it from other ice cream brands. This category is ideal for users searching for indulgent treats or ethical consumption options. Maximise your dessert experience by exploring Ben & Jerry's extensive flavour portfolio tailored to the UK palate. KEYWORDS: Ben & Jerry's; Ben and Jerry's; Ben and Jerrys; Ben & Jerrys; Ben & Jerry; Ben and Jerry
Bike	category	2420	TITLE: Bike DESCRIPTION: The "Bike" category encompasses a wide range of bicycles designed for various uses, including road bikes, mountain bikes, commuter bikes, BMX, cyclocross, and electric bikes. In the UK market, popular brands like Cube Bikes and Ribble Hybrid offer diverse options suited for different terrains and purposes. Road bikes are built for speed with lightweight frames and narrow tyres, ideal for paved surfaces. Mountain bikes, also known as All Terrain Bicycles, feature robust frames and treaded tyres for off-road cycling. Commuter bikes cater to urban travel with features like derailleur gears and carrier racks. BMX bikes are designed for tricks and racing, while cyclocross bikes handle mixed terrains. Electric bikes provide pedal-assisted propulsion, enhancing ease of travel. Key components include frames made from materials like aluminium or carbon fibre, Shimano gears, and various brake systems such as disc brakes. Accessories like bike locks, helmets, and lights enhance safety and security. The category is complemented by related products such as cycling apparel and maintenance tools. Cross-category recommendations include fitness equipment and outdoor gear. KEYWORDS: BMX; Bike Motocross; Cube Bikes; Bike; Bicycle; Bikes; Cycle; Cycling; Saddle; Inner Tube; Chainset; Wheelset; Shimano; Hardtail; Cyclocross; Hard Tail; Singlespeed; Single Speed; Bike Lock; Ribble Hybrid
Blu-ray	category	2556	TITLE: Blu-ray DESCRIPTION: Blu-ray discs, synonymous with high-definition home entertainment in the UK, offer superior audiovisual quality for widescreen HD and 4K Ultra HD TVs. Known for their crystal-clear visuals and immersive sound, Blu-rays are ideal for cinephiles seeking a theatre-like experience at home. Popular retailers like HMV and Zavvi provide multi-film bundles, such as '2 for £30', enhancing value for collectors. Trade-in options at CeX facilitate upgrades from DVD to 4K Blu-ray, while digital alternatives on platforms like PlayStation Store and Apple TV offer competitive pricing, though physical discs often include exclusive content and collectible packaging. Key titles include "Oppenheimer" (2023) and classics such as "The Godfather Trilogy" in 4K UHD. Related categories include DVDs, digital streaming services, and home cinema equipment. For enthusiasts of 3D Blu-rays and collector’s editions like the Marvel Cinematic Universe box sets, Blu-ray remains the definitive choice for premium movie experiences in the British market. KEYWORDS: 3D Blu-Ray; 3D Bluray; 3D Blu Ray; 3D Blu-rays; 3D Blurays; 3D Blueray; 3D Bluerays; Blu-Ray; Bluray; Blu Ray; Blu-rays; Blurays; Blueray; Bluerays
Board Game	category	2593	TITLE: Board Game DESCRIPTION: Board games in the UK have seen a significant resurgence, appealing to players of all ages with both classic and innovative titles. This category encompasses a diverse range of games, from strategic classics like Chess and Go to family-friendly staples such as Monopoly and Scrabble. Popular modern titles include Catan, The Resistance, and Pandemic, which offer strategic depth and social interaction. Board games can be classified into strategy games, placement games, racing games, and cooperative games, catering to varied preferences. They are available at major retailers like Tesco, Sainsbury’s, and Asda, as well as online platforms including Amazon and specialist shops like Zatu Games. Seasonal sales events such as Black Friday present opportunities for discounts. Board games foster sociability, improve analytical thinking, and provide a nostalgic escape from digital devices. This category stands distinct from video gaming by offering tangible interaction and a focus on collective experiences. Suitable for families, friends, and solo play, board games remain an enduring pastime in British culture. KEYWORDS: Monopoly; Scrabble; Chess; Board Game; Games Compendium; HeroQuest; Hero Quest; Backgammon
Breakdown Cover	category	2801	TITLE: Breakdown Cover DESCRIPTION: Breakdown Cover, also known as breakdown policy or roadside assistance, is an essential service for UK motorists, providing peace of mind and support in the event of vehicle malfunctions. Key providers such as RAC Breakdown and AA Breakdown offer comprehensive packages that include roadside recovery, towing services, and emergency repairs. This category covers a range of services including Roadside Cover, which ensures help at the site of the breakdown, and more extensive coverage options that may include onward travel and home start services. Breakdown Coverage is crucial for drivers seeking to avoid the inconvenience and potential hazards of being stranded on UK roads. Related categories include car insurance and vehicle maintenance services, offering complementary protection and upkeep solutions. When searching for reliable breakdown services, consider factors such as response time, coverage area, and additional benefits to find the best fit for your needs. KEYWORDS: Breakdown Cover; breakdown policy; breakdown services; Roadside cover; Roadside Assistance; Breakdown; RAC Breakdown; AA Breakdown; Roadside recovery; Breakdown Coverage
Broadband	category	2856	TITLE: Broadband DESCRIPTION: Broadband in the UK offers high-speed internet access through various technologies such as fibre optic, ADSL, and VDSL, enabling seamless digital connectivity for homes and businesses. Key providers like BT, Virgin Media, Sky, and EE offer diverse packages that include broadband-only options, as well as bundled deals with TV and phone services. Fibre broadband, known for its fast speeds up to 1000MBit/s, is ideal for heavy users engaging in streaming services like Netflix or gaming platforms. UK consumers can benefit from competitive deals on superfast fibre connections through market comparisons on platforms like uSwitch and hotukdeals. Broadband packages vary by speed, download allowances, and additional features such as security tools and unlimited data. Options also include mobile broadband via 4G networks for portable devices using USB or MiFi dongles. Choosing the right package involves assessing usage needs and potential upgrades, ensuring optimal connectivity and cost-efficiency across the UK market. KEYWORDS: Broadband; hyperoptic; Youfibre
Budweiser	category	2915	TITLE: Budweiser DESCRIPTION: Budweiser, a renowned beer brand, is a staple in the UK beverage market known for its classic American lager style. This category includes Budweiser's flagship product, often simply referred to as "Bud," and its lighter variant, Bud Light. These beers are characterized by their smooth, crisp taste and are popular choices for social gatherings, barbecues, and sporting events. Budweiser is frequently associated with iconic branding and sponsorships in sports, particularly football. Complementary categories include snacks like crisps and nuts, as well as other alcoholic beverages such as lagers, ales, and ciders. In the British context, Budweiser competes with brands like Carling, Stella Artois, and Heineken. It's important to distinguish this category from craft beers or regional ales, which offer different flavour profiles and brewing techniques. Ideal search queries might include "buy Budweiser online," "Bud Light deals," or "best lager for parties." KEYWORDS: Budweiser; Bud Light
Call of Duty	category	3073	TITLE: Call of Duty DESCRIPTION: Call of Duty, a renowned first-person shooter franchise, offers immersive gameplay across historic, contemporary, and futuristic warfare settings. Originally developed for PC, it now spans multiple platforms including PlayStation, Xbox, and Nintendo Switch. Key titles such as Call of Duty: Black Ops 3, Call of Duty: WW2, and Call of Duty: Vanguard continue to captivate UK gamers with their intense multiplayer modes and gripping storylines. The series features popular subseries like Modern Warfare and Black Ops, known for their realistic graphics and strategic gameplay. Fans often seek deals on these games through platforms like HotUKDeals. Related categories include gaming accessories like headsets and controllers, enhancing the Call of Duty experience. For fans of tactical shooters and historical combat simulations, this category stands apart from other genres like fantasy RPGs or sports games. Explore the latest CoD releases and expansions to stay ahead in the battlefield. KEYWORDS: Call of Duty: Black Ops 3; Call of Duty: WW2; Call of Duty: Black Ops Cold War; Call of Duty Black Ops Cold War; Black Ops Cold War; Black Op Cold War; Call of Duty: Vanguard; Call of Duty: Infinite Warfare; Call of Duty; Black Ops; Modern Warfare; Infinite Warfare; Call of Duty: Black Ops
Camera	category	3106	TITLE: Camera DESCRIPTION: The Camera category encompasses a diverse range of devices tailored for capturing high-quality images and videos, catering to both amateur enthusiasts and professional photographers. Key types include DSLR cameras like Canon PowerShot and Panasonic Lumix, known for their interchangeable lenses and superior image sensors, and compact point-and-shoot models ideal for casual use. Bridge cameras offer powerful zoom capabilities, while mirrorless system cameras provide a balance of quality and portability. Essential features to consider are resolution, aperture size, lens quality, stabilisation, shutter speed, sensor size, and ISO ratings. Popular brands in the UK market include Sony (A7 series), Canon, Nikon, and Olympus. Complementary products such as tripods, memory cards, camera bags, filters, and cleaning kits enhance functionality. Cameras often integrate with digital devices like smartphones and laptops via Wi-Fi. This category is distinct from camcorders, which specialize in video recording. Explore related categories for accessories and find deals during events like Black Friday on platforms like Amazon and HotUKDeals. KEYWORDS: Panasonic Lumix; Lumix; Canon PowerShot; PowerShot; Waterproof Camera; DC-FZ82EB-K; panasonic camera; Wifi Camera; Wi Fi Camera; Wi-Fi Camera; Sony Camera; Sony Cameras; Sony A7; Sony A7II; Sony A7 II; Sony A7III; Sony A7 III; Sony A7R; Sony A7R III; Sony A7RIII
Car	category	3184	TITLE: Car DESCRIPTION: The "Car" category in the UK encompasses a diverse range of automotive needs and interests, including car leasing, driving lessons, and a selection of popular car models. Key brands and models such as Tesla, Toyota Corolla, Citroen C3, Nissan QASHQAI, Mazda 3, Mazda 2, Hyundai Tucson, MG Motor, KIA CEED, and Suzuki Vitara highlight the variety available within this category. Whether you're looking for a compact hatchback or a robust SUV, this category caters to both new and experienced drivers. Related categories include vehicle insurance, car maintenance services, and automotive accessories, providing comprehensive support for all aspects of car ownership and use. With options for both purchasing and leasing, users can explore flexible financial solutions tailored to their needs. This category distinctly focuses on the British market's preferences and terminology, ensuring relevance and accessibility for UK consumers seeking automotive solutions. KEYWORDS: Car; Driving Lesson; Car Leasing; car lease; Tesla; Hatchback; Toyota Corolla: Citroen C3; QASHQAI; Mazda 3; MAZDA 2; Tucson; MG Motor; KIA CEED; Suzuki Vitara
Car Accessories	category	3185	TITLE: Car Accessories DESCRIPTION: The "Car Accessories" category encompasses a diverse range of products essential for enhancing vehicle functionality, safety, and convenience in the UK market. Key items include CarPlan and Autoglym cleaning products, which are popular for maintaining vehicle aesthetics. Essential equipment such as foot pumps and track pumps ensure tyre maintenance, while tyre pressure gauges provide accurate readings for optimal performance. For safety and security, products like jump starters, tow ropes, and steering wheel locks, including Stoplock models, are indispensable. Interior enhancements feature car mats and car floor mats for protection, alongside various in-car chargers—such as car phone chargers and car mount chargers—to keep devices powered on the go. The category also covers car seats and car vents for comfort and air circulation. Related categories include automotive electronics and vehicle maintenance supplies. This comprehensive selection ensures compatibility with a wide array of vehicles, catering to both everyday drivers and car enthusiasts across the UK. KEYWORDS: CarPlan; Autoglym; Foot Pump; Track Pump; Car Mats; Car Mat; Car Floor Mats; Car Charger; In-Car Charger; Car Mount Charger; Car Phone Charger; Car Chargers; Car Accessories; Car Seat; car vent; Jump Starter; Tyre Pressure Gauge; Tow Rope; Steering Wheel Lock; Stoplock
Car Hire	category	3196	TITLE: Car Hire DESCRIPTION: The Car Hire category in the UK encompasses services for renting vehicles, including cars and vans, from leading providers such as Enterprise Car Club, Hertz, Europcar, Zipcar, and Avis. This category serves both short-term and long-term rental needs, catering to individuals and businesses alike. Key offerings include a variety of vehicles, from compact cars to luxury models and commercial vans, ensuring solutions for travel, moving, or business purposes. Related categories include Travel Accessories, GPS Navigation Systems, and Vehicle Insurance. Customers often search for terms like “hire car,” “car rental,” and “van hire” when looking for flexible transportation solutions. The Car Hire category is distinct from vehicle leasing or purchasing, focusing on temporary use with options for hourly, daily, or weekly rentals. It is crucial for users seeking convenient and cost-effective mobility options without the commitment of ownership. KEYWORDS: Car Hire; car rental; Van Hire; Enterprise Car Club; hertz; Europcar; zipcar; avis; hire car; car renting
Car Parts	category	3202	TITLE: Car Parts DESCRIPTION: The "Car Parts" category in the UK encompasses a wide range of essential components and accessories for vehicle maintenance and enhancement. Key items include car locks and van locks, featuring products like stoplocks and steering wheel locks for enhanced security. The category also covers an array of wiper blades, including windscreen wipers, windshield wipers, hybrid wipers, and standard wipers, crucial for maintaining clear visibility in varied weather conditions. Car audio enthusiasts will find an extensive selection of car stereos, speakers, and AV systems, including Car DAB and Car DAB+ for digital radio enthusiasts. This category is integral to vehicle functionality, with essentials like car batteries and headlamps ensuring optimal performance and safety. Related categories include automotive tools, tyre accessories, and vehicle cleaning supplies. By integrating these components, users can enhance both the security and comfort of their vehicles. This category is distinct from vehicle-specific parts such as engine components or body panels. KEYWORDS: Car Lock; Van Lock; car locks; stoplock; Steering Wheel Lock; Wiper Blades; windscreen wiper; Wiper Blade; Windshield Wipers; Wipers; Hybrid Wiper; Car Stereo; car audio; car speakers; Car AV; Car DAB+; Car DAB; Car Parts; Car Battery; Headlamp
Car Seat	category	3206	TITLE: Car Seat DESCRIPTION: The Car Seat category encompasses a wide range of child safety seats designed for vehicles, including popular models and brands such as Cybex Silver, Cybex Gold, Maxi Cosi, Britax, and Recaro. These car seats are essential for ensuring the safety and comfort of children during travel, adhering to British safety standards. Key types include Isofix-compatible seats for secure installation and Booster Seats like the KidFix, which cater to older children needing additional height. This category is closely related to other automotive safety products and accessories, such as seat protectors and travel systems. When searching for car seats, users often consider features like adjustable headrests, recline positions, and washable covers. It is distinct from categories like baby carriers or strollers but complements them in comprehensive child travel solutions. This category is vital for parents seeking reliable and safe transport options for their children. KEYWORDS: Car Seat; Cybex Silver; Cybex Gold; Maxi Cosi; Britax; Recaro; Isofix; child seat; Booster Seat; KidFix
Carling	category	3245	TITLE: Carling DESCRIPTION: Carling is a prominent beer brand in the UK, known for its refreshing lager and widespread popularity among British consumers. As a staple in pubs and supermarkets across the country, Carling is synonymous with social gatherings, sporting events, and casual drinking occasions. This category includes various product offerings such as Carling Original Lager, Carling Black Fruits Cider, and seasonal or limited-edition flavours. Key attributes include its crisp taste, moderate alcohol content, and affordability, making it a go-to choice for many. Related categories include other popular British lager brands like Foster's and Stella Artois, as well as cider options like Strongbow. Carling products are often paired with snacks like crisps or nuts, enhancing their appeal during football matches or barbecues. This category is distinct from craft beers or ales, focusing instead on mass-market appeal and consistent quality. KEYWORDS: Carling
Carpet Cleaner	category	3256	TITLE: Carpet Cleaner DESCRIPTION: The Carpet Cleaner category encompasses a range of high-performance devices designed for deep cleaning and maintenance of carpets and rugs. Key products include the Rug Doctor, Vax Spotwash, and Vax Platinum, which are renowned for their powerful suction and stain removal capabilities. These carpet washers effectively tackle dirt, spills, and pet stains, ensuring a refreshed look. The Tower Aquajet is another popular choice, offering versatile cleaning options. This category is essential for households with high foot traffic or pets, providing an efficient solution for maintaining hygiene. Related categories include vacuum cleaners, upholstery cleaners, and floor care accessories, which complement the carpet cleaning process. In the UK market, these products are often sought after during spring cleaning or before hosting events. This category is distinct from general vacuum cleaners as it focuses on wet cleaning technology specifically for textile surfaces. KEYWORDS: Carpet Cleaner; Rug Doctor; Vax Spotwash; Vax Platinum; Carpet Washer; Tower Aquajet
Cat Food	category	3323	TITLE: Cat Food DESCRIPTION: The "Cat Food" category caters to the dietary needs of felines across various life stages, featuring a range of wet and dry options from renowned brands such as Sheba, Felix, Whiskas, and Purina. This category encompasses kitten food, adult cat meals, and senior formulations, ensuring comprehensive nutrition tailored to age-specific requirements. Key products include cat biscuits, pouches, and gourmet selections like Gourmet Perle and Gourmet Mon Petit. Popular treats such as Dreamies and Republic of Cats offer irresistible flavours for rewarding or training purposes. Little Big Paw provides high-quality, grain-free options for health-conscious pet owners. Related categories include pet accessories like feeding bowls and cat litter for a complete care package. This category is distinct from dog food and small pet supplies, focusing solely on feline nutrition. British consumers will find familiar brands that cater to diverse dietary preferences, ensuring optimal health and satisfaction for their pets. KEYWORDS: Sheba; Felix; Cat Food; dreamies; Whiskas; Cat Biscuits; Gourmet Perle; Purina; Gourmet Mon Petit; Kitten Food; Cat Treats; Republic of Cats; Little Big Paw; Little BigPaw; Cat Treat; Cat Pouch
Celebrations	category	3382	TITLE: Celebrations DESCRIPTION: Explore the "Celebrations" category, a vibrant collection of products and ideas perfect for marking special occasions across the UK. This category encompasses a wide array of items such as party decorations, themed tableware, balloons, and gift wrap essentials, ideal for birthdays, anniversaries, weddings, and festive holidays. Discover popular British brands like Talking Tables and Ginger Ray, known for their high-quality party supplies. Key products include bunting, confetti, banners, and candles to enhance any gathering. Complementary categories include Gifts, Party Food & Drink, and Event Planning Services, offering seamless cross-category recommendations. Whether hosting a garden party or an intimate indoor celebration, find everything needed to create memorable experiences. This category is distinct from general home decor or seasonal items, focusing specifically on celebratory events and gatherings. Embrace British traditions with Union Jack-themed items or explore eco-friendly options for sustainable celebrations. Perfect for users searching for party supplies, event accessories, or festive decorations. KEYWORDS: Celebrations
Champagne	category	3432	TITLE: Champagne DESCRIPTION: Champagne, a quintessential symbol of luxury and celebration, hails from the renowned Champagne region in northeastern France. This sparkling wine, often synonymous with prestige, is crafted through meticulous traditional methods involving secondary fermentation in the bottle, resulting in its signature effervescence. Key producers like Dom Perignon, Bollinger, Taittinger, and Veuve Clicquot dominate the market with offerings ranging from Brut Nature to the sweeter Doux. In the UK, Champagne is a staple for weddings and festive occasions, with popular brands such as Pommery and Black Label Brut gracing many tables. Related categories include sparkling wines like Prosecco and Cava, which serve as more affordable alternatives. British consumers often seek deals on Champagne through retailers like Tesco, Sainsbury’s, and Majestic Wines. Essential accessories include Champagne flutes and buckets to maintain optimal serving conditions. Whether for a toast or a refined cocktail like a Mimosa, Champagne remains unrivalled in its ability to elevate any event. KEYWORDS: Champagne; Black Label Brut; Pommery; Bollinger; Brut Royal
Chocolate	category	3617	TITLE: Chocolate DESCRIPTION: The Chocolate category in the UK encompasses a vast array of products ranging from iconic chocolate bars to gourmet truffles, reflecting the nation's deep-rooted passion for this confectionery delight. Key brands such as Cadbury, Mars, and Nestle dominate the market with favourites like Dairy Milk, Snickers, and Maltesers, while luxury brands like Lindt and Hotel Chocolat offer premium options. This category includes diverse product types such as milk chocolate, dark chocolate, and white chocolate, each with distinct characteristics and health implications. Milk chocolate typically contains 25% cocoa solids, while dark chocolate boasts higher cocoa content, offering potential health benefits due to its antioxidants. Complementary products include chocolate cakes, brownies, and hot chocolate drinks from brands like Betty Crocker and Jaz and Juls. HotUKDeals provides significant savings on these products across major UK retailers like Tesco, Sainsbury’s, and Waitrose, especially during post-holiday sales. Explore related categories such as confectionery gifts or baking supplies for a holistic shopping experience. KEYWORDS: Maltesers; Thornton's; Thorntons; Milk Tray; Mars; Reese's; Reeses; Kinder; Snickers; Twix; Chocolate; Toberlone; Cadbury's; Cadburys; Cadbury; Ferrero; Malteser; Malteser's; chocolates; Milk Chocolate
Cinema	category	3680	TITLE: Cinema DESCRIPTION: The Cinema category in the UK encapsulates the vibrant world of film exhibition, offering a diverse array of experiences across major chains like Cineworld, Odeon, Vue, and Empire Cinemas, as well as independent venues. This category covers everything from blockbuster premieres and IMAX spectacles to arthouse screenings and family-friendly matinées. Key operators include Picturehouse, Curzon, and Everyman, each providing unique offerings such as membership schemes with discounted tickets and concessions. With approximately 750 cinemas nationwide, patrons can enjoy films rated by the BBFC, from "U" to "R18," ensuring content suitability. Cost-saving opportunities abound through student discounts, daytime tickets, and special promotions like Meerkat Movies. The category also highlights the evolution of cinema technology and architecture, from silent films to digital projections. For enthusiasts seeking affordable cinematic outings, hotukdeals aggregates deals across all major UK cinema brands, enabling access to the latest releases at reduced prices. KEYWORDS: PVR; Cinema; Cineworld; Odeon; Vue; SeeItFirst; Empire Cinemas; cinemas
Clearance	category	3742	TITLE: Clearance DESCRIPTION: The "Clearance" category in the UK market encompasses an extensive range of discounted products available through clearance sales, offering significant savings on a variety of items. This category includes various product types such as electronics, home appliances, fashion apparel, and more, often featuring limited-time offers and last-chance deals. Key terms like "Clearance Sale" and specific deals such as "49x8505 Clearance Deal" are crucial for users seeking reduced prices on high-demand items. The category is closely related to seasonal sales events, outlet shopping, and end-of-line stock reductions. It provides opportunities for cross-category recommendations with related categories such as "Discounts," "Special Offers," and "Outlet Deals." Distinct from regular promotions, clearance items are typically marked by final markdowns and may include discontinued lines or surplus inventory. British consumers can expect to find popular UK brands and exclusive deals tailored to regional preferences within this category. KEYWORDS: Clearance Sale; 49x8505 Clearance Deal; Clearance
Coffee	category	3854	TITLE: Coffee DESCRIPTION: The Coffee category in the UK is a vibrant and expansive market catering to diverse tastes and preferences, from espresso aficionados to casual instant coffee drinkers. This category encompasses a wide array of products including coffee beans (Arabica and Robusta), pods, and ground coffee from brands like Lavazza, Kenco, and Douwe Egberts. Coffee machines range from high-end espresso makers by De Longhi and Jura to convenient capsule systems like Nespresso and Tassimo. Coffee culture in Britain is enriched by cafes such as Caffe Nero, Costa Coffee, and Starbucks, offering everything from cappuccinos to flat whites. Complementary products include coffee grinders, French presses, Moka pots, and accessories like reusable cups and flavoured syrups from Monin. The category also touches on ethical considerations with Fair Trade and organic options. Related categories include tea, kitchen appliances, and gourmet foods, enabling cross-category recommendations. Whether you're seeking sustainable options or the latest coffee machine deals, this category provides comprehensive solutions for every coffee lover’s needs. KEYWORDS: Kenco; Espresso; Coffee; Coffee Pods; Coffee Beans; Lavazza; Caffe Nero; Costa; Starbucks; Douwe Egberts
Coca Cola	category	3861	TITLE: Coca Cola DESCRIPTION: Coca Cola is a leading carbonated soft drink brand known for its iconic taste and extensive product range, including Coke Classic, Diet Coke, and Coke Zero Sugar. Originating in 1886, Coca Cola has become a staple in the beverage industry, available in various flavours such as Cherry, Vanilla, and Exotic Mango. In the UK, Coca Cola products are widely accessible in supermarkets like Tesco, Asda, and Sainsbury's, with seasonal deals often found during events like Black Friday. The brand offers both sugar-free and caffeine-free options to cater to diverse consumer preferences. Coca Cola also serves as a mixer in cocktails and is considered vegan-friendly. Key competitors include Pepsi, yet Coca Cola maintains a distinct flavour profile with its blend of natural flavourings and caramel colour. Related categories include soft drinks, energy drinks, and mixers. Whether seeking classic refreshment or innovative flavours, Coca Cola remains a top choice for British consumers. KEYWORDS: Coca Cola; coke zero; diet coke; coke
Compost	category	3975	TITLE: Compost DESCRIPTION: Compost is an essential component for British gardeners, providing a nutrient-rich medium that enhances soil fertility and structure while promoting sustainable gardening practices. Key types include ericaceous compost for acid-loving plants like camellias and azaleas, peat-free options using coir and wood shavings, and loam-based blends such as John Innes No. 1, 2, and 3 for varied nutrient needs. Multi-purpose composts are versatile for pots and vegetable gardens, while organic composts ensure chemical-free growth with Soil Association certification. Complementary products include mulch for moisture retention and compost bins for DIY composting. Notable UK brands include Westland, Gro-Sure, and Verve, available at retailers like B&Q, Homebase, and Wickes. Compost aids in detoxifying urban soils, enhancing water retention, and supporting plant growth through natural nutrient release. Explore hotukdeals for affordable compost options, ensuring year-round garden vitality and supporting eco-friendly practices. Related categories include fertilisers and lawn care essentials like EverGreen. KEYWORDS: Compost; Lawn Food; EverGreen; Fertiliser; Composter; Levington
Games Consoles	category	4035	TITLE: Games Consoles DESCRIPTION: Explore the diverse world of games consoles in the UK, featuring top brands like Sony's PlayStation, Microsoft's Xbox, and Nintendo. This category includes cutting-edge models such as the PS4 Pro, Xbox One X, and family-friendly options like the Nintendo Switch. Dive into retro gaming with the PlayStation Classic and SEGA Mega Drive Mini, or enjoy portable gaming with the PS Vita and Nintendo 3DS series, including the 3DS XL and 2DS. For streaming enthusiasts, Google's Stadia offers a unique platform experience. Complementary categories include gaming accessories, video games, and virtual reality headsets. Whether upgrading to an Xbox One S or exploring new realms with a Nintendo 2DS, these consoles cater to all gaming preferences. Leverage HotUKDeals for exclusive discounts on popular consoles, ensuring you find the best deals in the British market. Distinct from PC gaming, this category focuses on dedicated console experiences for all ages. KEYWORDS: Playstation Classic; PlaystationClassic; PS Classic; SEGA Mega Drive Mini; SEGA Mega Drive Classic Mini; Xbox One S; XB1 S; Stadia; Xbox One; XB1; Xbox One X; XB1 X; XboxOne X; Nintendo 3DS; 3DS; Nintendo 2DS; 2DS; Nintendo 3DS XL; 3DS XL; Games Console
Arts and Crafts	category	4199	TITLE: Arts and Crafts DESCRIPTION: The Arts and Crafts category in the UK encompasses a diverse range of creative activities and materials, catering to hobbyists and professional artists alike. This category includes essential items such as contact adhesives, glue guns, and craft boxes, which are indispensable for various projects like papercraft and woodwork. Enthusiasts will find a wide selection of painting supplies, including oil paints and watercolour paints, ideal for both beginners and experienced painters. The category also features knitting and sewing kits, perfect for textile crafts, alongside weaving tools and modelling clay for sculptural work. Popular brands like CRICUT offer innovative solutions for crafting enthusiasts, while comprehensive art sets provide everything needed to start new projects. Related categories include hobbycraft supplies and DIY tools, with complementary products such as easels, canvases, and sketch pads. This category stands distinct from general office supplies by focusing on creative expression and artistic endeavours. KEYWORDS: Contact Adhesive; PaperCraft; Glue Gun; Oil Painting; Craft Box; Knitting; Drawing; Sewing; Painting; Woodwork; Weaving; Paper Craft; Watercolour Paint; Art Set; Hobbycraft; CRICUT; Modelling Clay
Crocs	category	4264	TITLE: Crocs DESCRIPTION: Crocs, a renowned footwear brand, offers versatile and comfortable shoes suitable for various occasions and environments. Known for their distinctive clogs, Crocs are crafted from lightweight, durable Croslite material, providing exceptional comfort and support. This category includes a wide range of styles such as classic clogs, sandals, slides, and flip-flops, catering to men, women, and children. Popular in the UK for casual wear and outdoor activities, Crocs are often sought after for their easy-to-clean design and water-friendly features. In addition to footwear, related categories include shoe care products like protective sprays and insoles. Complementary products might include socks designed for clogs or casual attire suitable for pairing with Crocs. Differentiating from other casual footwear, Crocs stand out due to their unique design and functional versatility. Explore options from collections like Crocband and LiteRide for enhanced style and comfort. KEYWORDS: Crocs
Cruises	category	4282	TITLE: Cruises DESCRIPTION: Explore the captivating world of cruises, a popular travel choice in the UK, offering unforgettable journeys across the seas. This category encompasses a variety of cruise experiences, including DFDS Newcastle to Amsterdam routes and minicruises by DFDS Seaways. Renowned operators like Iglu Cruise and SeaScanner provide diverse itineraries, catering to both short and extended voyages. The MSC Virtuosa, a highlight in this category, promises luxurious amenities and exceptional service. Ideal for holidaymakers seeking adventure or relaxation, cruises offer scenic views and onboard entertainment. Related categories include holiday packages, travel insurance, and shore excursions. Complementary products often include luggage, travel accessories, and cruise attire. Distinct from ferry services or river cruises, this category focuses on oceanic voyages with comprehensive onboard facilities. Whether you're booking through platforms like Sea Scanner or directly with operators like DFDS, this category ensures a seamless cruising experience tailored to British travellers' preferences. KEYWORDS: Dfds Newcastle Amsterdam Cruis; Dfds Seaways; DFDS; Cruise; Cruises; Minicruise; Mini-cruise; Iglu Cruise; SeaScanner; MSC Virtuosa; Sea Scanner; MSC
Days Out	category	4693	TITLE: Days Out DESCRIPTION: Explore the vibrant and diverse world of Days Out in the UK, where exciting adventures await families, couples, and groups. This category encompasses a wide range of attractions including zoos like Chester Zoo and London Zoo, theme parks such as Alton Towers and Legoland Windsor, and cultural landmarks like the British Museum and the National History Museum. Experience days from providers like Red Letter Days and Virgin Experience Days offer unique activities ranging from stadium tours to treetop adventures. Discover the UK's natural beauty in its National Parks, such as Snowdonia and the North York Moors. Take advantage of discounts with annual passes, Tesco Clubcard vouchers, and Merlin Passes for cost-effective visits. Seasonal events like Heritage Open Days and Open House London provide free access to exclusive venues. Whether you're planning a same-day trip or a weekend getaway, find top deals on hotukdeals for an unforgettable day out tailored to any budget and interest. KEYWORDS: Days Out; Day Out; same day return; same day trip
Dehumidifier	category	4804	TITLE: Dehumidifier DESCRIPTION: Dehumidifiers are essential appliances for maintaining optimal humidity levels in UK homes, especially as summers become warmer and more humid. This category includes a range of models from leading brands like Meaco and Ebac, known for their efficient moisture extraction capabilities. Key products such as the MeacoDry series and the innovative Aero 360 system cater to diverse needs, from compact units for small spaces to larger models suitable for entire homes. Dehumidifiers not only enhance comfort but also protect against mould, mildew, and dampness, making them ideal for basements, bathrooms, and even car interiors. Related categories include air purifiers and HVAC systems, which complement dehumidifiers in creating a healthier living environment. Popular search terms include "best dehumidifier deals UK," "portable dehumidifiers," and "energy-efficient dehumidifiers." This category distinguishes itself from humidifiers by focusing on moisture reduction rather than addition, ensuring a dry and comfortable atmosphere. KEYWORDS: Dehumidifier; Aero360; Aero 360; MeacoDry; Dehumidifiers
DeWalt	category	4920	TITLE: DeWalt DESCRIPTION: Category: DeWalt Tools and Equipment DeWalt, a renowned brand in the UK for professional-grade power tools and construction equipment, offers a comprehensive range of products designed for durability and performance. This category encompasses DeWalt's extensive lineup, including cordless drills, impact drivers, circular saws, angle grinders, and hammer drills, all equipped with advanced brushless motors and lithium-ion battery technology. Key product lines such as the XR series are highlighted for their efficiency and power. Accessories like drill bits, saw blades, and tool storage solutions complement the main offerings. DeWalt's products are ideal for tradespeople in construction, carpentry, and home improvement sectors. Related categories include Bosch and Makita tools, which offer similar high-performance options. Users searching for robust, reliable equipment for professional use will find DeWalt synonymous with quality and innovation in the power tools market. KEYWORDS: DeWalt
Dishwasher	category	5123	TITLE: Dishwasher DESCRIPTION: The Dishwasher category encompasses a wide range of appliances designed to efficiently clean and sanitise kitchenware, cutlery, and crockery. Key terms include integrated dishwashers, freestanding dishwashers, slimline models, and compact countertop units, catering to diverse kitchen layouts and space constraints. Popular brands in the UK market such as Bosch, Hotpoint, and Beko offer models with advanced features like energy efficiency ratings (A+++), noise reduction technology, adjustable racks, and eco-friendly wash cycles. Complementary products include dishwasher detergents, rinse aids, and water softeners. Related categories feature kitchen appliances like refrigerators, ovens, and microwaves. Considerations for buyers include capacity (measured in place settings), drying capabilities (such as heat or condensation drying), and smart connectivity options for remote operation. This category is distinct from washing machines or handwashing solutions, focusing solely on automated dish cleaning. Ideal for households seeking convenience and hygiene in their daily routine. KEYWORDS: Dishwasher; Dishwashers
DIY	category	5155	TITLE: DIY DESCRIPTION: The DIY category in the UK encompasses a broad range of home improvement and maintenance products, ideal for both novice and seasoned DIY enthusiasts. Key items include smoke alarms and heat alarms, such as the Nest Protect, which provide essential fire safety. Security solutions like padlocks are crucial for safeguarding property. For interior projects, wallpaper options abound, with tools like wallpaper steamers and strippers facilitating removal, while paste brushes aid in application. Flooring solutions include carpet, laminate, and floor tiles, offering diverse aesthetic and functional choices. This category is closely related to home security, interior design, and renovation categories, making it vital for cross-referencing with products like paint, tools, and home décor. The DIY sector supports a wide array of do-it-yourself projects, empowering consumers to enhance their living spaces independently while ensuring safety and style. KEYWORDS: Nest Protect; Smoke Alarm; Fire Alarm; Heat Alarm; Tile; Padlock; Padlocks; Wallpaper; wallpapers; Wallpapering; wallpaper steamer; wallpaper stripper; Paste Brush; Flooring; Carpet; Laminate; floor tiles; DIY; Do it Yourself; Do-it-Yourself
Drill	category	5341	TITLE: Drill DESCRIPTION: In the UK market, the "Drill" category encompasses a wide range of power tools essential for both professional builders and DIY enthusiasts. Key product types include cordless drills, corded drills, drill drivers, combi drills, SDS drills, and hammer drills, each designed for specific applications such as woodworking, metalworking, and masonry. Notable brands like Black & Decker, Bosch, Makita, and Hilti offer high-quality options with features such as variable speeds, torque settings, and different chuck sizes (0.25 to 0.5 inches) to accommodate various drill bits. Drill presses and stands provide alternatives for precision work. Accessories like cobalt or titanium-coated drill bits enhance functionality for materials ranging from wood to metal. Considerations such as voltage (4V-18V), motor type (brushed), and ergonomic design are crucial when selecting a drill. Related categories include power tool accessories and hand tools, while complementary products might involve screwdrivers and saws. This category is distinct from simple hand drills due to its focus on powered drilling solutions. KEYWORDS: Hammer Drill; Drill; Ground Point Set
Dulux	category	5429	TITLE: Dulux DESCRIPTION: Dulux, the UK's leading paint brand, offers a comprehensive range of high-quality paints and primers designed for both interior and exterior applications. Renowned for its innovation, Dulux provides solutions like Light and Space paints that enhance natural light, and specialty ranges such as Kitchen+ and Bathroom+ tailored to withstand specific environmental conditions. Popular colours like Polished Pebble, Egyptian Cotton, and Sapphire Salute cater to diverse aesthetic preferences. Dulux also supplies essential decorating accessories including brushes, rollers, and primers, ensuring a professional finish. With nearly 200 Decorator Centres across the UK, customers can access expert advice and bespoke colour mixing services. Complementary products include woodcare items and wallpapers, facilitating holistic home improvement projects. Available at major retailers like Homebase and Wickes, Dulux products are ideal for DIY enthusiasts and professional decorators alike. For cost-effective purchasing, explore hotukdeals for the latest discounts on Dulux paints and accessories. KEYWORDS: Dulux
Dyson	category	5589	TITLE: Dyson DESCRIPTION: Dyson, a renowned British brand, revolutionized the vacuum cleaner market with its innovative bagless cyclonic technology, offering models like the Dyson V6, V7, V8, and V10 cordless vacuums, each known for powerful suction and versatility. Dyson's product range extends beyond vacuums to include the Supersonic hair dryer, acclaimed for its heat sensor technology and fast drying capabilities, and the AirBlade hand dryers, favoured for energy efficiency and hygiene. The brand also offers air treatment solutions such as purifiers, fans, heaters, and humidifiers. In the UK market, Dyson is synonymous with quality and innovation, frequently featured in promotions at retailers like Argos, Currys, John Lewis, and Tesco. Related categories include home appliances and personal care electronics. Dyson's products are ideal for domestic use, professional cleaning services, and environments requiring advanced air purification. For those seeking premium performance and design in household technology, Dyson remains a top choice despite its higher price point. KEYWORDS: Dyson
Electric Toothbrush	category	5796	TITLE: Electric Toothbrush DESCRIPTION: Discover the advanced dental care offered by Electric Toothbrushes, a staple in modern British oral hygiene. This category encompasses an array of rechargeable toothbrushes featuring oscillating, rotary, and sonic technology for superior plaque removal and gum health compared to manual brushes. Key brands such as Oral-B, Philips Sonicare, and Colgate offer models with innovative features like pressure sensors, multiple brushing modes for sensitive teeth, and Bluetooth connectivity for app-based feedback. Ideal for daily use, these devices often include long-lasting battery life and ergonomic designs. Related categories include dental flossers, mouthwash, and toothpaste, providing a comprehensive oral care solution. Whether seeking basic models or premium options with UV sanitizers and travel cases, users can find competitive deals across UK retailers. Distinct from manual toothbrushes, electric variants are designed for enhanced cleaning efficiency and user convenience. Perfect for those prioritizing dental health through technology-driven solutions. KEYWORDS: Electric Toothbrush; Rechargeable Toothbrush
Electronics	category	5811	TITLE: Electronics DESCRIPTION: The Electronics category encompasses a wide array of gadgets and devices, including televisions, speakers, drones, smartphones, laptops, smart home devices, and power banks. This section is designed for tech enthusiasts and everyday users alike, offering unbeatable deals on top brands such as BenQ, Technika, Kaspersky, Gigaset, Doogee, Oukitel, Onkyo, QNAP, RAVPower, Nokia, Ricoh, and Pioneer. Whether you're seeking the latest innovations or essential tech staples, our curated collection ensures high-quality electronics at affordable prices. Explore related categories like Home Appliances and Computer Accessories for complementary products. Stay ahead with cutting-edge advancements without exceeding your budget by regularly checking our listings for the most up-to-date discounts. Our British market-focused selection guarantees you find the best value in electronics, enabling seamless integration of technology into your daily life. Distinct from niche tech categories, this broad selection caters to diverse needs with a focus on affordability and quality. KEYWORDS: BenQ; Technika; Kaspersky; Gigaset; Doogee; Oukitel; Onkyo; QNAP; RAVPower; Nokia; Ricoh; Pioneer; Electronics
Eurostar Ticket	category	6012	TITLE: Eurostar Ticket DESCRIPTION: The "Eurostar Ticket" category encompasses rail travel options between the United Kingdom and mainland Europe, primarily focusing on high-speed train services offered by Eurostar. This category includes tickets for routes connecting London with major European cities such as Paris, Brussels, and Amsterdam. Key terms associated with this category include "Eurostar train tickets," "cross-channel rail travel," and "high-speed European rail." Users searching for Eurostar tickets may also look for related terms like "international train travel," "Chunnel train," and "European city breaks." Complementary products include travel insurance, accommodation bookings, and local transport passes. Related categories might involve "European Rail Passes," "UK Train Tickets," and "Travel Accessories." In the British market, Eurostar is synonymous with convenience and efficiency in cross-border travel, distinguishing it from domestic train services and other forms of international transport such as flights or ferries. KEYWORDS: Eurostar
Eurotunnel	category	6014	TITLE: Eurotunnel DESCRIPTION: Category Description: The Eurotunnel, also known as Le Shuttle, is a vital transportation service connecting the United Kingdom and France via an undersea rail tunnel beneath the English Channel. This category encompasses all aspects of the Eurotunnel experience, including vehicle transport services, ticketing options, and travel packages. Key terms include cross-channel travel, car transport, and high-speed rail service. Related categories involve ferry services, Eurostar train journeys, and international travel insurance. Complementary products may include travel accessories, luggage solutions, and in-car entertainment systems. The Eurotunnel is distinct from air travel and traditional ferry services by offering a unique drive-on, drive-off convenience that appeals to motorists traveling between the UK and continental Europe. The British market particularly values the Eurotunnel for its efficiency, reliability, and ability to accommodate cars, coaches, and freight vehicles. This category is essential for users seeking seamless European travel solutions. KEYWORDS: Eurotunnel; Le Shuttle
Fans	category	6237	TITLE: Fans DESCRIPTION: The "Fans" category encompasses a diverse range of cooling solutions suitable for the British market, including tower fans, pedestal fans, desk fans, bladeless fans, and air purifier fans. Key brands such as Dyson, Meaco, Honeywell, and Blauberg offer innovative designs like the Dyson Pure Cool and Meaco 1056 Air Circulator, known for their efficiency and quiet operation. Essential features to consider include noise levels (measured in decibels), airflow capacity (CFM), energy consumption (wattage), and control options (remote or app-based). Tower fans like those from Honeywell are ideal for small spaces, while bladeless models offer sleek aesthetics and energy efficiency. Complementary categories include air conditioning units for larger spaces and portable handheld fans for personal use. Popular search terms include "Dyson Cool," "Air Circulator," and "MeacoFan." This category is distinct from industrial or computer fans, focusing instead on home and office cooling solutions. Explore the hotukdeals listings for competitive prices from UK retailers like John Lewis and Argos. KEYWORDS: Fan; Dyson Cool; Dyson Hot and Cold; Dyson AM05; Dyson AM06; Dyson AM07; Dyson Pure; Air Circulator; MeacoFan
Food	category	6607	TITLE: Food DESCRIPTION: The "Food" category in the UK encompasses a diverse range of products, including snacks, dairy, and ready-to-eat meals. Key brands such as Nakd and Oreo offer popular snack options, while yoghurt selections from Müller Corner, Müller Light, and Alpro cater to varied dietary preferences, including plant-based alternatives. Actimel provides probiotic drinks, enriching the category with health-focused choices. Burger varieties like hamburgers, cheeseburgers, and beefburgers are staples for quick meal solutions. Soups and broths feature prominently, with options from brands like Proteinz and John West offering nutritious and convenient meal components. Bonne Maman adds a touch of sweetness with its renowned preserves and desserts. This category is closely related to "Dairy Products," "Snacks," and "Convenience Meals," providing ample cross-selling opportunities. It caters to diverse consumer needs, from quick snacks to full meals, distinguishing itself from categories such as "Beverages" or "Confectionery." KEYWORDS: Nakd; Oreo; Yoghurt; Yogurt; Yoghurts; yogurts; muller corner; Actimel; Alpro; muller light; Burger; Hamburger; Cheeseburger; burgers; Beefburgers; Soup; Broth; Proteinz; Bonne Maman; John West
Furniture	category	7019	TITLE: Furniture DESCRIPTION: The "Cots" category is essential for UK parents seeking safe, comfortable sleeping solutions for babies and toddlers. This category encompasses a variety of cot types, including traditional cots, cot beds, and travel cots, each catering to different age groups and needs. Key features to consider include bar width for safety, adjustable mattress heights, and additional functionalities like changing pads and storage drawers. Popular brands such as Snüz, IKEA, Clair de Lune, and Chicco offer diverse options known for their quality and innovative designs. Cots are complemented by related products like mattresses, bedding sets themed with popular franchises like Star Wars and Marvel, and essential nursery furniture such as highchairs and toy boxes. The category also covers considerations for second-hand purchases, emphasizing safety standards like the BSI code and avoiding older painted cots due to potential lead content. Cross-category recommendations include children's room furniture like bunk beds and coat racks. For budget-conscious shoppers, hotukdeals provides access to discounted offers from retailers like Marks and Spencer, John Lewis, and Argos, particularly during sales events such as Black Friday. KEYWORDS: Toddler Bed; Kid's Room; Kids Room; Childrens Room; Children's Room; Childs room; Child's Room; cot; bunk bed; children's bed; kid's bed; kids bed; kids chair; childrens chair; highchair; toy box; Kids chairs; Crib; Cotbed; Coat Rack
Gaming Chair	category	7143	TITLE: Gaming Chair DESCRIPTION: The "Gaming Chair" category encompasses a diverse selection of ergonomically designed seating solutions tailored for avid gamers in the UK. This category features popular models like Playseat Trophy, Gaming Stool, and Gaming Seat, including premium options such as the Gaming Leather Chair. Renowned brands like X Rocker and Playseat Evolution offer chairs that support extended gaming sessions with features like lumbar support, adjustable armrests, and ActiFit technology for optimal comfort and posture alignment. These gaming chairs are perfect for use with consoles like PlayStation and Xbox, as well as PC gaming setups. Related categories include desks for gaming setups, audio accessories like headsets, and monitor stands. The category is distinct from office chairs due to its focus on immersive gaming experiences and ergonomic enhancements. Ideal for gamers seeking performance-enhancing seating, this category aligns with search queries related to comfort, durability, and gaming-specific features. KEYWORDS: Gaming Chair; Playseat Trophy; Gaming Stool; Gaming Seat; Playseat Challenge; Gaming Leather Chair; Gaming Chair; X Rocker; Playseat Evolution; Evolution - ActiFit
Garden	category	7155	TITLE: Garden DESCRIPTION: The "Garden" category in the UK encompasses a wide array of products and tools essential for creating and maintaining outdoor spaces. Key items include garden furniture such as tables, chairs, benches, loungers, hammocks, and bistro sets designed for comfort and style. Essential gardening tools like lawnmowers, hedge trimmers, strimmers, shears, and shovels are crucial for upkeep. Storage solutions such as sheds and cupboards provide organization and protection for equipment. Decorative elements like parasols, gazebos, chimineas, and fire pits enhance the garden's ambiance. For plant enthusiasts, options range from vibrant flowers to practical herbs and vegetables, with accessories like plant pots and raised beds facilitating growth. The British market offers these through garden centres, supermarkets, and online platforms like B&Q and Amazon. Related categories include outdoor lighting, solar lights, and garden decor. This category is distinct from indoor gardening by its focus on outdoor spaces and seasonal planting considerations. KEYWORDS: Garden; Garden Furniture; Hammock; Parasol; Gazebo; Greenhouse; Shed; Chiminea; Fire Pit; Climbing Frame; Lounger; Bistro Set; Plant; Flowers; Gardening; Lawnmower; Hedge Trimmer; Strimmer; Shears; Shovel
Garden Furniture	category	7158	TITLE: Garden Furniture DESCRIPTION: Garden Furniture in the UK encompasses a diverse range of outdoor furnishings designed to enhance patios, gardens, and lawns for social gatherings, relaxation, and dining. Key products include benches crafted from durable woods like teak or oak, stackable plastic chairs, rattan sofas, and cast aluminium tables. Popular categories also feature hammocks, swing seats, parasols with varying spans, and versatile gazebos ideal for barbecues. Complementary items such as fire pits, chimineas, and soft furnishings like cushions and covers add comfort and style. Renowned retailers like Ikea, Argos, B&Q, and John Lewis offer extensive collections that cater to different tastes and budgets. Buyers should consider materials for durability against British weather, with wood, metal, plastic, and rattan being common choices. Seasonal sales and promotions provide opportunities for cost-effective purchases. Related categories include garden sheds, greenhouses, and play equipment like climbing frames. This category is distinguished by its focus on outdoor living solutions tailored to the UK climate and lifestyle preferences. KEYWORDS: Lounger; Loungers; Sunlounger; Fire Pit; Fire Bowl; Firebowl; firepit; Log Burner; Climbing Frame; Jungle Gym; Dome Climber; Climbing Triangle; Climbing Dome; Garden Furniture; Hammock; Parasol; Gazebo; Greenhouse; Shed; Chiminea
Garmin	category	7171	TITLE: Garmin DESCRIPTION: The Garmin category encompasses a wide range of GPS navigation and wearable technology products, renowned for their precision and innovation. This includes GPS systems for automotive, marine, and aviation use, as well as fitness trackers and smartwatches like the Garmin Fenix, Forerunner, and Vivoactive series. Known for features such as heart rate monitoring, advanced mapping capabilities, and activity tracking, Garmin devices cater to athletes, outdoor enthusiasts, and tech-savvy individuals. Popular in the UK market, these products often integrate with apps like Garmin Connect for enhanced user experience. Related categories include fitness equipment, outdoor gear, cycling accessories, and wearable tech. Complementary products might involve Bluetooth headsets or smartphone mounts. Distinct from generic smartwatches or basic GPS units, Garmin's offerings are distinguished by their robust build quality and specialised functionality. This category is ideal for users seeking reliability and performance in navigation and fitness technology solutions. KEYWORDS: Garmin
Gin	category	7337	TITLE: Gin DESCRIPTION: Gin, a quintessential British spirit celebrated for its versatility and rich history, is crafted through the distillation of grain mash with juniper berries and botanicals, resulting in a diverse array of flavours. Key gin varieties include London Dry, known for its juniper-forward profile and citrus notes, and Plymouth, which offers a sweeter, earthy taste. Popular brands like Gordon's, Bombay Sapphire, Tanqueray, Beefeater, and Hendrick's dominate the UK market. Gin's adaptability makes it a staple in cocktails such as Negronis, Martinis, and Gin & Tonics. The ongoing gin renaissance has seen a surge in craft gin production, introducing innovative New Wave gins with unique botanical blends. Related categories include tonic waters and cocktail accessories. Gin is distinct from other spirits through its botanical infusion process. For UK consumers seeking deals on premium and budget-friendly options, retailers like Tesco, Sainsbury's, and John Lewis offer extensive selections. Cross-category recommendations might include mixers like Fever Tree and cocktail sets. KEYWORDS: Bombay Sapphire; Tanqueray; Gin; Hendrick's; Hendricks; Gordon's; Gordons; Monkey 47; Beefeater London Dry Gin; Beefeater 24 London Dry Gin; Gins; Craft Gin
Golf	category	7439	TITLE: Golf DESCRIPTION: The Golf category encompasses a wide range of equipment essential for both amateur and professional players, including golf balls, clubs, and specialised gear. Key products include golf clubs such as putters, drivers, and irons sets like the P790, renowned for precision and performance. Notable brands like Callaway offer high-quality options for every golfer's needs. Accessories like golf stand bags and traditional golf bags are crucial for transporting equipment across the course. Related categories include sportswear, where moisture-wicking polo shirts and golf shoes enhance comfort during play. Additionally, training aids and GPS devices improve game strategy and accuracy. This category serves those interested in purchasing or upgrading their golf equipment, ensuring optimal performance on British courses. It is distinct from other sports categories by its focus on specialised golfing gear and accessories tailored for the unique demands of the sport. KEYWORDS: Golf Balls; Golf Clubs; Putter; Golf Driver; Lab Putters; Golf Stand Bag; Golf Bag; Golf; irons set; P790; Callaway
Graphics Card	category	7539	TITLE: Graphics Card DESCRIPTION: The Graphics Card category encompasses a wide array of high-performance GPUs essential for gaming, home theatres, and professional multi-monitor setups. This category features industry-leading brands and models such as GTX 1060, GTX 1070, GTX 1080, GTX 1080 Ti, RTX 2070, RTX 2080, RTX 2080 Ti, RX 580, RX 570, and Vega 64. These graphics cards are designed to deliver superior image quality and smooth performance, crucial for immersive gaming experiences and demanding graphic design tasks. The category also includes External GPUs (EGPUs) for enhanced portability and performance boosts on laptops. Closely related categories include Computer Components, Monitors, and Gaming Accessories. Users looking for upgrades or replacements will find suitable options here. British consumers can explore deals on hotukdeals for competitive pricing. Distinct from integrated graphics, these dedicated units provide unmatched processing power for rendering and video editing tasks. KEYWORDS: Graphics Card; Graphics Cards; Graphic Cards; Graphic Card; GTX 1060; GTX 1070; GTX 1080; GTX 1080 Ti; RTX 2070; RTX 2080; RTX 2080 Ti; RX 580; RX 570; Vega 64; External GPU; EGPU
BBQs and Grills	category	7585	TITLE: BBQs and Grills DESCRIPTION: The "BBQs and Grills" category encompasses a diverse array of outdoor cooking solutions, ideal for the British market. This category includes gas grills, charcoal BBQs, smokers, and pizza ovens from renowned brands like Weber, Landmann, Napoleon, and George Foreman. Key product types include portable and foldable BBQs, kettle BBQs, and masonry ovens. Users can select from gas-fueled models with multiple burners for quick heating or traditional charcoal BBQs for rich, smoky flavours using lumpwood or briquettes. Accessories such as hoods, warming racks, propane canisters, and specialised utensils enhance the grilling experience. Complementary categories include barbecue tools and fuel options like lumpwood and briquettes. Seasonal sales events such as Black Friday offer opportunities for cost savings on premium outdoor grills. Whether hosting a garden party or preparing a quiet family meal, this category provides comprehensive options for all outdoor cooking needs in the UK. KEYWORDS: George Foreman; Landmann; Grill; bbq; Barbecue; Barbeque; outdoor grill; tepro; bbq fuel; lumpwood; briquettes; BBQ pizza oven; kettle BBQ; foldable bbq; portable bbq; chimenea; Chinenea; Weber; Barbecue Tools; pizza oven
Guinness	category	7650	TITLE: Guinness DESCRIPTION: Guinness, a renowned Irish stout, is celebrated for its rich, dark appearance and creamy head, primarily recognized as Guinness Draught. This category encompasses various formats including cans, bottles, and kegs, catering to both home consumption and pub settings across the UK. Known for its distinctive roasted barley flavour and smooth texture, Guinness is a staple in British pubs and supermarkets. Key attributes include its nitrogen-infused pour, which contributes to its signature velvety finish. Related categories include other stouts and ales, as well as complementary products like bar snacks and glassware designed for stout. Guinness can be paired with hearty meals such as stews or enjoyed on its own. Brands synonymous with quality stout often juxtapose Guinness in consumer searches. While similar to other stouts, Guinness stands out for its historic brewing heritage and iconic taste profile. KEYWORDS: Guinness; Guinness Draught
Hammock	category	7780	TITLE: Hammock DESCRIPTION: The Hammock category encompasses a variety of suspended sleeping and lounging solutions, ideal for outdoor relaxation in gardens, patios, and camping sites across the UK. This category includes classic rope hammocks, fabric hammocks, and portable camping hammocks, catering to diverse preferences for comfort and convenience. Popular brands such as Vivere, Amazonas, and Fatboy offer durable and weather-resistant options, often featuring cotton or polyester materials with wooden or metal spreader bars. Users searching for garden furniture or outdoor leisure items will find hammocks complementing categories like garden chairs, sun loungers, and outdoor cushions. Accessories such as hammock stands, straps, and covers enhance usability and longevity. When considering similar products, this category is distinct from swing chairs or hanging egg chairs, which provide different support structures. The Hammock category also aligns with eco-friendly living trends, emphasizing sustainable materials and designs suitable for the British climate. KEYWORDS: Hammock
Headphones	category	7946	TITLE: Headphones DESCRIPTION: The "Headphones" category in the UK market encompasses a diverse range of audio devices, catering to audiophiles and casual listeners alike. Key brands include BeoPlay and JBL, offering models such as BeoPlay H9i, E8, H8i, and JBL Reflect Flow, Tune, and Synchros. These headphones vary in style, from over-ear and on-ear to in-ear designs, each engineered for superior sound quality and comfort. Features like noise cancellation, Bluetooth connectivity, and ergonomic fit are prevalent across models. This category is closely related to accessories like headphone cases and wireless adapters, as well as complementary products such as smartphones and portable music players. Users often search for specific functionalities like sweat resistance or voice assistant integration. The British market also favours terms like "earphones" for some in-ear variants. Distinct from earbuds or headsets, this category focuses on delivering immersive audio experiences across various listening environments. KEYWORDS: BeoPlay Headphones; BeoPlay H9i; BeoPlay E8; BeoPlay H8i; BeoPlay E6; BeoPlay H5; BeoPlay H4; BeoPlay E4; BeoPlay H3; BeoPlay H8; BeoPlay H6; BeoPlay H7; B&O H7; BeoPlay Form; BeoPlay H2; JBL Headphones; JBL Reflect Flow; JBL Tune; JBL Synchros; JBL Under Armour
Package Holidays	category	8146	TITLE: Package Holidays DESCRIPTION: Package holidays in the UK offer a convenient and cost-effective way to enjoy stress-free travel to popular destinations. These all-inclusive trips bundle together flights, accommodation, meals, and often car hire and excursions, making them ideal for families, couples, and groups seeking hassle-free getaways. Major providers like Jet2Holidays, TUI, and Holiday Hypermarket offer tailored packages to destinations such as Majorca, Tenerife, Dubai, and Greece. Whether opting for full-board or half-board options, travellers can enjoy significant savings compared to booking each component separately. Package holidays cater to various preferences, from beach resorts in Spain and Portugal's Algarve to city breaks in New York and Las Vegas. With ATOL protection ensuring financial security, these holidays are perfect for those wanting to relax without the complexities of independent travel planning. Related categories include flights, hotels, car hire, and last-minute deals. Embrace the ease of package tours for your next adventure. KEYWORDS: Package Holiday; Package Holidays; Package Tour; Package Tours; Package Vacation; Package Vacations; Full Board; Half Board; Full-board; Half-board; Jet2Holidays; TUI; HolidayHypermarket; Holiday Hypermarket; First Choice
Hotel	category	8262	TITLE: Hotel DESCRIPTION: The "Hotel" category encompasses a diverse range of accommodation options across the UK, from luxury hotels like The Savoy and The Ritz to budget-friendly chains such as Travelodge and Premier Inn. This category includes city centre business hotels, coastal resort hotels, boutique hotels, hostels, motels, and spa retreats. Key booking platforms include Booking.com, Hotels.com, Trivago, and Lastminute.com, offering a wide selection of rooms with various amenities such as room service, swimming pools, and free Wi-Fi. Related categories include Airbnb alternatives for more personalised stays. Users can leverage loyalty programmes from brands like Hilton or Marriott for exclusive discounts. Essential considerations when booking include location convenience, hidden charges, and guest reviews. This category is integral for travellers seeking both short-term and extended stays, providing options for every budget and preference. Whether planning a weekend getaway or a business trip, this category offers comprehensive solutions tailored to individual travel needs. KEYWORDS: Hilton; Travelodge; Holiday Inn; Hotel; hotels; Jurys Inn; ibis; Premier Inn
Insurance	category	8647	TITLE: Insurance DESCRIPTION: The Insurance category encompasses a wide array of protective financial products tailored for diverse needs within the UK market. Key offerings include Travel Insurance, safeguarding against unforeseen events during trips; Life Insurance, providing financial security to beneficiaries in case of the policyholder's death; and Contents Insurance, covering personal belongings within a home against theft or damage. This category is integral for risk management and financial planning, appealing to individuals seeking peace of mind and financial protection. Related categories include Health Insurance, Home Insurance, and Car Insurance, each addressing specific aspects of personal and property protection. Popular British insurers such as Aviva, Direct Line, and AXA are prominent within this sector. Users frequently search for terms like "best travel insurance UK," "life cover options," and "home contents coverage." This category is distinct from investment products, focusing solely on risk mitigation rather than wealth accumulation. KEYWORDS: Insurance; Travel Insurance; Life Insurance; Contents Insurance
iPhone	category	8704	TITLE: iPhone DESCRIPTION: The iPhone category encompasses a wide range of Apple smartphones, including models such as the iPhone 5s, iPhone 6, iPhone 6 Plus, iPhone 6S, iPhone 6S Plus, iPhone 7, iPhone 8, iPhone 8 Plus, and advanced iterations like the iPhone X, Xs, Xs Max, Xr, and the more recent iPhone 11 Pro, 11 Pro Max, iPhone 12 mini, and iPhone 12 Pro. The category also includes the latest iPhone SE models, such as the 2022 edition featuring the Apple A15 Bionic chip. These devices are renowned for their seamless integration with Apple's ecosystem, offering features like Face ID, Retina Display, and cutting-edge camera systems. Related categories include smartphone accessories like cases and chargers. Ideal for users seeking premium mobile technology with superior performance and design. This category is distinct from Android smartphones and caters to customers prioritizing Apple's unique operating system and hardware compatibility within the UK market. KEYWORDS: iPhone 6; iPhone 8 Plus; iPhone 5s; iPhone 6 Plus; iPhone X; iPhone Xs Max; iPhone 7; iPhone 6S; iPhone 6S Plus; iPhone Xr; iPhone 8; iPhone Xs; iPhone 11 Pro Max; iPhone 11 Pro; iPhone 12 mini; iPhone 12 Pro; iphone se 2022; iphone se a15; iphone se apple a15; 2022 iphone se
Iron	category	8752	TITLE: Iron DESCRIPTION: The "Iron" category encompasses a diverse range of clothes irons essential for maintaining wrinkle-free garments, including steam irons, steam generators, and dry irons. Key brands such as Philips, Tefal, Bosch, Siemens, and Braun dominate the UK market with models like Philips GC, Tefal GV, and Bosch TD. Buyers can choose from standard steam irons with integrated water tanks for continuous steam output or opt for steam generating models offering higher steam pressure for tougher fabrics. Dry irons, while lacking steam functionality, provide affordability and ease of use. Features to consider include cord length, weight, steam output (45-60g/min), power (2,400-3,000W), tank capacity (250-350ml), sole plate material (stainless steel or ceramic), heating time, and smart functionality. Complementary products include ironing boards with adjustable height and non-stick covers. Popular UK retailers like Argos, Tesco, AO.com, Amazon, and John Lewis offer competitive deals. Timely purchases during sales events like Amazon Prime Day or Black Friday can yield significant savings. KEYWORDS: Iron; Philips GC; Tefal GV; Bosch TD; Siemens TSI; Braun TS; Tefal SV; Philips PerfectCare; Tefal Ultragliss; Tefal FV; Siemens TB
Jack Daniel's	category	8822	TITLE: Jack Daniel's DESCRIPTION: Jack Daniel’s Tennessee Whiskey is a quintessential American spirit renowned for its smooth, smoky flavour profile, rooted in the heritage of Lynchburg, Tennessee. This category encompasses a range of Jack Daniel's products including the iconic Old No. 7, Gentleman Jack, and Single Barrel varieties, each offering distinct tasting notes from sweet vanilla to robust spice. Known as a Tennessee Whiskey rather than a Bourbon due to its unique charcoal mellowing process, Jack Daniel’s distinguishes itself with its signature square bottle design. Popular in the UK both neat and as a mixer with Coca-Cola, it also features in classic cocktails like Old Fashioneds. Complementary products include Jack Daniel's merchandise such as apparel and barware. For British consumers seeking alternatives or comparisons, notable American whiskeys include Jim Beam and Evan Williams. Explore competitive pricing via HotUKDeals and online platforms like Amazon for seasonal promotions and gift sets tailored for occasions like Christmas and Father's Day. KEYWORDS: Jack Daniel's
Kettle	category	9172	TITLE: Kettle DESCRIPTION: The Kettle category encompasses a quintessential British kitchen appliance, integral to the daily ritual of tea-making. This category includes electric kettles, stovetop kettles, and travel kettles from renowned brands such as Russell Hobbs, Delonghi, and Smeg. Users frequently search for features like rapid boil technology, energy efficiency, variable temperature control, and cordless designs. Popular models include stainless steel, glass, and plastic variants. Kettles often complement related categories like toasters and coffee machines, enhancing breakfast setups. Retailers like Argos, Tesco, and Currys offer competitive prices and deals on these products. In the UK market, kettles are indispensable for preparing hot beverages and instant meals. Distinct from coffee makers or teapots, kettles are designed for boiling water quickly and efficiently. Explore our selection to find the perfect kettle that suits your kitchen style and functional needs. KEYWORDS: Kettle; Kettles
Lamb	category	9415	TITLE: Lamb DESCRIPTION: Lamb, a staple in British cuisine, offers a versatile selection of cuts and flavours. Known for its tenderness and mild taste, lamb is sourced from sheep under one year old, distinguishing it from the gamier mutton and hogget. Popular cuts include shoulder, ideal for slow-cooked stews; chops, perfect for barbecues; loin chops for grilling; and leg, a Sunday roast favourite. Lamb mince suits shepherd's pie and kofte kebabs. Cooking methods vary from roasting with rosemary to pan-frying and braising. Globally cherished, lamb features in dishes like Welsh hotpots, Indian Rogan Josh, and Greek moussaka. Key producers include the UK, New Zealand, and Australia. For budget-conscious shoppers, UK supermarkets like Tesco and Sainsbury's frequently offer deals on lamb cuts. Related categories include beef, poultry, and barbecue essentials. Whether for Easter feasts or everyday meals, lamb remains a premium yet accessible choice in British households. KEYWORDS: Lamb
Laptop	category	9442	TITLE: Laptop DESCRIPTION: The "Laptop" category encompasses a wide range of portable computing devices essential for students, professionals, and everyday users. Key product types include traditional laptops, notebooks, and convertibles, with popular models such as the MacBook, Acer Aspire, HP Spectre, Lenovo Yoga, and Dell Inspiron. This category features renowned brands like Apple, Dell, HP, Lenovo, Acer, and Xiaomi, offering options from budget-friendly to high-performance machines. Users search for specific models like MacBooks and ThinkPads or versatile devices like the Microsoft Surface. Related categories include tablets for those seeking ultra-portability and desktop PCs for more stationary setups. Complementary products such as laptop bags, docking stations, and wireless mice enhance user experience. In the UK market, terms like "notebook" and "convertible" are commonly used alongside brand-specific names. This category is distinct from tablets and desktops by its balance of portability and functionality. KEYWORDS: Toshiba Laptop; Notebook; Laptops; Notebooks; MacBook; Macbooks; Mac Book; Mac Books; Convertible; Convertibles; Surface; Acer Aspire; Acer Swift; Acer Travelmate; HP Probook; HP Spectre; Lenovo Yoga; IdeaPad; ThinkPad; Xiaomi Air
Lawnmower	category	9521	TITLE: Lawnmower DESCRIPTION: The "Lawnmower" category encompasses a diverse range of mowing solutions tailored for British gardens, from traditional cylinder and rotary mowers to advanced robotic models. Key types include electric, petrol, cordless, and battery-powered mowers, with leading brands like Flymo, Bosch Rotak, and Black & Decker offering robust options. Rotary mowers, ideal for tackling thick grass, contrast with precision-focused cylinder mowers. For expansive lawns or sports pitches, petrol mowers provide power and durability, while electric variants suit smaller gardens with easy plug-and-play functionality. Robotic lawnmowers like the Robolawn offer autonomous mowing for tech-savvy users. Complementary accessories include spare blades, clippings containers, and mulching attachments. Related categories feature trimmers and garden vacuums for comprehensive lawn maintenance. Considerations when choosing a mower involve power (measured in watts or CCs), manoeuvrability, blade type, and storage needs. Major UK retailers such as Argos and B&Q frequently offer deals on these essential gardening tools, especially during seasonal sales events like Black Friday. KEYWORDS: Bosch Rotak; Robotic Lawnmower; robo lawnmower; robomower; Lawnmower; lawn mower; Mower; Flymo Chevron
Lego	category	9646	TITLE: Lego DESCRIPTION: Lego, a renowned brand in the UK, offers an expansive range of building sets that captivate both children and adults. Known for its creativity and educational value, Lego fosters problem-solving skills and fine motor development. Popular themes include Harry Potter, Star Wars, Minecraft, and NINJAGO, with special sets like the LEGO Technic™ Deep-Sea Research Submarine and LEGO Harry Potter Hogwarts Castle: Duelling Club. Lego Mindstorms and Creator 3-in-1 sets cater to tech enthusiasts and imaginative builders. Available from major UK retailers such as Amazon, Argos, Smyths Toys, Tesco, Asda, and Sainsbury’s, these sets are often discounted during sales events like Black Friday and Cyber Monday. Hotukdeals is a key platform for finding deals, offering community-shared discount codes and vouchers. Whether you're a collector or looking for a gift, Lego's durable sets promise long-term enjoyment and potential investment returns. KEYWORDS: Lego Simpsons; 71006; 71009; 71016; 71005; Lego Mindstorms; Lego Mindstorm; 31313; 45501; 45506; 45505; 45508; 45509; 45504; 45502; 45500; 45517; 45503; 45507; 45514
Lego Star Wars	category	9652	TITLE: Lego Star Wars DESCRIPTION: Lego Star Wars is a prominent theme blending the creativity of Lego with the epic universe of Star Wars, appealing to collectors and fans across all ages in the UK. Originating in 1999, this category encompasses a wide range of sets, from iconic starships like the Millennium Falcon and X-Wing to detailed scenes such as the Death Star and Mos Eisley Cantina. Popular set numbers like 75192, 75159, and 75252 highlight its diverse offerings. Lego Star Wars spans every era of the saga, including The Mandalorian and The Rise of Skywalker, allowing enthusiasts to build, play, and invest. Related categories include Lego Technic and Lego Architecture, while complementary products feature Star Wars action figures and video games. Hotukdeals provides a platform for finding discounts and deals on these often premium-priced sets, ensuring fans can expand their collections affordably. This category stands distinct from other Lego themes by its unique blend of storytelling and construction. KEYWORDS: Lego Star Wars; 75192; 75159; 75243; 75181; 75253; 75244; 75259; 75220; 75218; 75212; 75211; 75261; 75230; 75189; 10221; 75252; 75105; 75144; 75190
Lindt	category	9797	TITLE: Lindt DESCRIPTION: Lindt, a prestigious Swiss chocolatier, is renowned for producing some of the finest and smoothest chocolates globally. Established in the 1830s, Lindt & Sprüngli AG has become synonymous with luxury confectionery, offering an extensive range of premium products from their iconic foil-wrapped gold bunnies to the exquisite Lindor truffles. Their product lines, including Excellence, HELLO, Creation, and the Master Chocolatier Collection, showcase a diverse array of flavours such as caramel, raspberry, and sea salt. Lindt's chocolates are crafted using unique techniques like conching and a proprietary roasting process to enhance the cacao's rich taste. Available in major UK supermarkets like Tesco and Sainsbury's, as well as Lindt Chocolate Shops and online at lindt.co.uk, these chocolates make perfect gifts for Easter, Christmas, Valentine's Day, and other occasions. Lindt's offerings are complemented by related Swiss brands like Cailler and Toblerone, ensuring a comprehensive selection for chocolate enthusiasts. KEYWORDS: Lindt
MacBook	category	10084	TITLE: MacBook DESCRIPTION: The MacBook category encompasses Apple's premium line of laptops, including the MacBook Air, MacBook Pro, and the standard MacBook. Renowned for their sleek aluminium unibody design, these devices offer a blend of portability and performance. Key features include high-resolution Retina displays, efficient Intel Core processors (ranging from i5 to i7), and SSD storage options up to 512GB. The MacBook Air is celebrated for its lightweight build and long battery life, while the MacBook Pro stands out with superior graphics and processing power, making it ideal for creative professionals. Running on macOS, MacBooks provide seamless integration with other Apple devices and pre-installed software like Safari and iMovie. In the British market, popular retailers such as Apple, Amazon UK, and Laptops Direct frequently offer deals on these models. Related categories include Ultrabooks and Chromebooks, with MacBooks positioned as a premium choice for those valuing design and ecosystem synergy. KEYWORDS: Mac Book; Macbook Pro; Macbooks; Mac Books; MacBook
Makeup	category	10164	TITLE: Makeup DESCRIPTION: The "Makeup" category encompasses a diverse array of cosmetic products designed to enhance, transform, and express personal beauty. Key items include primers, foundations, concealers, powders, eyeliners, eyeshadows, mascaras, blushes, lipsticks, and bronzers. Popular brands in the UK market such as Real Techniques, Benefit Cosmetics, NYX, Max Factor, bareMinerals, and Urban Decay offer a variety of cruelty-free options. Makeup serves multiple purposes from daily wear to special occasions, offering products tailored for different skin tones and types. Complementary accessories like makeup sponges, brushes, mirrors, and bags are essential for application and storage. Related categories include skincare and beauty tools. Cross-category recommendations might feature deals from retailers like Boots, Superdrug, and department stores such as John Lewis and Debenhams. Seasonal sales events like Black Friday and Christmas provide opportunities for discounts on high-end brands like Chanel and Dior as well as affordable options from Rimmel and Barry M. KEYWORDS: Mascara; Real Techniques; Benefit Cosmetics; NYX; Max Factor; Maxfactor; bareMinerals; Bare Minerals; Urban Decay; Cruelty Free Makeup; Cruelty Free beauty; Lipstick; Lip Ink; Lip Liner; Lip Treatment; Plush Lips; Lipcolour; Make Up; Makeup; Make-up
Makita	category	10175	TITLE: Makita DESCRIPTION: Makita is a renowned Japanese brand, established in 1915, specializing in high-quality professional power tools. Recognized for pioneering innovations like the first rechargeable handheld power drill, Makita's extensive product range includes cordless and corded drills, impact drivers, saws, and multi-tools. Popular models include the 8391D Combi Drill and DHP456 Lithium Ion Combi Drill. Their tools are equipped with advanced lithium-ion batteries, offering lightweight and efficient performance. Makita's offerings cater to both trade professionals and DIY enthusiasts across the UK, with products like circular saws, jigsaws, and reciprocating saws available at major retailers such as B&Q, Screwfix, and Travis Perkins. Complementary accessories include sanding discs and drill bits. Makita competes with brands like Bosch and Dewalt but stands out for its reliability and comprehensive toolkits. For deals on Makita products, check HotUKDeals listings during sales events like Black Friday for significant savings. KEYWORDS: Makita
Massage	category	10286	TITLE: Massage DESCRIPTION: The Massage category encompasses a diverse range of therapeutic and relaxation techniques, including Shiatsu, Balinese, Thai, Lomi Lomi, Ayurvedic, Watsu, and Hot Stone massages. These treatments are designed to alleviate stress, improve circulation, and enhance overall well-being. Popular in the UK market, massage options such as the Turul and Four Hand massages offer unique experiences for different preferences. Related products include electric massagers and massage oils that complement these treatments. This category is closely associated with wellness and spa services, making it relevant for users searching for relaxation therapies or holistic health solutions. It also intersects with categories like aromatherapy and physiotherapy equipment. Emphasizing regional preferences, British consumers often seek out both traditional and innovative massage techniques. This category should not be confused with fitness equipment or general healthcare products, as its focus is on therapeutic touch and bodywork practices. KEYWORDS: Massage; Shiatsu Massage; Massage Treatment; Turul Massage; Balinese Massage; Thai Massage; Lomi Lomi Massage; Ayurvedic Massage; Watsu Massage; Hot Stone Massage; Four Hand Massage; Massager
Maternity & Pregnancy	category	10306	TITLE: Maternity & Pregnancy DESCRIPTION: The Maternity & Pregnancy category encompasses a wide array of products and essentials tailored for expectant and new mothers in the UK. This category includes a diverse selection of maternity wear such as motherhood clothes, maternity wear, nursing bras, tops, and vests designed for comfort and practicality during pregnancy and breastfeeding. Key brands like Medela, Philips Avent, and MAM offer top-tier breast pumps and nursing accessories, ensuring quality and reliability. Additionally, this category features fertility and ovulation tests from trusted names like Clearblue, aiding in family planning and conception efforts. Related categories include baby care, nursery furniture, and prenatal vitamins, providing comprehensive support throughout the pregnancy journey. The Maternity & Pregnancy category is distinct from general women's fashion by its focus on functional design and maternal health. This description aligns with user searches for pregnancy-related products and cross-sells effectively with complementary parenting items. KEYWORDS: Breast Pump; Maternity; Motherhood Clothes; Maternity Wear; Medela; Philips Avent; MAM; Pregnancy; Nursing Bra; Nursing Bras; Nursing Top; Nursing Tops; Nursing Vest; Nursing Vests; Fertility Test; Ovulation Test; Clearblue
Mattress	category	10321	TITLE: Mattress DESCRIPTION: Discover the ultimate sleep experience with our comprehensive range of mattresses, designed to cater to diverse preferences and needs. Explore options including luxurious memory foam, supportive pocket sprung, and hybrid mattresses, each crafted to enhance comfort and support. Our selection features top British brands like Silentnight, Hypnos, and Emma, ensuring quality and durability. Whether you're searching for a single, double, king-size, or super king-size mattress, you'll find options tailored to every bedroom setup. Complement your choice with related bedding essentials such as mattress toppers, protectors, and pillows for a complete sleep solution. Ideal for those seeking orthopaedic support or hypoallergenic materials, our mattresses cater to various health and comfort requirements. Perfectly suited for UK homes, these mattresses promise restful nights and rejuvenated mornings. Distinct from bed frames or divans, our focus remains solely on enhancing sleep quality through superior mattress technology. KEYWORDS: Mattress; Mattresses; Memory Foam
Microsoft 365	category	10583	TITLE: Microsoft 365 DESCRIPTION: Microsoft 365, a comprehensive suite of productivity applications, is widely used across the UK for both business and personal purposes. This category encompasses essential tools like Word, Excel, PowerPoint, Outlook, OneNote, and Access, each designed to enhance productivity through features such as real-time collaboration, advanced data analysis, and cloud integration. Microsoft 365 offers various subscription plans including Home, Personal, Business, and University editions, tailored to different user needs with options for multiple device installations and cloud storage via OneDrive. Notably, Microsoft 365 integrates seamlessly with Windows and Mac operating systems, providing flexibility for diverse computing environments. The suite's subscription model ensures users receive regular updates and security enhancements. For those seeking affordable solutions, hotukdeals provides access to competitive deals from retailers like Amazon and Currys. Related categories include software subscriptions, cloud services, and educational tools. Whether upgrading existing software or equipping new devices, Microsoft 365 remains a pivotal choice in the digital toolkit of UK users. KEYWORDS: Microsoft Office; Microsoft 365; Microsoft Office 365; 365 Office; Office 365
Microwave	category	10589	TITLE: Microwave DESCRIPTION: Optimized Category Description: Microwaves are essential kitchen appliances in the UK, offering convenience and efficiency for cooking, reheating, and defrosting. This category includes a diverse range of microwave ovens, from compact solo models to feature-rich combination microwaves with grill and convection functions. Leading brands such as Panasonic, Samsung, and Sharp provide options with varying capacities, power levels, and smart features like sensor cooking and inverter technology. Popular uses include defrosting meats, reheating leftovers, and preparing quick meals like jacket potatoes or ready meals. Related categories include kitchen appliances like ovens, hobs, and air fryers. When choosing a microwave, consider size, wattage, and additional features to ensure compatibility with your kitchen needs. Whether seeking a basic model for everyday tasks or an advanced unit for culinary experimentation, the UK market offers a wide selection to suit any household. KEYWORDS: Microwave; Microwaves
Mobile Phone	category	10724	TITLE: Mobile Phone DESCRIPTION: The "Mobile Phone" category encompasses an extensive range of smartphones, including flagship models like the iPhone 16, Samsung Galaxy S25 Ultra, and Google Pixel 9 Pro Fold, as well as budget-friendly options such as the Motorola G84 and iPhone SE (2022). This category highlights SIM-free handsets, contract deals, and refurbished devices from top brands like Apple, Samsung, and Google. Key offerings include cashback incentives, trade-in discounts, and exclusive bundles with accessories like cases and chargers. Complementary categories include phone accessories and network plans. Users can explore deals from major UK retailers such as Amazon, Currys, and Carphone Warehouse. For those interested in unique designs or mid-range performance, options like the Nothing Phone 2 and LG V30 are noteworthy. This category also covers older models like the LG G6 and Blackberry Key2 for users seeking specific features or nostalgia. KEYWORDS: LG G6; Moto G; Moto G6; Moto G7; LG V30; LG G8S ThinQ; LG G8; LG G8S; Wileyfox; Blackberry Smartphone; Blackberry Key 2; Blackberry Motion; Blackberry Key2; Blackberry Key One; Blackberry DTEK 50; Blackberry DTEK 60; LG Smartphone; LG Smartphones; LG G4; LG G3
Monitor	category	10783	TITLE: Monitor DESCRIPTION: The "Monitor" category encompasses a broad selection of display devices suited for various applications, including gaming, professional workstations, and home office setups. Key brands such as Acer and iiyama feature prominently, offering models like the Acer Predator Z35P, Acer Nitro XF272UP, and iiyama's advanced displays. British consumers often seek monitors with specific features such as high refresh rates, 4K resolution, and adaptive sync technologies like G-Sync and FreeSync to enhance gaming experiences or improve productivity in professional environments. This category also includes models such as the Acer Predator XB271HU and Acer ED323QUR, known for their superior colour accuracy and ergonomic designs. Related categories include computer peripherals, graphics cards, and ergonomic accessories. Complementary products might include monitor stands, HDMI cables, and screen protectors. This description aids in distinguishing monitors from related categories like televisions and projectors, ensuring precise search query matching and cross-category recommendations for UK shoppers. KEYWORDS: Acer Monitor; Acer Predator Z35P; Acer Nitro XF272UP; Acer Predator XB271HU; Acer ED323QUR; Acer ED323QURA; Acer Nitro VG271UP; Acer KG271C; Acer K272HLEbid; Acer Nitro RG270; Acer B326HK; Acer ED242QR; Acer KA240HQ; Acer EB490QK; Acer RT240Y; Acer K222HQLBID; Acer Predator Z321Q; Monitor; LU32H850UMUXEN; iiyama
MOT	category	10846	TITLE: MOT DESCRIPTION: The MOT category encompasses all services and products related to the Ministry of Transport test, commonly referred to as MOT, essential for vehicle roadworthiness in the UK. This category includes MOT testing services, certificates, and related automotive inspection procedures. It is crucial for maintaining compliance with UK vehicle safety standards. Commonly searched terms include "MOT test", "MOT certificate", and "MOT renewal". Key products and services in this category include vehicle diagnostics, emission checks, brake assessments, and tyre inspections. Complementary categories include car servicing, automotive parts, and vehicle maintenance tools. Related brands often involved in MOT services are Kwik Fit, Halfords Autocentres, and National Tyres and Autocare. This category is distinct from general car repairs or maintenance as it specifically pertains to legally required annual inspections. Understanding MOT requirements ensures vehicles remain safe and legally compliant on British roads. KEYWORDS: MOT; MOTs; MOT's
Movies & Series	category	10919	TITLE: Movies & Series DESCRIPTION: The "Movies & Series" category in the UK encompasses a vast array of entertainment options, including anime, box sets, and movie collections. This category features diverse formats such as Blu-Ray, UHD movies, and streaming options available on platforms like iTunes, Amazon Prime Video, and Google Play Movies. It caters to enthusiasts seeking the latest series, classic films, and exclusive boxsets. Key terms include "anime" for animated series lovers, "box set" for complete series collections, and "streaming" for digital viewing convenience. Related categories include "Home Entertainment Systems" for optimal viewing experiences and "Collectibles" for limited edition sets. This category is distinct from live theatre or music events and focuses primarily on visual media consumption. Whether you're a fan of high-definition Blu-ray discs or prefer the flexibility of streaming services, this category offers a comprehensive selection tailored to British audiences' preferences. KEYWORDS: Anime; Box Set; Boxset; Movie Collection; Movie; Series; Blu-Ray; Bluray; Blu Ray; Streaming; iTunes; Amazon Prime Video; Prime Video; UHD Movie; Google Play Movies
Music	category	11049	TITLE: Music DESCRIPTION: The Music category in the UK encompasses a vast array of genres and formats, catering to enthusiasts of pop, jazz, classical, and heavy metal. This category includes physical media like CDs and vinyl records, which have seen a resurgence due to their authentic sound quality. Key players such as HMV and Zavvi offer extensive collections both online and in-store. Streaming services like Spotify, Apple Music, and Deezer provide access to millions of tracks, while platforms like iTunes and Amazon facilitate digital purchases. Essential equipment includes high-quality speakers from brands like Bose and Pioneer, amplifiers with DAC capabilities, and robust record players for vinyl aficionados. Related categories include musical instruments such as guitars and pianos, concert tickets, and MP3 players. For cost-effective purchases, savvy shoppers can explore deals during Black Friday or January Sales. This category is distinct from purely digital entertainment by its inclusion of both streaming options and tangible music formats. KEYWORDS: Music; CD; Vinyl; Music Streaming; Guitar; Piano; Concert; MP3 Player; Beatles; MP3 Album
Nespresso	category	11419	TITLE: Nespresso DESCRIPTION: Nespresso, a premium segment of Nestlé, is synonymous with high-quality at-home coffee brewing, offering a range of machines and pods designed for British coffee enthusiasts. These machines, crafted in collaboration with brands like DeLonghi, Krups, and Magimix, use hermetically sealed pods to deliver espresso, cappuccino, and lungo with remarkable consistency. Key models include the compact Essenza, retro-themed Citiz, and advanced VertuoLine, which features crema-enhancing centrifusion technology. Each machine varies in pressure (aim for 19-20 bar), tank capacity (0.7-2 litres), and functionality, such as Bluetooth connectivity in the Expert model or milk frothing in the Lattissima. Nespresso's pod variety spans from intense Ristretto to flavoured options like vanilla and caramel. Accessories like the Aeroccino milk frother and capsule dispensers enhance the experience. While alternatives like Tassimo exist, Nespresso remains a market leader due to its blend of convenience and quality. Find competitive deals on platforms like hotukdeals to enjoy gourmet coffee at home. KEYWORDS: Nespresso
Nintendo	category	11547	TITLE: Nintendo DESCRIPTION: Nintendo, a pioneering Japanese company based in Kyoto, has been a cornerstone of the gaming industry since the 1980s. Renowned for iconic franchises like Mario, Zelda, and Pokémon, Nintendo's innovation is evident in systems such as the NES, SNES, Game Boy, and more recently, the Switch. The Nintendo Switch, launched in 2017, exemplifies versatility with its hybrid design, allowing seamless transition from home console to portable device. It features a custom NVIDIA Tegra processor and supports multiplayer gaming with Joy-Con controllers. In addition to hardware, Nintendo's extensive game library includes titles like Super Mario Odyssey and The Legend of Zelda: Breath of the Wild. Complementary products include accessories like the Nintendo Labo and Amiibo figures. In the UK market, retailers like GAME, Argos, and Smyths Toys offer competitive deals on Nintendo products. This category also intersects with retro gaming through re-releases of classic consoles like the NES Classic Mini. KEYWORDS: Nintendo
Sports Nutrition	category	11715	TITLE: Sports Nutrition DESCRIPTION: The Sports Nutrition category in the UK encompasses a wide range of products designed to enhance athletic performance, support recovery, and maintain optimal health for active individuals. Key brands such as High5, USN, Maximuscle, and MyProtein lead the market with offerings that include carbohydrate powders, isotonic energy gels, and electrolyte hydration tablets. These products are essential for endurance athletes seeking immediate energy boosts and sustained performance. Weight management supplements and amino acid formulations like Amino Blast cater to those looking to optimize body composition and muscle growth. Energy bars provide convenient nutrition for on-the-go consumption. Related categories include fitness equipment and apparel, providing a holistic approach to sports and wellness. Distinct from general health supplements, Sports Nutrition specifically targets the needs of athletes and fitness enthusiasts, ensuring products are tailored for peak physical performance and recovery. This category is pivotal for anyone engaged in regular physical activity or competitive sports. KEYWORDS: High5; High 5; USN; Maximuscle; Sports Nutrition; Carbohydrate Powder; Isotonic Energy Gel; Optimum Nutrition; Weight Management Supplement; MyProtein; Amino Blast; Electrolyte; Hydration Tablets; energy bar
Nvidia	category	11723	TITLE: Nvidia DESCRIPTION: The Nvidia category encompasses a wide range of graphics processing units (GPUs), graphics cards, and related hardware, renowned for their advanced performance in gaming, professional visualization, and AI applications. Key products include the GeForce RTX and GTX series, Quadro, and Tesla GPUs, which are integral to high-performance computing and real-time ray tracing. This category is synonymous with cutting-edge technology, featuring innovations like DLSS (Deep Learning Super Sampling) and CUDA cores for parallel computing. Related categories include gaming laptops, desktop PCs, and virtual reality headsets that leverage Nvidia's powerful graphics capabilities. Complementary products include AMD CPUs, motherboards with PCIe slots, and high-refresh-rate monitors. In the UK market, brands such as ASUS, MSI, and Gigabyte frequently collaborate with Nvidia to deliver top-tier graphics solutions. This category should not be confused with general computer hardware or other GPU brands like AMD Radeon. KEYWORDS: Nvidia
O2	category	11742	TITLE: O2 DESCRIPTION: Category: O2 (UK) Description: The O2 category encompasses a wide range of products and services associated with the prominent UK telecommunications provider, O2, known for its mobile network services, SIM-only deals, and broadband packages. As a leading brand in the British market, O2 offers a variety of mobile phones from top manufacturers such as Apple, Samsung, and Huawei, available with flexible pay monthly contracts or Pay As You Go options. Customers can also explore O2's exclusive Priority rewards programme, providing access to special events and discounts. Complementary categories include mobile accessories like phone cases, chargers, and wireless earbuds. Additionally, O2's business solutions cater to enterprise needs with tailored mobile plans and IoT connectivity services. This category is distinct from other telecom providers such as Vodafone and EE, focusing specifically on O2's unique offerings and customer benefits within the UK landscape. KEYWORDS: O2
Odeon	category	11770	TITLE: Odeon DESCRIPTION: The "Odeon" category encompasses all aspects of the Odeon cinema experience in the UK, including access to movie tickets, showtimes, and theatre locations. This category is synonymous with the MyOdeon service, which provides personalised film recommendations, exclusive deals, and membership benefits. Key terms associated with this category include cinema tickets, movie schedules, film screenings, and Odeon Luxe for premium viewing experiences. Users might also search for related concepts such as blockbuster releases, family-friendly films, and concession offers. Complementary categories include "Cinema Snacks", "Home Entertainment Systems", and "Streaming Services". Odeon is distinct from other cinema chains like Cineworld and Vue by offering unique loyalty programmes and regional promotions. This category serves both casual moviegoers and avid film enthusiasts seeking cinematic experiences across the UK. By focusing on British cultural references and popular film genres, this description aligns with user queries and enhances cross-category discoverability. KEYWORDS: Odeon; MyOdeon
Office Chair	category	11784	TITLE: Office Chair DESCRIPTION: The Office Chair category encompasses a wide range of seating solutions designed for workspace environments, including office chairs, desk chairs, mesh chairs, executive chairs, and computer chairs. These chairs are integral to enhancing productivity and comfort in professional settings. Key features often include ergonomic designs with adjustable height, lumbar support, swivel and tilt mechanisms, and breathable mesh or cushioned upholstery. Popular brands such as Herman Miller, Steelcase, and Humanscale offer models tailored for both home offices and corporate spaces. This category is closely related to office furniture, including desks and storage solutions, and complements accessories like floor mats and footrests. In the UK market, terms like "office chair" and "desk chair" are frequently used interchangeably. It is essential to differentiate this category from dining or gaming chairs, which serve different purposes. Users searching for comfortable and supportive seating options will find the Office Chair category highly relevant. KEYWORDS: Office Chair; Desk Chair; Mesh Chair; Executive Chair; Computer Chair
Opticians	category	11903	TITLE: Opticians DESCRIPTION: The "Opticians" category in the UK encompasses a wide range of eye care services and products, including prescription glasses, contact lenses, and comprehensive eye tests. This category is essential for individuals seeking corrective eyewear or routine eye examinations. Key products include single-vision and bifocal lenses, spectacles, designer frames from brands like Ray-Ban and Oakley, and various types of contact lenses such as dailies, monthlies, and torics. Opticians also offer services like digital retinal photography and glaucoma screenings. Related categories include sunglasses, optical accessories, and vision insurance plans. Complementary products might involve lens cleaning solutions and cases. In the British market, opticians often collaborate with NHS services to provide subsidised eye tests. Distinct from general eyewear retailers, this category focuses on professional eye health assessments and tailored vision correction solutions. It is crucial for users searching for specific optical needs, ensuring optimal visual health and style preferences. KEYWORDS: Opticians; Contact Lenses; Prescription Glasses; Eye Test
Outdoor Sports & Camping	category	11965	TITLE: Outdoor Sports & Camping DESCRIPTION: The "Outdoor Sports & Camping" category encompasses a diverse range of activities and equipment essential for enthusiasts in the UK. This includes hiking gear such as climbing shoes, crampons, and carabiners, with top brands like PETZL and Edelweiss providing reliable climbing gear. Popular outdoor adventure spots like Go Ape highlight the need for quality climbing equipment. The category also extends to snow sports, featuring snowboards and related gear. Fishing enthusiasts will find a comprehensive selection of products from renowned brands such as Angling Direct and Abu Garcia, including multiplier reels, tackle boxes, swimbaits, and fishing reels. Complementary categories include camping equipment from brands like Coleman, offering tents and outdoor cooking gear. This category is distinct from indoor sports equipment by its focus on rugged outdoor use and adaptability to the UK’s varied landscapes, catering to both novice and seasoned adventurers seeking quality and performance in their outdoor pursuits. KEYWORDS: Hiking; Climbing; climbing shoes; Crampon; Crampons; PETZL Steigklemmen; Edelweiss Thruster; Carabiner; Climbing Gear; Go Ape; Snowboard; Snowboards; Coleman; Fishing; Angling Direct; Multiplier Reels; Tackle Box; Abu Garcia; Swimbait; Fishing Reel
Outlet	category	11982	TITLE: Outlet DESCRIPTION: The "Outlet" category in the UK market encompasses a diverse range of discounted products, including electronics, fashion apparel, home goods, and more. This category is synonymous with clearance sales, bargain deals, and end-of-line stock. Key terms include sale items, discounted merchandise, clearance products, and last-chance offers. The Outlet category features popular British and international brands offering significant savings on surplus or previous season's stock. It often overlaps with categories such as "Clearance," "Discounted Items," and "Bargain Bin." Related products include refurbished electronics, off-season clothing, and discontinued home appliances. Typical use cases involve consumers seeking cost-effective shopping options or hunting for exclusive deals. This category is distinct from regular retail sections by its focus on reduced pricing and limited-time availability. The Outlet category is ideal for budget-conscious shoppers and those looking to maximize value. KEYWORDS: Outlet
Paint	category	12055	TITLE: Paint DESCRIPTION: The "Paint" category encompasses a diverse range of products and finishes suitable for various applications across the UK. Key types include emulsion paints, matte, eggshell, satin, gloss, and semi-gloss finishes. Popular British brands like Dulux, Crown Paints, Farrow and Ball, Blackfriar, and Wilko offer a spectrum of options from premium to budget-friendly. This category also covers primers for undercoating, ensuring longevity and durability of top coats on surfaces like wood, plaster, and plastic. Complementary products such as paint brushes, rollers, and sprayers enhance application precision. Emulsion paints are particularly favoured for their quick-drying and low-odour properties, with water-based variants being eco-friendly. Outdoor paints often feature acrylic or alkyd bases for weather resistance. Related categories include DIY tools and home decor accessories. The category supports cross-category recommendations with flooring and furniture finishes. Hotukdeals provides access to competitive paint deals from retailers like B&Q, Wickes, Homebase, and Screwfix, ensuring affordability and quality for all home improvement projects. KEYWORDS: Crown Paint; Paint; Paint-Sation; Emulsion; magnolia Matt; paint sprayer; UltraCover Trade; one coat; Ronseal fencelife; Ronseal fence life
Parcel and Delivery Services	category	12119	TITLE: Parcel and Delivery Services DESCRIPTION: The Parcel and Delivery Services category encompasses a wide range of courier and logistics solutions essential for efficient shipping and receiving of packages within the UK. Key service providers include Royal Mail, Parcel Force, Hermes (now EVRi), DPD, UPS, DHL, FedEx, GLS, and InPost. These services offer various delivery options such as next-day delivery, standard shipping, and international parcel services. Users can also access parcel collection points and drop-off locations for convenience. This category is closely related to e-commerce fulfilment, logistics management, and supply chain solutions. It serves both individual consumers and businesses requiring reliable parcel dispatch and tracking services. Complementary categories include packaging supplies and mailing accessories. The British market-specific terminology includes 'parcel collect' and 'click and collect' services. Distinct from freight shipping or large cargo transport, this category focuses on small to medium-sized parcels, ensuring timely delivery across local and international destinations. KEYWORDS: Parcel Service; Parcel Collect; UPS; DPD; GLS; Parcel Force; Royal Mail; Hermes; EVRi; DHL; Fedex; InPost
PC	category	12199	TITLE: PC DESCRIPTION: In the UK, the PC category encompasses a wide array of personal computers, including desktops, laptops, gaming rigs, and netbooks. PCs serve diverse functions from basic social media browsing and word processing to high-performance gaming and complex business tasks. Key components such as motherboards, processors (Intel, AMD), RAM (8-16GB for gamers), SSDs or HDDs, and graphics cards (NVIDIA) define performance capabilities. Popular brands like HP, Lenovo, and Microsoft offer various models suitable for different needs. Complementary categories include peripherals like monitors, keyboards, and software such as Windows 10 and Microsoft Office. Related products involve gaming accessories and external storage solutions. PCs are distinguished from Macs by their compatibility with a broader range of games and customization options. Users often explore deals during Black Friday or Cyber Monday to upgrade or build PCs cost-effectively. Understanding these elements ensures users find the right PC tailored to their specific requirements, whether for gaming, education, or everyday use. KEYWORDS: Desktop; PC; Computer; Tower PC; Legion T5i; OptiPlex
Pepsi	category	12324	TITLE: Pepsi DESCRIPTION: Pepsi, a globally recognized cola beverage brand, dominates the soft drink category with its distinctively refreshing taste and effervescent quality. In the UK market, Pepsi competes with other leading cola brands by offering a variety of options, including Pepsi Max, Diet Pepsi, and Pepsi Zero Sugar, catering to diverse consumer preferences for sugar-free and low-calorie alternatives. This category also encompasses related products such as flavoured variants like Cherry Pepsi and seasonal or limited edition releases that appeal to niche markets. Complementary categories include snacks like crisps and savoury treats that pair well with soft drinks, as well as other beverage types such as lemon-lime sodas and energy drinks. Pepsi's packaging options range from cans to multi-pack bottles, suitable for individual consumption or social gatherings. Distinct from other carbonated beverages, Pepsi's unique formulation and brand identity make it a staple in both retail and hospitality sectors across the UK. KEYWORDS: Pepsi
Perfume	category	12337	TITLE: Perfume DESCRIPTION: Perfume in the UK market encompasses a diverse range of fragrances designed for both men and women, from Eau de Cologne and Eau de Toilette to Eau de Parfum and Parfum. Major brands such as Davidoff, Aramis, and Jean Paul Gaultier offer signature scents that include complex fragrance notes like gourmand, citrus, floral, woody, and aquatic. The British perfume industry caters to varied preferences, with options ranging from fresh summer scents featuring citrus and green notes to rich winter aromas with woody or spicy undertones. Perfumes are often available as individual fragrances or in gift sets that include complementary products like body mists and aftershave balms. Retailers such as John Lewis, Selfridges, and Boots provide a platform for purchasing these luxury items, with seasonal sales events like Black Friday offering opportunities for savings. This category is distinct from body sprays or deodorants, focusing instead on long-lasting, sophisticated scents that enhance personal allure. KEYWORDS: Davidoff; Aramis; Jean Paul Gaultier; Perfume; perfumes; Fragrance; Eau de Toilette; Eau de Parfum; Parfum; EDT; EDP; Body Mist
Petrol and Diesel	category	12417	TITLE: Petrol and Diesel DESCRIPTION: The "Petrol and Diesel" category is essential for UK motorists seeking cost-effective fuel options for cars, trucks, and motorcycles. This category encompasses a wide range of fuel types including unleaded petrol (95 RON), super unleaded (98 RON), and diesel, each with distinct properties and uses. Major brands like BP, Shell, Esso, and supermarket chains such as Tesco, Sainsbury's, Morrisons, and Asda dominate the market, offering competitive prices and promotions. Fuel cards like BPme and loyalty schemes provide additional savings opportunities. Diesel engines are known for their efficiency and torque, making them ideal for long-distance travel and heavy-duty applications, although they face increasing regulation due to environmental concerns. Related categories include car accessories, tyres, and car maintenance services. Users can benefit from price comparison tools and apps to track local deals, ensuring they find the best offers on petrol and diesel. Understanding fuel types and leveraging discounts can significantly reduce annual motoring expenses in the UK. KEYWORDS: Petrol; Fuel; BPme; Unleaded; Essar; Texaco
Phones & Accessories	category	12454	TITLE: Phones & Accessories DESCRIPTION: The "Phones & Accessories" category encompasses a vast range of mobile and landline devices, alongside essential accessories tailored for the UK market. This category includes basic mobiles like the Alcatel 10.16 and Nokia 105, low-end smartphones such as the Blu Vivo 6 and Wileyfox Swift 2, and premium models including the Apple iPhone and Samsung Galaxy series. Phablets like the Google Pixel XL offer larger screens for enhanced usability. Landlines remain relevant, with corded models like Siemens Gigaset and cordless options such as Panasonic's Link2Mobile series providing smart home integration. Accessories are pivotal; cases from Urban Outfitters, car holders from Halfords, and multi-device chargers by Belkin enhance functionality. Related categories include tablets, wearables, and smart home devices. Users often seek deals from retailers like Currys, John Lewis, and Amazon, especially during sales events like Black Friday. This category is distinct from tablets but intersects with smart tech trends in the UK telecommunications landscape. KEYWORDS: Phones; Telephone
Pizza	category	12634	TITLE: Pizza DESCRIPTION: Pizza, a beloved staple in the UK, offers a diverse range of styles and flavours that cater to every palate. From classic Neapolitan with its thin crust and simple toppings of tomatoes and mozzarella to the deep-dish indulgence of Chicago-style, pizza enthusiasts can enjoy an array of options. Popular varieties include New York style with its foldable slices, calzones resembling Cornish pasties, and stuffed crusts filled with cheese or sausages. The UK market is rich with renowned brands such as Pizza Hut, Domino's, and Papa John's, alongside artisan offerings from Franco Manca and Pizza Express. Gluten-free and vegan pizzas are increasingly available, meeting dietary preferences without compromising taste. Complementary products like pizza ovens from La Hacienda enhance the home-cooking experience. Related categories include takeaway services like Just Eat and Deliveroo. Whether dining in or opting for delivery, consumers can find deals on HotUKDeals to enjoy their favourite pizzas at competitive prices. KEYWORDS: Goodfella's; Goodfellas; Pizza; pizzas
PlayStation	category	12721	TITLE: PlayStation DESCRIPTION: The PlayStation category encompasses Sony's renowned gaming consoles, including the PlayStation 4, PS4 Pro, PS4 Slim, and PlayStation Vita, each offering a unique gaming experience. Known for high-quality graphics and advanced gameplay, these consoles are staples in the UK gaming market. The PS4 series supports immersive 4K gaming with the PS4 Pro, while the PS4 Slim offers a compact alternative. The handheld PS Vita competes with mobile gaming options. Key accessories include the DualShock 4 controller and the PlayStation VR headset for virtual reality experiences. PlayStation Plus membership enhances online multiplayer and offers exclusive discounts. Related categories include video games, gaming accessories, and virtual reality equipment. Popular brands like Turtle Beach provide compatible headsets, enhancing the auditory gaming experience. For those seeking entertainment beyond gaming, PlayStations double as media hubs, streaming movies and music via apps like TuneIn Radio. This category is distinct from competitors like Xbox and Nintendo Switch, focusing on raw processing power and a vast game library. KEYWORDS: PlayStation 4; PlayStation 4 Pro; PlayStation 4 Slim; PS4 Pro; PS4 Slim; PS4; PlayStation Vita; PS Vita; PlayStation Classic; PlayStation 4 Controller; PlayStation Controller; Dualshock; Dual Shock Controller; Dual Shock 4; PlayStation VR; PlayStation Aim Controller; PlayStation Move Motion; PlayStation MoveMotion; PlayStation Gold Wireless Headset; PlayStation Wireless Headset
Pokémon	category	12781	TITLE: Pokémon DESCRIPTION: The Pokémon category encompasses a vast array of products and experiences, rooted in the iconic gaming franchise launched by Nintendo. This category includes video games for consoles like the Nintendo Switch, 3DS, and Wii U, alongside mobile titles such as Pokémon Go and Pokémon Masters EX. Fans can explore strategic RPGs like Pokémon Sword and Shield, or dive into puzzle adventures like Pokémon Café ReMix. The merchandise spectrum is equally broad, featuring trading cards, plush toys, action figures, and apparel from brands like Converse and Levi’s. Collectors seek rare cards such as the 1st Edition Shadowless Charizard or special promotional releases. Related categories include gaming consoles and accessories, anime merchandise, and collectible card games. In the UK market, retailers like GAME, Amazon, and Smyths Toys offer deals on Pokémon products during major sales events like Black Friday. Whether you’re a seasoned trainer or new to the series, this category offers something for every Pokémon enthusiast. KEYWORDS: Pokken Tournament; Pokémon Go; Pokemon Go; Pokemon Lets Go; Pokémon Lets Go; Pokemon: Let's Go; Pokémon: Let's Go; Pokemon: Lets Go; Pokémon Sword and Shield; Pokemon Sword and Shield; Sword/Shield; Pokémon Sword; Pokemon Sword; Pokemon Shield; Pokémon Shield; Pokémon; Pokemon
Pressure Washer	category	13009	TITLE: Pressure Washer DESCRIPTION: Pressure washers, also known as jet washers or power washers, are indispensable tools for efficient exterior cleaning, ideal for tackling stubborn dirt on patios, driveways, and vehicles. These devices utilize high-pressure water jets to remove grime, paint, and debris from surfaces like stone, wood, and even glass. Popular in both domestic and professional settings across the UK, pressure washers come in light-duty (up to 100 bar), medium-duty (100-110 bar), and heavy-duty (110-120+ bar) models. Leading brands include Karcher, Bosch, Draper, and Nilfisk, offering electric and petrol-powered options. Accessories such as lances, brushes, and detergents enhance their versatility. Pressure washers are vital for tasks like preparing surfaces for sealing or cleaning vehicles without damaging paintwork. Related categories include garden tools and car care products. Whether cleaning a garden path or restoring a vehicle's shine, pressure washers provide a powerful solution for diverse cleaning challenges. KEYWORDS: Pressure Washer; Pressure Washers; Jet Washer; Jetwash; Power Washer; Karcher K4; Pressure Cleaner; Karcher K2; Karcher K5; Bosch aquatak
Printer & Printer Supplies	category	13049	TITLE: Printer & Printer Supplies DESCRIPTION: Explore our comprehensive range of Printer & Printer Supplies, tailored for the UK market. This category includes diverse options such as All-in-One Printers, Inkjet Printers, Laser Printers, and Photo Printers, catering to both personal and professional needs. Brands like HP, Canon, Epson, and Brother offer models with features like wireless connectivity, duplex printing, and high-resolution scanning. Ideal for home offices, student assignments, or vibrant photo printing, these printers ensure quality and efficiency. Complementary supplies include printer ink cartridges, toner refills, and specialty photo paper. Related categories are Office Supplies and Computer Accessories, providing seamless integration with laptops and desktops. For those seeking cost-effective solutions, refurbished models and discount bundles are available. Distinct from 3D printers or industrial print machines, this category focuses on traditional document and image printing solutions. Find the perfect match for your needs with our curated selection of printers and supplies. KEYWORDS: Printer; All-in-One Printer; Inkjet; Scanner; Photo Printer
Protein	category	13158	TITLE: Protein DESCRIPTION: In the UK market, the "Protein" category encompasses a diverse range of products essential for muscle growth, athletic performance, and overall health. Key items include protein powders such as whey, casein, pea, hemp, and egg-based options, each offering unique benefits in terms of amino acid profiles and absorption rates. Popular brands like MyProtein, Maximuscle, and Grenade provide top-quality supplements tailored for bodybuilders, athletes, and fitness enthusiasts. This category also includes ready-to-drink protein shakes and convenient protein bars from brands like USN and Nutramino, ideal for on-the-go nutrition. Complementary categories include sports nutrition, weight gainers, and meal replacements. Users often seek deals on protein products during sales events like Black Friday or January sales. It's crucial to differentiate between complete and incomplete proteins to ensure a balanced intake of essential amino acids. This category is distinct from general dietary supplements by its focus on high-protein content specifically aimed at muscle maintenance and growth. KEYWORDS: Protein; Spirulina Powder
Pushchair	category	13276	TITLE: Pushchair DESCRIPTION: Pushchairs, essential for parents in the UK, encompass a broad range of baby transport solutions including strollers, prams, and travel systems. Key features to consider include comfort, safety, ease of storage and mobility, with options ranging from compact buggies to luxurious prams. Notable British brands such as Silver Cross, iCandy, and Egg offer high-quality pushchairs with innovative features like reversible seats, adjustable handles, and travel system compatibility for seamless car integration. Pushchairs cater to different needs: lightweight strollers for urban navigation, robust prams for newborns needing flat sleeping surfaces, and versatile 3-in-1 combo models. Popular choices include tandem pushchairs for multiple children and compact folding designs like the Recaro Easylife. Accessories such as rain covers, sun canopies, and storage baskets enhance functionality. When purchasing, evaluate factors like reclining angle, brake efficiency, and compatibility with car seats (e.g., Maxi Cosi). Explore deals at HotUKDeals for discounted prices on premium brands. KEYWORDS: Pushchair
Quality Street	category	13325	TITLE: Quality Street DESCRIPTION: Quality Street, a beloved British confectionery brand established in the 1930s, is renowned for its vibrant packaging and diverse assortment of chocolates and toffees. The brand's offerings include iconic products such as Toffee Pennys, The Purple One, and The Green Triangle, housed in various packaging options like 265g cardboard packets, 600g jars, and 900g to 1,750g tins. These assortments are perfect for gift-giving occasions, children's parties, or personal indulgence. Quality Street chocolates are individually wrapped in colourful foil, adding an element of delight with each piece. Originally created by Mackintosh in Halifax and now owned by Nestlé, the brand remains true to its roots while incorporating sustainable practices like recyclable packaging. Quality Street competes with other popular UK brands like Cadbury's Roses, Mars' Celebrations, and Ferrero Rocher. For the best deals on Quality Street products, shoppers can explore offers at major British retailers such as Tesco, Sainsbury’s, and Asda. KEYWORDS: Quality Street
Railcard	category	13427	TITLE: Railcard DESCRIPTION: A Railcard, also known as a rail card or Railcards, is a discount card that offers reduced fares on train travel across the United Kingdom. Primarily used for cost-effective rail journeys, Railcards are available in various types including the 16-25 Railcard, Senior Railcard, Family & Friends Railcard, and Two Together Railcard, each tailored for specific age groups or travel situations. Users can save up to one-third on most rail fares with these cards, making them ideal for frequent travellers, commuters, students, and families. Key brands associated with Railcards include National Rail and Trainline. Related categories include train tickets, travel insurance, and commuter accessories. Complementary products might involve luggage, travel guides, and portable chargers. This category is distinct from general train tickets as it focuses specifically on discount eligibility rather than direct ticket purchases. In the British market, Railcards are a popular choice for economical travel solutions. KEYWORDS: Railcard; rail card; Railcards
Sale	category	14052	TITLE: Sale DESCRIPTION: The "Sale" category in the UK encompasses a wide range of discounted products across various sectors, including clothing, electronics, home goods, and more. This category features clearance items, seasonal promotions, and exclusive deals from popular British and international brands. Shoppers can find significant reductions on fashion apparel, such as dresses, trousers, and shoes, as well as tech gadgets like smartphones, laptops, and smart home devices. Homeware essentials, including kitchen appliances and furniture, are also frequently discounted. The "Sale" section is closely related to categories like "Clearance," "Discounts," and "Offers," providing users with opportunities to explore complementary products at reduced prices. It serves as a hub for bargain hunters seeking value for money on high-quality items. By focusing on terms like "sales," "clearance sales," and "discounted products," this category attracts users searching for cost-effective shopping solutions in both physical stores and online platforms. KEYWORDS: Sale; Sales; Clearance
Samsung	category	14073	TITLE: Samsung DESCRIPTION: The Samsung category encompasses a wide range of consumer electronics and home appliances, including smartphones, tablets, televisions, laptops, smartwatches, and home entertainment systems. Key products include the Samsung Galaxy series, featuring models like the Galaxy S23 and Galaxy Z Fold5, as well as Samsung's QLED and UHD televisions. The category also covers Samsung's line of kitchen appliances such as refrigerators, washing machines, and microwaves. Synonyms include Samsung mobiles, Samsung TVs, and Samsung electronics. Related categories involve Apple products, Android devices, and home appliance brands like LG and Bosch. Complementary products include mobile accessories, cases, headphones, and smart home devices compatible with Samsung's SmartThings ecosystem. This category serves users looking for high-quality technology solutions with features like AMOLED displays, Exynos processors, and Knox security. It is distinct from other brands by its unique integration of software and hardware innovations tailored for the UK market. KEYWORDS: Samsung
Samsung TV	category	14110	TITLE: Samsung TV DESCRIPTION: Samsung TVs in the UK market encompass a diverse range of high-quality televisions, including advanced QLED models like the QE-55Q7F and QE-65Q8F, as well as versatile UHD options such as the Samsung UE49MU6500 and UE65NU8000. Known for their cutting-edge technology, Samsung offers features like 4K resolution, smart TV capabilities, and innovative designs exemplified by The Frame TV. Popular models like the Samsung UE55KS7500 and Samsung UE49MU9000TXXU highlight a commitment to superior picture quality and immersive viewing experiences. This category also includes curved screens like the Samsung UE65MU6220, catering to various preferences and room setups. Related categories to consider include home cinema systems and streaming devices, enhancing your entertainment setup. Explore Samsung's offerings to find deals on models like the Samsung QE65Q6F and accessories compatible with these televisions. Whether seeking a 55-inch QLED or a budget-friendly HDTV, Samsung TVs deliver reliability and performance tailored to British consumers. KEYWORDS: 55Q7F; Samsung UE49MU6500; qled; Samsung TV; QE-55Q7F; Samsung UE49MU6670; QE-55Q8F; Samsung UE; QE-65Q7F; Samsung UE55KS7500; QE-65Q8F; Samsung TVs; Samsung QE65Q6F; Samsung UE49MU9000TXXU; Samsung UE65NU7100; q7f; Samsung UE65NU8000; UE55NU702; Samsung UE65MU6220; MU6179
School Supplies	category	14256	TITLE: School Supplies DESCRIPTION: The "School Supplies" category encompasses a wide range of essential items tailored for students in the UK, catering to both primary and secondary educational needs. This category includes school rucksacks, backpacks, and satchels designed for durability and comfort, ideal for carrying books and personal items. Key products feature calculators and maths sets, including geometry sets such as the Helix Oxford, crucial for mathematics classes. Exercise books are available in various sizes and formats to suit different subjects and note-taking preferences. School uniforms form a significant part of this category, offering a selection of garments adhering to British school dress codes. Additionally, lunchies or lunch boxes provide convenient solutions for meal storage. The category also covers stationery essentials like textsurfers (highlighters) for study sessions. Related categories include office supplies, arts and crafts materials, and educational toys, enabling comprehensive back-to-school shopping solutions. KEYWORDS: school supplies; School Rucksack; Calculator; Textsurfer; School; School Bag; Satchel; School Uniform; Maths Set; Geometry Set; Exercise Book; math set; helix oxford; Lunchie; School Backpack
Sim Free	category	14702	TITLE: Sim Free DESCRIPTION: The "Sim Free" category encompasses mobile phones that are sold without a SIM card, providing users the flexibility to choose their preferred network provider. This category is essential for those seeking unlocked handsets, offering compatibility with various UK carriers like Vodafone, EE, O2, and Three. Popular brands include Apple iPhone, Samsung Galaxy, Google Pixel, and Huawei. Key product types range from budget-friendly models to high-end smartphones featuring the latest technology such as 5G connectivity, OLED displays, and advanced camera systems. Related categories include mobile accessories, phone cases, and screen protectors. Complementary products often involve wireless earbuds and smartwatches. This category is distinct from contract phones, which are tied to specific network agreements. Users searching for terms like "unlocked phones," "no contract mobiles," or "network-free smartphones" will find relevant options here. The Sim Free market appeals to tech-savvy consumers seeking flexibility and value in their mobile experience. KEYWORDS: Sim Free; Sim-Free
Sky	category	14799	TITLE: Sky DESCRIPTION: Sky is a leading provider of digital entertainment, broadband, and mobile services in the UK, renowned for its comprehensive range of offerings. With premier channels like Sky Sports, Sky Cinema, and Sky News, it delivers top-tier content including live Premier League football, blockbuster movies, and 24/7 news coverage. As an ISP, Sky Broadband offers high-speed internet with options such as Fibre Unlimited and Fibre Max, catering to diverse online needs. Sky Mobile complements this by offering data-centric contracts ideal for streaming on-the-go. Additionally, Sky Bet provides a platform for sports betting and gaming enthusiasts. The Sky Q box enhances user experience by integrating TV and on-demand services seamlessly. Alternatives like NOW TV offer flexible access to Sky's content without long-term contracts. Related categories include digital media players, home entertainment systems, and telecommunications. This category stands apart by its unique combination of entertainment, connectivity, and flexibility tailored for UK consumers. KEYWORDS: Sky
Sofa	category	14964	TITLE: Sofa DESCRIPTION: The Sofa category encompasses a wide array of seating solutions designed to enhance the comfort and aesthetic of British living rooms. Key product types include traditional leather sofas, plush velvet sofas, versatile corner sofas, and practical sofa beds, also known as sofabeds. These items are essential for lounging, entertaining guests, or simply relaxing while watching television. In the UK market, popular brands might include DFS, Sofology, and John Lewis, offering a range of styles from classic to contemporary. Related categories such as armchairs, coffee tables, and ottomans complement these seating options, providing a cohesive living space setup. High-value keywords like "couch," "cocktail sofa," and "sofa deals" are pivotal for users searching for the best offers and discounts. This category is distinct from outdoor furniture or office chairs, focusing on indoor comfort and style. Explore our latest sofa deals and offers to find the perfect fit for your home. KEYWORDS: Sofa; Couch; Sofas; Cocktail sofa; sofabed; sofa bed
Soft Drinks	category	14970	TITLE: Soft Drinks DESCRIPTION: The "Soft Drinks" category encompasses a wide range of non-alcoholic beverages popular in the UK, including carbonated drinks and energy drinks. Key brands such as Coca Cola, Pepsi, 7 Up, and Sprite dominate this segment with their iconic colas and lemon-lime sodas. Other notable entries include Fanta's fruity flavours and the invigorating taste of Red Bull and Monster Energy drinks. British favourites like Irn Bru and Lucozade are also prominent, offering unique regional tastes. This category includes tonic waters, often paired with spirits for mixers, and cream sodas for a sweet, creamy indulgence. Sanpellegrino provides a premium option with its sparkling fruit beverages. Soft drinks are frequently enjoyed at social gatherings, making them complementary to snack foods and party supplies. Distinct from alcoholic beverages and bottled water categories, soft drinks cater to diverse consumer preferences, from sugary treats to caffeine-infused energizers, ensuring broad appeal across various demographics. KEYWORDS: Cola; Coca Cola; Pepsi; 7 Up; Lemonade; 7up; 7-up; Sprite; Soft Drinks; Coke; Tonic; Fanta; Red Bull; Lucozade; Monster Energy; Irn Bru; Fruit Shoot; Fruit Shoots; Cream Soda; Sanpellegrino
Software	category	14976	TITLE: Software DESCRIPTION: The "Software" category encompasses a diverse range of digital solutions designed to enhance computer functionality and security. Key offerings include AVG Internet Security and AVG Antivirus, which provide robust protection against malware and cyber threats. These products are available in various subscription models, such as AVG Ultimate, AVG Three-PC, and AVG Two-PC, catering to different user needs. The category also covers essential productivity tools like Microsoft Office, featuring applications such as Excel, which are pivotal for business and personal use. Additionally, software for Internet Security and VPN services are integral for safeguarding online activities. Web Hosting solutions are included to support website management and development. This category is relevant for users seeking comprehensive digital security and productivity enhancements on Microsoft Windows platforms. Related categories include computer accessories and networking equipment, providing complementary solutions for a complete digital ecosystem. The focus is on British market preferences, ensuring compatibility with regional software requirements and user expectations. KEYWORDS: AVG Internet Security; AVG Antivirus; AVG Protection; AVG Subscription; AVG Ultimate; AVG Anti-Virus; AVG Three-PC; AVG Two-PC; AVG 2PC; AVG 2 PC; AVG 3PC; AVG 3 PC; Software; Microsoft Windows; Internet Security; VPN; Web Hosting; Microsoft Office; Excel; Adobe
SSD	category	15249	TITLE: SSD DESCRIPTION: Solid-State Drives (SSDs) are a cutting-edge storage solution that offer superior performance and reliability over traditional Hard Disk Drives (HDDs). Designed for UK consumers, SSDs like the Samsung 860 EVO, 870 EVO, and 970 Pro provide rapid data access and boot times, ideal for both office workstations and gaming setups. SSD technology includes various flash memory types such as MLC, SLC, and the increasingly popular TLC, each offering different balances of speed, endurance, and cost. Common form factors include SATA 2.5-inch drives and NVMe interfaces for ultra-fast data transfer. Leading brands such as Crucial's MX500 and SanDisk offer a range of options suitable for desktops, laptops, and external storage needs. SSDs are particularly advantageous for their shock resistance, lower power consumption, and ease of installation using standard SATA connectors. For those looking to upgrade or replace HDDs, SSDs provide a significant boost in system responsiveness and efficiency. Related categories include computer components, gaming PCs, and external hard drives. KEYWORDS: SSD; Solid State Drive; 860 EVO; 870 EVO; 970 Evo; 970 Pro; NVMe; SSD SATA; MX500; Sata 2.5
Star Wars	category	15288	TITLE: Star Wars DESCRIPTION: The "Star Wars" category encompasses a diverse range of products inspired by the iconic science fiction franchise, popular in the UK. This category includes collectibles such as BB-8 and R2-D2 figures, replica Lightsabers, and Stormtrooper helmets. Fans can explore items from various Star Wars films and series, including "Rogue One: A Star Wars Story," "The Mandalorian," and "Clone Wars." Key characters like Yoda, Luke Skywalker, and Boba Fett are central to this category, with merchandise ranging from action figures to themed apparel. Iconic vehicles such as the Millennium Falcon and the Death Star are also featured. Related categories might include Sci-Fi Collectibles, Fantasy Role-Playing Games, and Movie Memorabilia. This category serves enthusiasts seeking Jedi-themed products or items related to Mandalore's lore. Distinct from general sci-fi categories, it specifically targets Star Wars aficionados, offering everything from DVDs to exclusive brand collaborations. KEYWORDS: BB-8; BB8; Lightsaber; Stormtrooper; Rogue One: A Star Wars Story; Star Wars; BB8; Lightsaber; Stormtrooper; Rogue One; Mandalorian; yoda; R2-D2; Death Star; Millennium Falcon; Luke Skywalker; Mandalore; Jedi; Clone Wars; Boba Fett
Streaming	category	15429	TITLE: Streaming DESCRIPTION: The "Streaming" category encompasses a diverse range of digital content delivery platforms and services popular in the UK, including Netflix, Amazon Video, Twitch, Wuaki, Now TV, Paramount Plus, Disney+, and other on-demand streaming services. This category is essential for users seeking entertainment through films, TV series, live broadcasts, and exclusive content available via internet streaming. Key features include subscription models, pay-per-view options, and access to a wide array of genres from drama and comedy to documentaries and sports. Related categories include "Smart TVs," "Streaming Devices," and "Home Entertainment Systems," which enhance the streaming experience. Users often search for specific shows or movies available on these platforms, making it crucial to highlight trending titles and exclusives. This category is distinct from traditional cable or satellite TV services by offering flexibility and personalization in viewing choices, catering to a tech-savvy audience looking for convenience and variety. KEYWORDS: Streaming; Netflix; Amazon Video; Twitch; Wuaki; Now TV; Paramount Plus; Paramount +; Paramount+; Disney+; Disney Plus
Student Discount	category	15461	TITLE: Student Discount DESCRIPTION: The "Student Discount" category caters to UK students seeking cost-effective purchasing options across various sectors. This category encompasses key platforms such as Student Beans, Totum, and Unidays, which offer exclusive discounts on products and services tailored for students. It includes educational portals like Lenovo Education Store and EduStore, providing discounted technology and software solutions ideal for A-Level and GCSE students. Savethestudent is a valuable resource for finding additional savings opportunities. Related categories include Studentcomputers for affordable laptops and accessories, and Education Portal for software deals. This category is distinct from general discount categories as it specifically targets the student demographic, leveraging partnerships with educational institutions to authenticate eligibility. Students can find offers on everything from fashion to tech, ensuring they access essential goods at reduced prices while pursuing their education. KEYWORDS: Student Discount; Student; Students; Student Beans; StudentBeans; Totum; Unidays; savethestudent; Studentcomputers; Education Store; EduStore; LenovoEducation; Lenovo Education; Education Portal; Uniday; A-Levels; A-Level; GCSE; GCSEs; Edul
Suitcase	category	15503	TITLE: Suitcase DESCRIPTION: The "Suitcase" category encompasses a wide range of travel luggage options, essential for both domestic and international journeys. Key product types include cabin cases, travel duffles, hardside cases, and traditional suitcases, catering to various travel needs and preferences. Renowned brands such as Trunki and American Tourister offer durable and stylish options, ensuring safe transport of clothes and personal items. This category is integral to travellers seeking reliable luggage solutions, with features like lightweight design, secure locking mechanisms, and easy manoeuvrability. Complementary categories include travel accessories, backpacks, and packing organisers, enhancing the overall travel experience. Popular search terms include "carry-on luggage," "rolling suitcase," and "lightweight travel case." In the UK market, suitcases are often associated with weekend getaways and business trips, distinguishing them from similar categories like backpacks or handbags. This description aids in matching user queries to the most relevant products and deals within the suitcase category. KEYWORDS: Trunki; Suitcase; Cabin Case; Luggage; suitcases; Travel Duffle; American Tourister; Hardside Case
Sun Cream	category	15519	TITLE: Sun Cream DESCRIPTION: Sun Cream, a vital skin protection product in the UK, offers comprehensive defense against harmful UVA and UVB rays, reducing the risk of sunburn and skin cancer. This category encompasses a wide range of formulations including high SPF lotions, water-resistant variants, facial moisturisers, and sensitive skin creams. Popular brands such as Nivea Sun, Ambre Solaire, Piz Buin, and P20 dominate the market with offerings like broad-spectrum sun creams, once-a-day applications, and insect repellent options. Complementary products include sun sprays, tanning oils, and mists. Key terms like sunscreen, sun lotion, and sun protect are integral for user searches. Sun creams are often compared by their SPF rating, which indicates their effectiveness in delaying UV damage. Related categories include baby sun creams and after-sun care products. British retailers like Boots and Superdrug frequently offer deals on these essential items during seasonal promotions. Whether for beach holidays or garden work, selecting the right sun cream ensures optimal skin protection. KEYWORDS: Sun Cream; Sun Creams; Sun Lotion; Suncream; Sun Protect; Sun Protection; Sun Moisturising; sun spray; Nivea Sun; Sun Protect Lotion; Ambre Solaire Kids; Ambre Solaire; Solait; Tanning Oil; Tanning Spray; Soltan; Sunscreen; Sun Screen; Ultrasun; Tan Activator
Supermarket	category	15568	TITLE: Supermarket DESCRIPTION: The "Supermarket" category encompasses a wide range of grocery and household products available from leading UK retailers such as Tesco, Sainsbury's, Asda, Morrisons, and Waitrose. This category includes fresh produce, dairy products, bakery items, frozen foods, beverages, and household essentials. Popular supermarket chains like Aldi, Lidl, Iceland, and Farmfoods offer competitive pricing and exclusive brands. Loyalty programmes such as Tesco Clubcard, Nectar Price at Sainsbury's, and Morrisons More Card enhance shopping experiences with rewards and discounts. Online shopping options are available via Ocado and Co-op delivery services. The category is closely related to convenience stores and hypermarkets but is distinguished by its extensive range of food products and household goods. Shoppers often seek deals on everyday essentials and branded goods from Marks & Spencer and Booths. This description aids in matching user queries for groceries, deals, and supermarket-specific offers in the British market. KEYWORDS: Supermarket; Marks & Spencer; Aldi; Asda; Farmfoods; Iceland; Ocado; Sainsburys; Sainsbury's; Tesco; Waitrose; Booths; Morrisons; Morrison; Lidl; Co-op; Co-operative; Clubcard; Nectar Price; More Card
Tablet	category	15726	TITLE: Tablet DESCRIPTION: Tablets, also known as pads or slates, are versatile mobile computing devices highly sought after for their portability and functionality. In the UK market, popular brands include Apple's iPad, Samsung's Galaxy Tab, Amazon's Fire HD and Fire 7, Microsoft's Surface Go and Surface Pro, Lenovo Tab, Huawei's MediaPad, Google's Pixel Slate, HONOR Pad, and Oppo Pad. These devices cater to a range of uses from streaming films and TV shows to managing emails, browsing social media platforms like Facebook, and playing games. Tablets often feature touchscreens with varying sizes and resolutions, making them ideal for both personal and professional use. Related categories include smartphones, laptops, and e-readers, which complement tablets in a tech-savvy lifestyle. Users frequently search for deals on these products through platforms like hotukdeals to find competitive prices from UK retailers. Distinct from e-readers and laptops, tablets offer a unique blend of portability and power. KEYWORDS: Pad; iPads; Galaxy Tab; Tablets; Iconia Tab; Lenovo Tab; Fire HD; Fire 7; Tablet; Surface Go; Surface Pro; MediaPad; Media Pad; Pixel Slate; HONOR Pad; Oppo Pad; Pro Tablet
Takeaway and Food Delivery	category	15747	TITLE: Takeaway and Food Delivery DESCRIPTION: The "Takeaway and Food Delivery" category in the UK encompasses a wide array of services and platforms designed for convenient meal ordering and delivery. Key players include Deliveroo, Uber Eats, Just Eat, and foodhub, all providing diverse cuisine options from local favourites to international delights. Popular fast-food chains like Burger King, McDonald's, Domino's, and Papa John's offer pizza orders and more through these platforms. This category is characterized by its focus on speed, convenience, and variety, catering to busy lifestyles and spontaneous cravings. It intersects with related categories such as online grocery delivery services like Getir, which provide complementary offerings. Users searching for "takeaway" or specific brands like "Deliveroo" or "UberEats" will find this category relevant for exploring meal deals and promotions. Distinct from traditional dining, this category emphasizes the ease of accessing meals from home or office via mobile apps or websites. KEYWORDS: Takeaway; Deliveroo; Uber Eats; UberEats; dominos; Papa Johns; Just Eat; JustEat; foodhub; getir; Burger King; McDonalds; Pizza Orders
Tent	category	15925	TITLE: Tent DESCRIPTION: The "Tent" category in the UK market offers a diverse range of mobile shelters, catering to various outdoor activities such as camping, hiking, and music festivals. Key types include lightweight summer tents with mesh ventilation for warm weather, three-season tents suitable for spring and autumn, and robust mountaineering tents designed for extreme conditions. Notable brands like Vango, Berghaus Air, and TentBox provide options from inflatable tents to traditional A-frame designs. Essential features to consider are hydrostatic head ratings for waterproofing, groundsheet materials like tyvek or polycro, and pole structures—fibre-glass or steel—for stability. Related products include tarps for minimalist setups and accessories like tent carpets and porches for added comfort. Complementary categories involve camping gear such as sleeping bags, backpacks, and portable stoves. Popular retailers include Blacks, Millets, and Amazon. Whether for family holidays in the Lake District or music festivals, choosing the right tent ensures a comfortable outdoor experience in the British climate. KEYWORDS: Tent; Tents; Teepee; Tipi; Vango Aether; Berghaus Air; TentBox; Tent Box; Person tent
Toaster	category	16364	TITLE: Toaster DESCRIPTION: Toasters, quintessential for preparing a classic English breakfast, are indispensable kitchen appliances designed for efficiently browning bread slices. This category encompasses a range of products including standard toasters and sandwich toasters, also known as toastie makers. Notable brands such as Dualit, Smeg, and Breville offer models renowned for their durability and precision toasting capabilities. Key features often include variable browning settings, defrost functions, and removable crumb trays for easy maintenance. Toasters are commonly paired with complementary kitchen appliances like kettles and coffee makers, enhancing the breakfast experience. For those seeking perfect toasties, sandwich toasters provide an ideal solution, sealing in fillings and creating crispy edges. Related categories might include kitchen gadgets and small cooking appliances. In the UK market, toasters are frequently sought in conjunction with deals on hotukdeals, providing value-conscious consumers with competitive pricing options. KEYWORDS: Toaster; Toasters; Sandwich Toaster; Toastie Maker
Toilet Roll	category	16379	TITLE: Toilet Roll DESCRIPTION: The Toilet Roll category in the UK encompasses a wide range of essential bathroom products, including Velvet Comfort and Cushelle brands known for their softness and durability. This category features toilet paper, toilet rolls, and toilet tissues, catering to varying preferences for ply thickness, texture, and eco-friendliness. Moist toilet tissues offer added hygiene benefits, making them a popular choice for consumers seeking enhanced cleanliness. Related categories include bathroom essentials such as hand wash, soap, and air fresheners, which complement the overall hygiene routine. Key considerations for buyers include absorbency, strength, and skin sensitivity. This category is distinct from kitchen roll or paper towels, which are designed for different purposes. Users often search for bulk purchase options and subscription services to ensure consistent supply. The Toilet Roll category is integral to everyday personal care, with a focus on comfort and practicality for British households. KEYWORDS: Velvet Comfort; Toilet Roll; Toilet Rolls; Toilet Tissue; Toilet Tissues; Cushelle; Toilet Paper; Moist Toilet
Trainers	category	16573	TITLE: Trainers DESCRIPTION: Trainers, commonly referred to as sneakers in some regions, are a staple in both casual and athletic wardrobes across the UK. This category encompasses a wide array of designs, from the iconic Fila Disruptor and Mindblower to the versatile New Balance 574 and Fresh Foam series. Catering to various activities such as running, walking, and everyday wear, trainers offer diverse styles, fits, and colours to suit personal preferences. Popular models like the New Balance 997H and Fila V94M are renowned for their comfort and durability. Related categories include sportswear, activewear, and casual shoes, offering complementary products such as sports socks and gym bags. When seeking deals on top brands like Fila and New Balance, explore seasonal sales or exclusive offers for optimal savings. Distinct from formal footwear, trainers are defined by their lightweight materials and supportive design, ideal for both fitness enthusiasts and fashion-forward individuals. KEYWORDS: Sneakers; Sneaker; Fila Shoes; Fila Trainers; Fila Disruptor; Fila Mindblower; Fila V94; Fila V94M; Fila Ray Low; Fila Ray F Low; Fila Grunge; Fila Orbit; fila; New Balance Shoes; New Balance Trainers; New Balance 997H; New Balance 373; New Balance 574; New Balance X-90; New Balance Fresh Foam
Trampoline	category	16579	TITLE: Trampoline DESCRIPTION: Trampolines are a quintessential outdoor recreational product, ideal for both children and adults seeking fun and fitness. This category encompasses a wide range of trampolines including garden trampolines, mini trampolines for indoor use, and professional-grade models suitable for gymnastics training. Popular UK brands such as Plum, TP Toys, and Jumpking offer various sizes and styles, from round to rectangular designs. Safety features like enclosures, padded edges, and robust frames are paramount, ensuring a secure bouncing experience. Related categories include outdoor play equipment, gymnastic mats, and safety gear. Trampolines complement activities like aerobics and physical therapy, providing a versatile exercise platform. They are distinct from bouncy castles and inflatable toys, focusing on durability and structured use. Search terms often include "garden trampoline," "kids trampoline," and "fitness trampoline." Explore options with foldable designs for easy storage or weather-resistant materials for year-round use in the British climate. KEYWORDS: Trampoline; Trampolines
Tumble Dryer	category	16710	TITLE: Tumble Dryer DESCRIPTION: Tumble dryers, essential for British households, efficiently dry clothes regardless of the weather, offering a convenient alternative to line drying. Popular brands like White Knight, Hotpoint, and Beko provide reliable models featuring advanced drying technologies such as sensor drying and heat pump systems. These appliances are available in various types, including vented, condenser, and integrated tumble dryers, catering to diverse installation needs. Energy efficiency is a key consideration, with many models boasting A+++ ratings. Complementary products include washing machines and laundry baskets, while related categories feature home appliances and energy-saving devices. Consumers often seek deals on tumble dryers during seasonal sales events. This category is distinct from washer-dryers, which combine washing and drying functions. Users searching for quick-drying solutions or space-saving laundry options will find tumble dryers an ideal choice in the UK market. KEYWORDS: Tumble Dryer; Tumble Dryers; tumbledryer
TV	category	16741	TITLE: TV DESCRIPTION: The TV category in the UK encompasses a diverse range of televisions, from compact 32-inch models to expansive 75-inch displays, catering to various viewing preferences and budgets. Key brands include Samsung, LG, Sony, Philips, Hisense, and Panasonic, offering technologies like OLED for perfect blacks and QLED for vibrant colours. Popular models feature 4K resolution with options for 8K, providing ultra-high-definition clarity. Smart TVs integrate platforms such as Netflix, Prime Video, and Disney+, with advanced gaming features like HDMI 2.1 and refresh rates up to 120Hz for seamless gameplay. Users benefit from regional retailers like John Lewis, Currys, and AO.com, known for competitive pricing, trade-in deals, and exclusive offers. Complementary products include soundbars and streaming devices. This category is distinct from monitors and projectors, focusing on home entertainment systems. Whether you're upgrading to a high-end OLED or seeking budget-friendly options, the UK market offers comprehensive solutions for all television needs. KEYWORDS: Hisense TV; Hisense 43"; Hisense 50"; Hisense 55"; Hisense 65"; Hisense 75"; Hisense 4K; Hisense U7A; N5500; H55U7A; H65AE6100UK; H65U9AUK; H50AE6100UK; H55U7AUK; H43A6200UK; H65A6500UK; H43A6500UK; H50U7AUK; H58AE6100UK; 75A6600UK
Tyres	category	16825	TITLE: Tyres DESCRIPTION: The Tyres category encompasses a wide range of car tyres and related accessories essential for vehicle maintenance and performance in the UK market. This category includes popular tyre sizes such as 195/65, 205/55, 225/40, 225/45, 235/40, 235/45, 245/45, and 255/35, catering to various vehicle models. Renowned brands like Goodyear are featured prominently, ensuring quality and reliability. In addition to tyres, the category includes essential accessories such as alloy wheels, wheel sockets, wheel nuts, and wheel wrenches, which are crucial for installation and maintenance. Products like Tyreweld offer emergency puncture repair solutions. Wheel alignment services are also integral to this category, ensuring optimal tyre performance and longevity. Complementary categories include car maintenance tools and automotive accessories. This category is distinct from related areas like car electronics or interior accessories by focusing specifically on tyre-related products and services. KEYWORDS: Goodyear; Alloy Wheel; Wheel Sockets; Wheel Nuts; Alloy Wheels; Alloys; Tyres; Wheel Alignment; 195/65; 205/55; 225/40; 225/45; 235/40; 235/45; 245/45; 255/35; Wheel Wrench; Tyreweld; Car Tyre
Video Games	category	17225	TITLE: Video Games DESCRIPTION: The "Video Games" category encompasses a wide array of interactive entertainment experiences available on platforms such as PS4, Xbox One, and Windows PCs. In the UK market, popular titles include Ubisoft's "For Honor," a historically-themed action fighting game featuring factions like Samurai, Vikings, and Knights in both single-player and multiplayer modes. This category also covers games like "Forza Horizon," "Crash Bandicoot," and "Rocket League," highlighting genres from racing to platformers and sports. Strategic titles such as "Age of Empires" and "Civilization" are included, appealing to fans of tactical gameplay. Other notable mentions are action-adventure series like "Assassin’s Creed" and immersive RPGs such as "The Elder Scrolls." Gamers often seek season passes for extended content in games like "Apex Legends." Accessories like wireless controllers enhance gameplay across these diverse genres. This category is distinct from non-interactive media and focuses on dynamic user engagement through gaming consoles and PCs. KEYWORDS: Forza Horizon; Forza Horizon 4; Forza Horizon 3; Forza; Crash Bandicoot; Rocket League; Metal Gear Solid; Dead Rising; Bioshock; Age Of Empires; Civilization; Season Pass; Apex Legends; Apex legend; EA Apex Legends; The Evil Within; The Elder Scrolls; Elder Scrolls; Tomb Raider; Titanfall
Vinyl	category	17254	TITLE: Vinyl DESCRIPTION: The Vinyl category encompasses a diverse collection of LP records, including classic albums, contemporary releases, and vinyl remasters. This category caters to audiophiles and collectors in the UK market, offering a wide array of genres such as rock, jazz, classical, pop, and more. Featuring iconic British artists and bands, the selection includes both limited editions and standard pressings. Vinyl enthusiasts can explore related categories such as turntables, record players, and audio accessories like styluses and cleaning kits. Key terms include "vinyl records," "LPs," and "vinyl remasters," ensuring users find both new releases and vintage collections. The category is distinct from digital music formats, emphasizing the tactile experience and superior sound quality associated with vinyl. Cross-category opportunities exist with home audio systems and music memorabilia. This description aims to connect with search queries related to purchasing vinyl in the UK, enhancing discoverability for music lovers seeking authentic listening experiences. KEYWORDS: Vinyl; LP; Vinyl remaster
Virgin	category	17258	TITLE: Virgin DESCRIPTION: Category: Virgin Media Services Virgin Media, a leading provider in the UK, offers a wide range of digital services including broadband internet, digital television, and mobile telecommunications. Known for its high-speed internet packages, Virgin Media is synonymous with terms such as "fibre broadband," "digital TV bundles," "mobile phone plans," and "home phone services." Popular products include the Virgin V6 TV box and the Hub 3 router. This category encompasses services like on-demand streaming, pay-per-view events, and unlimited data plans. Related categories include other telecommunications providers, home entertainment systems, and smart home devices. Users often search for terms like "Virgin Media deals," "broadband offers," and "TV package comparisons." In the British market, Virgin Media competes with brands like BT, Sky, and TalkTalk, offering unique features such as integrated apps and exclusive content partnerships. Distinct from Virgin Atlantic or Virgin Holidays, this category focuses solely on telecommunications and media services. KEYWORDS: Virgin
Vodafone	category	17346	TITLE: Vodafone DESCRIPTION: The Vodafone category encompasses a wide array of telecommunications services and products tailored for the UK market. This includes mobile phone plans, SIM-only deals, broadband services, and exclusive offerings such as the VeryMe Rewards programme. Vodafone is synonymous with reliable network coverage, competitive pricing, and innovative technology solutions. Key products under this category include pay monthly and pay-as-you-go plans, high-speed internet packages, and family bundles. The VeryMe Rewards programme offers personalised deals and discounts on popular brands, enhancing customer loyalty. Related categories include mobile phones, broadband routers, and smart home devices, facilitating cross-category recommendations. Complementary products often feature smartphones from leading brands like Apple and Samsung, as well as accessories such as chargers and earphones. The category is distinct from other telecom providers by its focus on customer-centric rewards and extensive network reach. Users searching for Vodafone services typically seek value-driven connectivity solutions within the UK context. KEYWORDS: Vodafone; VeryMe; Very Me
Vodka	category	17352	TITLE: Vodka DESCRIPTION: Vodka, a quintessential spirit originating from the Vodka Belt in Northern Europe and Russia, is renowned for its clean, neutral taste and versatility in cocktails. In the UK market, popular brands like Smirnoff, Grey Goose, Belvedere, and Absolut dominate shelves, offering a range of alcohol contents from 37.5% to 40%. Vodka's base ingredients vary widely, including potatoes, wheat, and corn, influencing its smoothness and flavour profile. Flavoured vodkas, such as those infused with vanilla or raspberry, enhance cocktail experiences, while unflavoured varieties highlight the spirit's purity. Key related categories include gin, whisky, and rum, with vodka being a staple in cocktails like the Bloody Mary and Cosmopolitan. British consumers often seek deals on vodka through retailers like Tesco and Waitrose or during events like Black Friday. Distinct from other spirits, vodka's appeal lies in its mixability and diverse production techniques, including charcoal filtration for a refined finish. KEYWORDS: Vodka; Smirnoff; Grey Goose; Ciroc
Watch	category	17526	TITLE: Watch DESCRIPTION: The "Watch" category encompasses a diverse array of timepieces, from luxury brands like Rolex and Tag Heuer to functional sports and smartwatches by Garmin and Apple. Catering to the British market, this category includes classic wristwatches, diving watches by Omega, dress watches with elegant leather straps, and aviator watches with multiple dials. Key features include quartz or mechanical movement, water resistance, and materials like stainless steel and titanium. Popular brands such as Accurist, Citizen, Rotary, Sekonda, Tissot, and Timex offer options for every style and occasion. Watches serve as both functional accessories and fashion statements, suitable for professional settings or casual wear. Complementary categories include jewellery and fitness trackers. Buyers should consider factors like case size, strap material, and watch shape when selecting their ideal timepiece. Find the latest deals on watches from retailers like John Lewis, H Samuel, Amazon, and Argos at HotUKDeals, ensuring quality and affordability for all preferences. KEYWORDS: Accurist; Citizen; Rotary Ladies; Rotary Men's; Rotary Mens; Rotary Watch; Rotary Ladies'; Rotary Ladie's; Rotary Automatic Skeleton; Rotary Les Originales; Rotary Watches; Rotary Chronograph; Sekonda; Tissot; Ice-Watch; Ice Watch; Bulova; Timex; Rolex; Misfit
Water Butt	category	17535	TITLE: Water Butt DESCRIPTION: The Water Butt category encompasses a range of water storage solutions designed for rainwater harvesting and conservation in UK gardens and homes. Key products include standard water butts, large capacity water big butts, and compact waterbutts, catering to various needs for sustainable water management. These containers are typically made from durable materials like plastic or recycled polymers, and they often feature accessories such as taps, stands, and diverter kits for easy integration with gutter systems. Renowned brands like Harcostar and Ward offer models with varying capacities, from 100 litres to over 300 litres, ensuring options for small urban gardens to extensive rural properties. Related categories include garden irrigation systems, rainwater diverters, and composters, facilitating eco-friendly gardening practices. Distinct from general garden containers or barrels, water butts specifically focus on rainwater collection efficiency. This category is essential for environmentally conscious consumers seeking to reduce water bills and promote sustainability in the British climate. KEYWORDS: Water Butt; Water Big Butt; Waterbutt
Wedding	category	17607	TITLE: Wedding DESCRIPTION: The Wedding category encompasses a wide array of products and services essential for planning and celebrating a wedding in the UK. Key items include bridal gowns, bridesmaid dresses, wedding bands, and rings, catering to both brides and grooms. This category is intricately linked with accessories such as veils, tiaras, and bridal jewellery. Popular British brands and designers offer bespoke services, ensuring unique and personalized experiences. Related categories include Event Planning, Jewellery, and Fashion Accessories, providing complementary options like venue decorations, floral arrangements, and formal wear for guests. Technical specifications often involve ring sizing, fabric types for dresses, and customisation options for personal touches. The category also covers wedding stationery, including invitations and thank-you cards. Distinct from general event categories, it specifically targets matrimonial ceremonies, highlighting cultural traditions and modern trends in British weddings. This comprehensive selection supports every aspect of wedding preparation and execution. KEYWORDS: Wedding; bridesmaid; Wedding Band; Wedding Ring; Bridal; Bride
Whisky	category	17692	TITLE: Whisky DESCRIPTION: Whisky, a cherished spirit in the UK, encompasses a diverse range of styles including Scotch, Bourbon, and Irish whiskey. This category features renowned brands such as Johnnie Walker, Glenfiddich, and Laphroaig, alongside emerging favourites like Japanese whisky. Key types include Blended Whisky, Single Malt, and Blended Malt, with popular varieties from distilleries like Glenlivet, Bowmore, and Talisker. Whisky aficionados can explore a spectrum of flavour profiles from peaty and smoky to smooth and sweet. Complementary categories include glassware for whisky tasting and gift sets for special occasions. Whether seeking a premium bottle or affordable options, consumers can discover significant deals on brands like Aberlour and Famous Grouse. Distinct from other spirits such as rum or gin, whisky offers a unique tasting experience often enjoyed neat or on the rocks. This category caters to enthusiasts searching for variety and value in the British whisky market. KEYWORDS: Blended Malt; Blended Whisky; Blended Whiskey; Whisky; Whiskey; Malt; Scotch; Bourbon; Bushmills; Jameson; Famous Grouse; Bowmore; Johnnie Walker; Glenmorangie; Laphroaig; Aberlour; Glenlivet; Glenfiddich; Talisker; Jura
Wine	category	17832	TITLE: Wine DESCRIPTION: The Wine category in the UK offers a diverse selection of alcoholic beverages crafted from fermented grapes, including popular varieties such as red, white, rosé, sparkling, and dessert wines. Renowned grape types like Riesling, Chardonnay, Sauvignon Blanc, Merlot, Cabernet Sauvignon, Pinot Noir, Malbec, and Shiraz are widely available. Sparkling options such as Champagne, Prosecco, and Cava remain favourites for celebrations. British consumers can explore wines from global regions like France, Italy, Australia, South America, and emerging markets like India. Key retailers include Tesco, Majestic Wine, The Wine Society, and Virgin Wines, offering competitive deals and memberships for bulk purchases. Complementary products such as wine racks, glasses, coolers, and aerators enhance the wine experience. As the UK's most popular alcoholic beverage, wine pairs well with diverse cuisines and occasions. This category is distinct from spirits and beer, focusing on vinification processes like fermentation and aging in oak barrels or stainless steel vats. KEYWORDS: Wine; Riesling; Chardonnay; Sauvignon blanc; Merlot; Cabernet Sauvignon; Pinot noir; prosecco; cava; Malbec; Shiraz; rioja; Campo Viejo; Wines; Santodeno; Sparkling Rose; Louis Bouillot; Bucks Fizz; Buck's Fizz; Freixenet
Xbox	category	18106	TITLE: Xbox DESCRIPTION: The Xbox category encompasses Microsoft's renowned gaming consoles, including the Xbox Series X, Xbox One S, and Xbox 360, pivotal in the UK gaming market. Known for their robust gaming hardware and immersive experiences, these consoles support 4K gaming, HDR content, and backward compatibility with classic titles. Key features include Xbox Live for multiplayer gaming, Xbox Game Pass for a vast library of games, and Xbox Kinect for motion-sensing gameplay. The category includes essential accessories like the Xbox Wireless Controller, Elite Wireless Controller, and Xbox Headset. Xbox consoles are often compared to Sony PlayStation and Nintendo Switch, with unique offerings such as exclusive franchises like Halo and Gears of War. Popular among UK gamers, Xbox consoles are available through major retailers like GAME, Currys, and the Microsoft Store. Explore bundled deals during peak shopping events like Black Friday for optimal savings on these versatile entertainment systems. KEYWORDS: Xbox One S; Xbox One X; Xbox Series X; Xbox 360; Xbox Kinect; Xbox Controller; Xbox Wireless Controller; Xbox Elite Wireless Controller; Xbox One Controller; Xbox One Wireless Controller; Xbox One Elite Wireless Controller; Xbox Headset; Xbox Live; Xbox Gamepass; Xbox Game Pass; Xbox Store Live; Xbox Console; Xbox Consoles
Xbox Live Gold	category	18157	TITLE: Xbox Live Gold DESCRIPTION: Xbox Live Gold is a premium subscription service by Microsoft tailored for Xbox gamers in the UK, providing access to online multiplayer gaming, exclusive member discounts, and free monthly games. Key features include Deals with Gold, offering substantial savings on Xbox game titles and add-ons. Subscribers can choose from various plans, such as a 12-month membership, to unlock enhanced gaming experiences. Xbox Live Gold seamlessly integrates with Xbox consoles like Xbox Series X and Xbox One, ensuring compatibility and enhanced gameplay. This service is distinct from Xbox Game Pass Ultimate, which combines Xbox Live Gold with additional benefits. Users frequently search for terms like "Xbox Live," "Xbox Gold," and "Deals with Gold" when seeking bargains on subscriptions and credits for the Microsoft Store. For those interested in cross-category opportunities, consider exploring related services like Xbox Game Pass or PlayStation Plus for comparative value in online gaming subscriptions. KEYWORDS: Xbox Live; Xbox Live Gold; with gold; Deals With Gold; Xbox Gold
Yankee Candle	category	18234	TITLE: Yankee Candle DESCRIPTION: Yankee Candle is a renowned brand in the UK, offering a diverse range of premium scented candles known for their long-lasting fragrance and high-quality wax. This category includes popular product lines such as Jar Candles, Votive Candles, and Tea Light Candles, each available in a variety of scents like Vanilla Cupcake, Clean Cotton, and Midnight Jasmine. Yankee Candle also features seasonal collections and limited editions, appealing to collectors and gift-givers alike. Complementary products include candle holders, wax melts, and room sprays, which enhance the home ambiance. Related categories encompass Home Fragrance, Aromatherapy, and Gift Sets. Consumers often search for terms like "scented candles," "home fragrance," and "candle gifts" when exploring this category. Distinct from other candle brands, Yankee Candle is celebrated for its authentic aromas and decorative designs, making it a staple in British homes for both everyday use and special occasions. KEYWORDS: Yankee Candle; Yankee Candles; Yankee Candlestick
Salmon	category	19511	TITLE: Salmon DESCRIPTION: Salmon, a staple in British cuisine, is a versatile and nutrient-rich fish renowned for its high protein content and essential omega-3 fatty acids. Available fresh, frozen, or canned, popular varieties include Coho, Pink, Keta (Chum), and Sockeye. Each type offers unique flavours and textures suitable for diverse culinary applications—from pan-frying and grilling to baking and poaching. Salmon's rich history in the UK dates back to the 1800s, with smoked salmon being a delicacy, especially from Scotland. Key cuts like fillets, belly, and tail provide options for different recipes such as pasta dishes, tarts, sashimi, pokē, and ceviche. Major UK supermarkets like Tesco, Waitrose, and Sainsbury's offer a wide selection of salmon products, often featuring seasonal deals. Complementary categories include seafood accompaniments like lemon and dill. For the best prices, check hotukdeals for ongoing offers on this gourmet fish. KEYWORDS: Salmon
Frozen Food	category	19823	TITLE: Frozen Food DESCRIPTION: The Frozen Food category encompasses a wide array of frozen products ideal for convenient meal preparation and quick snacks, catering to diverse dietary needs in the UK market. This category includes frozen meals such as lasagnas, curries, and pizzas, alongside popular brands like Birds Eye, McCain, and Aunt Bessie's, known for their high-quality freezer fillers. Ice cream and ice lollies from brands like Halo Top offer delightful dessert options. Young's Gastro provides premium seafood selections, enhancing gourmet dining experiences at home. The category serves as a hub for easy meal solutions, with items ranging from vegetables and ready-to-cook meats to delectable desserts. It complements categories like fresh produce and pantry staples, allowing seamless cross-category shopping. This comprehensive selection ensures that whether you're stocking up on essentials or seeking indulgent treats, the Frozen Food category meets all culinary preferences with convenience and variety. KEYWORDS: Frozen Food; Frozen Products; Frozen Meal; Frozen Meals; Ice cream; halo top; McCain; Freezer Fillers; Freezer Filler; Freezer items; Youngs Gastro; Young's Gastro; Aunt Bessie's; Aunt Bessies; Birds Eye; Ice Lolly; Ice Lollies
Scotch Whisky	category	19929	TITLE: Scotch Whisky DESCRIPTION: Scotch Whisky, a quintessential British spirit, embodies the rich heritage and diverse flavours of Scotland's distilleries. Renowned brands such as Glenmorangie, Laphroaig, Aberlour, and Glenlivet offer a spectrum of taste profiles from peaty and smoky to smooth and floral. Iconic names like Glenfiddich, Johnnie Walker (also spelled Johnny Walker), and Famous Grouse are staples in whisky collections across the UK. Explore the unique characteristics of Bowmore, Cardhu, Jura, and Talisker, each offering distinct regional notes from Islay's intense peat to Speyside's sweet malt. Highland Park Dragon adds a mythical allure to this category. Scotch Whisky is often compared with Bourbon or Irish Whiskey but remains distinct for its traditional Scottish production methods and ageing processes. This category is closely related to premium spirits and is ideal for gifting, celebration, or personal enjoyment. Pair with fine cheeses or dark chocolate to enhance tasting experiences. KEYWORDS: Glenmorangie; Laphroaig; Aberlour; Glenlivet; Glenfiddich; Johnnie Walker; Johnny Walker; Famous Grouse; Bowmore; Cardhu; Jura; Scotch Whisky; Scotch Whiskey; Talisker; Highland Park Dragon
Gaming Laptop	category	20620	TITLE: Gaming Laptop DESCRIPTION: Gaming laptops, also known as high-performance portable PCs, are designed for immersive gaming experiences with powerful graphics cards, fast processors, and high-refresh-rate displays. Key brands such as MSI, Asus ROG (Republic of Gamers), Acer Predator, Alienware, and HP Omen dominate the UK market, offering models that cater to both casual and professional gamers. Essential features include NVIDIA GeForce or AMD Radeon GPUs, Intel Core i7 or AMD Ryzen CPUs, and SSD storage for rapid load times. Popular related categories include gaming accessories like mechanical keyboards, gaming mice, and headsets. Users often seek deals on these premium devices, making budget-friendly options a priority. Gaming laptops differ from standard laptops by prioritizing performance over portability. Whether you're exploring open-world adventures or engaging in competitive esports, these laptops provide the necessary power and visual fidelity. Explore cross-category recommendations for gaming monitors and VR headsets to enhance your setup. KEYWORDS: Gaming Laptop; Acer Predator; ROG Laptop; Republic of Gamers Laptop; Alienware Laptop; Gaming Laptops; HP Omen Laptop
Shed	category	20760	TITLE: Shed DESCRIPTION: The "Shed" category encompasses a range of outdoor structures including traditional sheds, log cabins, and garden offices, serving various storage and workspace needs. Popular in the UK, these structures are essential for garden equipment storage, DIY workshops, or home offices. Key terms include "Sentry Box," a compact shed variant, and "log cabin," indicating a more robust, insulated option suitable for year-round use. Brands like Rowlinson, Forest Garden, and Keter are notable in this category. Sheds can be constructed from materials such as wood, metal, or plastic, each offering different benefits in terms of durability and maintenance. Related categories include outdoor furniture, decking, and landscaping tools. Complementary products often sought with sheds are padlocks, shelving units, and weatherproofing kits. This category is distinct from greenhouses or summerhouses, which are designed primarily for plant cultivation or leisure rather than storage or workspaces. KEYWORDS: Shed; log cabin; sheds; Sentry Box; Garden Office
Beef	category	21346	TITLE: Beef DESCRIPTION: The "Beef" category is a comprehensive selection of premium meat products, including cuts such as steak, roast, and mince, with special emphasis on high-quality varieties like Wagyu and Angus. This category caters to culinary enthusiasts and home cooks seeking tender, flavourful beef options for grilling, roasting, or slow-cooking. Key terms include ribeye, sirloin, fillet, brisket, and ground beef, ensuring a rich variety for diverse cooking needs. British consumers often seek locally sourced beef, emphasising grass-fed and organic options. Related categories include "Poultry," "Lamb," and "Pork," providing cross-category synergy for meal planning. Complementary products such as marinades, rubs, and cooking utensils enhance the beef cooking experience. Distinct from "Veal" or "Game Meats," this category focuses on traditional beef offerings. Brands like Aberdeen Angus and Hereford are popular in the UK market. This description optimally aligns with search queries related to beef recipes, gourmet ingredients, and sustainable meat sourcing. KEYWORDS: Steak; Beef; Wagyu
Amazon Prime	category	23187	TITLE: Amazon Prime DESCRIPTION: Amazon Prime in the UK offers a comprehensive subscription service integrating streaming, shopping, and exclusive benefits. As a Prime member, you gain access to Amazon Video and Amazon Music, featuring ad-free music playlists and curated content. Prime Video provides an extensive library of TV shows and films, including exclusive series like "The Grand Tour" and "The Man in the High Castle". The Prime Reading feature allows unlimited access to e-books and magazines, while Audible provides audiobooks. Prime members benefit from free same-day delivery on thousands of items, early access to Lightning Deals, and exclusive deals on Prime Day—a major annual sales event. Services like Amazon Fresh and Pantry deliver groceries and household essentials directly to your door. Twitch Prime offers gaming perks, including access to exclusive content. With options for monthly or annual subscriptions, including discounts for students via Amazon Student, Prime is tailored for diverse needs. Explore HotUKDeals for the latest Amazon Prime discounts. KEYWORDS: Amazon Prime; Prime Exclusive; Prime Members; Prime member; Prime Customers; Prime Day; Prime Deal; Prime Only; Amazon Music; Prime Music; Amazon Fresh; Via Fresh; Amazon Photos; Amazon Subscribe & Save; Prime Reading; Prime Students; Prime Student; Select Prime; Selected Prime; Prime Excl
Butter	category	24184	TITLE: Butter DESCRIPTION: Butter, a staple in British households, is a versatile dairy product derived from churning cream. It encompasses a range of types including salted, unsalted, organic, and cultured butter, catering to diverse culinary needs. Prominent brands like Lurpak, Anchor, and Kerrygold dominate the UK market, offering high-quality options for cooking, baking, and spreading. Butter is often featured alongside related categories such as margarine, spreads, and dairy products like cream and cheese. It pairs well with bread, pastries, and vegetables, enhancing flavour profiles with its rich texture. Users frequently search for terms like "best butter for baking," "organic butter UK," or "salted vs unsalted butter." Distinct from margarine and plant-based alternatives, butter's unique taste and natural composition make it a preferred choice for traditional British recipes. This category is essential for consumers seeking authentic ingredients for both everyday meals and gourmet dishes. KEYWORDS: Butter
Spirit & Liqueur	category	24213	TITLE: Spirit & Liqueur DESCRIPTION: The "Spirit & Liqueur" category encompasses a diverse range of alcoholic beverages, including whisky, gin, vodka, rum, brandy, tequila, and liqueurs such as Disaronno and Southern Comfort. Whisky, particularly single malt Scotch, is a significant focus in the UK market, known for its investment potential and cultural heritage. Renowned brands include Glenfiddich and Macallan, with Japanese whisky also gaining prominence. Complementary categories include mixers and barware. Users often search for deals on popular brands like Bacardi, Tia Maria, and Cognac. This category is distinct from non-alcoholic beverages such as soft drinks. Related products might include cocktail shakers and glassware. With whisky's rich history in Scotland and emerging markets in Russia and India, this category appeals to both collectors and casual drinkers. High-value keywords include spirits, liqueurs, bourbon, vermouth, and coffee liqueur. KEYWORDS: Disaronno; Southern Comfort; Cognac; Spirits; Spirit; Liqueur; Liqueurs; Liquor; Liquors; whisky; whiskey; bourbon; brandy; rum; gin; vodka; tequila; Vermouth; Tia Maria; Coffee liqueur
MacBook Air	category	26018	TITLE: MacBook Air DESCRIPTION: The MacBook Air category encompasses Apple's ultra-portable laptops known for their sleek design, lightweight build, and efficient performance. This category includes models featuring Apple's M1 and M2 chips, renowned for their power efficiency and speed, making them ideal for both everyday tasks and demanding applications. Key features include Retina displays with True Tone technology, Magic Keyboard, Force Touch trackpad, and all-day battery life. Available in various configurations of RAM and SSD storage, the MacBook Air is perfect for students, professionals, and creatives seeking a balance between mobility and capability. Related categories include MacBook Pro for more intensive computing needs and iPad for versatile tablet use. Accessories such as USB-C adapters, protective cases, and AppleCare+ are often purchased alongside. In the UK market, popular retailers like John Lewis, Currys, and the Apple Store offer competitive deals on these laptops. Distinct from other laptops, the MacBook Air's integration with macOS ensures seamless connectivity with other Apple devices. KEYWORDS: MacBook Air
Ryobi	category	26690	TITLE: Ryobi DESCRIPTION: The Ryobi category encompasses a wide range of power tools, garden equipment, and accessories renowned for their durability and innovative design. As a leading brand in the UK market, Ryobi offers products such as cordless drills, impact drivers, lawnmowers, and hedge trimmers, all powered by their proprietary ONE+ battery system. This category is essential for both DIY enthusiasts and professional tradespeople seeking reliable and versatile equipment. Key related categories include power tool accessories, outdoor garden tools, and workshop storage solutions. Ryobi's products are often compared with brands like Bosch, Makita, and DeWalt, but they stand out due to their affordability and extensive product lineup. Users searching for efficient and cost-effective solutions for home improvement or gardening tasks will find Ryobi products highly suitable. Additionally, this category supports cross-selling opportunities with battery packs, chargers, and protective gear. KEYWORDS: Ryobi
Gaming PC	category	28074	TITLE: Gaming PC DESCRIPTION: Optimized Category Description: Explore the pinnacle of digital entertainment with our Gaming PC category, featuring cutting-edge systems like Alienware X51, HP Omen PC, ASUS ROG, and Acer Predator Orion. These high-performance gaming desktops are equipped with advanced graphics cards, superior processors, and ample RAM to deliver an unparalleled gaming experience. Whether you're a casual gamer or an esports enthusiast, our selection caters to all levels of gameplay. Discover custom-built systems and pre-configured options that offer exceptional speed, expansive storage, and immersive audio-visual capabilities. Ideal for PC gaming aficionados in the UK, these machines support popular titles and VR applications seamlessly. Complementary categories include gaming monitors, mechanical keyboards, and gaming mice, ensuring a complete setup. With brands like Republic of Gamers leading the charge, redefine your gaming experience with a powerful Gaming Desktop PC designed for today's demanding games. KEYWORDS: Gaming PC; PC Gaming; Alienware X51; HP Omen PC; HP Omen Desktop PC; ASUS ROG PC; Republic of Gamers PC; Gaming Desktop PC; Acer Predator Orion; Gaming Desktop; PC for Gaming
Skechers	category	29519	TITLE: Skechers DESCRIPTION: Skechers is a renowned footwear brand celebrated for its diverse range of comfortable and stylish shoes, catering to various needs and preferences within the UK market. Established in 1992 in California, Skechers has grown to become a leading name in athletic and casual footwear, offering collections such as Sport, Performance, Casual, Work, and Kids. Popular product lines include Relaxed Fit, known for roomy comfort; Skechers USA, featuring classic American styles; and Shape-Ups, designed for enhanced cushioning. The brand's innovative use of memory foam technology and features like Skech-Knit Mesh ensure optimal support and breathability. Skechers' offerings extend to specialised models like the GO Walk and GO Run series, tailored for fitness enthusiasts. Complementary products include sandals with Resalyte material for added comfort and Bobs trainers with breathable fabric. Whether you're seeking durable work boots or trendy trainers, Skechers provides high-quality options for every occasion, making it a go-to choice for UK consumers seeking both fashion and functionality. KEYWORDS: Skechers; Sketchers; Skecher Trainers; Skecher Shoes
Hot Tub	category	31191	TITLE: Hot Tub DESCRIPTION: Hot tubs, also known as Lay-Z-Spa or Lazy Z in the UK, are a sought-after addition to British gardens, transforming outdoor spaces into personal relaxation retreats. These portable spas range from inflatable models to more permanent fixtures, offering hydrotherapy benefits and social enjoyment. Popular brands such as Lay-Z-Spa provide various models featuring jet systems, digital controls, and energy-efficient heating. Hot tubs are often paired with accessories like covers, steps, and maintenance kits for optimal use. Related categories include garden furniture, patio heaters, and outdoor lighting, enhancing the overall garden experience. When searching for hot tubs, users may also explore complementary products such as pool chemicals and water filtration systems to maintain water quality. Ideal for both leisure and therapeutic purposes, hot tubs distinguish themselves from swimming pools by their compact size and focus on relaxation. In the UK market, hot tubs cater to diverse preferences, ensuring a perfect fit for any outdoor setting. KEYWORDS: Hot Tub; Lay-Z-Spa; Lazy Z; Hot Tubs
Soundbar	category	33994	TITLE: Soundbar DESCRIPTION: A soundbar is an essential audio accessory for enhancing the auditory experience of modern flat-screen televisions, offering a sleek and space-efficient alternative to traditional home cinema systems. This category encompasses a wide range of models and features, including popular brands like Sonos, Bose, Samsung, LG, and Teufel, with products such as the Sonos PLAYBAR, Sonos Beam, Bose Soundbar, and Samsung HW-N950. Soundbars, also known as soundbases or sound bars, like the Q Acoustics M2 and LG DSH7, provide immersive sound quality with options for wireless connectivity and smart home integration. In the UK market, these devices are often compared with complementary products like subwoofers and surround sound systems. Related categories include home audio systems and television accessories. Users searching for soundbars might also explore terms like Sonos Arc, Playbase, or SoundTouch. This category is distinct from standalone speakers or portable Bluetooth speakers, focusing specifically on TV-compatible audio solutions. KEYWORDS: Soundbase; Q Acoustics M2; Sonos PLAYBASE; Sonos PLAYBAR; Sonos Play Bar; Soundbar; sound bar; Soundtouch 300; Playbase; Playbar; LG DSH7; LG SJ; Bose Soundbar; Samsung HW-N950; Sonos Beam; Teufel Cinebar; SoundTouch; Sound Touch; Sonos Arc; soundbars
EE	category	38396	TITLE: EE DESCRIPTION: The "EE" category in the UK context primarily refers to Everything Everywhere, a prominent British mobile network operator and internet service provider. This category encompasses a wide range of telecommunications products and services, including mobile phone contracts, pay-as-you-go plans, SIM-only deals, and broadband packages. Key offerings include 5G connectivity, unlimited data plans, and family sharing options. EE is known for its extensive coverage across the UK and partnerships with major smartphone brands like Apple, Samsung, and Huawei. Related categories include mobile phones, SIM cards, internet routers, and wearable technology. Complementary products often include protective cases, chargers, and headphones. Users searching for terms like "EE mobile plans," "EE broadband deals," or "best network UK" are likely seeking information within this category. Distinct from other network providers such as Vodafone or O2, EE is particularly noted for its customer service and innovative features like Smart Benefits and roaming packages. KEYWORDS: EE
Cuprinol	category	39691	TITLE: Cuprinol DESCRIPTION: Cuprinol, a leading brand in the UK for woodcare products, is renowned for its high-quality wood preservatives, stains, and paints, specifically designed to protect and enhance outdoor timber. The Cuprinol category encompasses a wide range of products including Ducksback, known for its superior weather-resistant properties and long-lasting colour retention. This category is essential for users seeking solutions for garden furniture, fences, sheds, and decking, offering durable protection against the British climate. Key product features include water repellency, UV protection, and quick-drying formulations. Related categories include exterior wood paints, garden maintenance tools, and weatherproofing solutions. Complementary products often sought alongside Cuprinol items include paintbrushes, rollers, and cleaning supplies. This category stands distinct from general interior paints due to its specialised outdoor application focus. Popular search queries might include "Cuprinol Ducksback fence treatment," "weatherproof wood stain," or "outdoor timber protection UK." KEYWORDS: Cuprinol; Ducksback
Slow Cooker	category	40226	TITLE: Slow Cooker DESCRIPTION: Slow Cookers, also known as crock pots in the UK, are essential kitchen appliances for hassle-free meal preparation. Perfect for busy professionals and families seeking nutritious home-cooked meals, these devices offer a range of features from basic models to advanced smart slow cookers with app-controlled settings. Popular brands such as Morphy Richards, Crock-Pot, and Russell Hobbs provide models with varying capacities, programmable timers, and multifunctional capabilities that may include pressure cooking and sautéing. Slow cookers are ideal for preparing stews, casseroles, soups, and even desserts with minimal effort. Related categories include pressure cookers, rice cookers, and multi-cookers, offering complementary cooking solutions. With energy-efficient designs, they are a sustainable choice for UK households. When searching for slow cookers, consider factors like size, functionality, and price to find the best fit for your culinary needs. Explore deals on hotukdeals for cost-effective options. KEYWORDS: Slow Cooker
App	category	45319	TITLE: App DESCRIPTION: This category encompasses travel applications designed for the UK market, focusing on mobile software solutions that assist users in planning and managing travel itineraries. Key features often include flight booking, hotel reservations, and car hire services, alongside real-time updates on travel schedules. Popular apps in this category might integrate with public transport systems like the London Underground or National Rail, offering route planning and ticket purchasing capabilities. Notable brands could include Skyscanner, Trainline, and TripAdvisor, known for their user-friendly interfaces and comprehensive travel databases. Related categories might involve navigation apps, such as Google Maps or Citymapper, and language translation tools. Complementary products include travel accessories and portable chargers. This category is distinct from general lifestyle apps by its specific focus on travel logistics and itinerary management. Users typically search for terms like "UK travel app," "flight booking app," or "train schedule app," seeking seamless travel experiences across the United Kingdom. KEYWORDS: Travel App
Ferrero Rocher	category	45593	TITLE: Ferrero Rocher DESCRIPTION: The Ferrero Rocher category encompasses premium confectionery products known for their distinctive gold foil-wrapped hazelnut chocolates. This category includes the iconic Ferrero Rocher chocolates, recognized for their whole hazelnut encased in a creamy filling, wafer shell, and milk chocolate coating with finely chopped hazelnuts. Also featured are Raffaello confections, which offer a coconut-almond alternative with a white chocolate and coconut exterior. As a luxury gifting option, Ferrero Rocher is frequently associated with celebratory occasions like Christmas, Easter, and Valentine's Day. Related categories include gourmet chocolates, gift hampers, and seasonal confectionery assortments. Complementary products might include fine wines, champagne, or coffee for pairing. The category distinguishes itself from general chocolate offerings through its emphasis on presentation and premium ingredients. In the UK market, Ferrero Rocher is synonymous with elegance and indulgence, appealing to consumers seeking high-quality, sophisticated treats. KEYWORDS: Ferrero Rocher; Ferrero; Raffaello
Engine Oil	category	50311	TITLE: Engine Oil DESCRIPTION: Engine Oil is an essential automotive lubricant category, crucial for maintaining engine performance and longevity. This category includes a wide range of viscosity grades such as 5W30 and 5W40, which are suitable for various vehicle types and driving conditions. Popular brands like Castrol, Shell Helix, and Redex offer premium engine oils known for their advanced formulations that enhance fuel efficiency and reduce engine wear. Engine oil serves as a vital component in car maintenance, ensuring optimal lubrication, cooling, and cleaning of engine parts. In the UK market, motorists often seek these products for regular car servicing and engine treatment. Related categories include car maintenance tools, oil filters, and vehicle fluids, which complement engine oil purchases. Understanding the specific needs of different engines, whether petrol or diesel, helps in selecting the right oil type. This category is distinct from general lubricants due to its specialized role in automotive care. KEYWORDS: Castrol; Redex; Engine Oil; 5W30; 5W-30; Shell Helix; Car Oil; 5W40; Engine Treatment
Home Accessories	category	51166	TITLE: Home Accessories DESCRIPTION: The "Home Accessories" category encompasses a diverse range of products designed to enhance the aesthetic and functional appeal of living spaces in the UK. This category features essential items such as curtains and blinds, which offer privacy and light control, with popular options including Bissell-branded products known for quality. Rugs and carpets add warmth and style, while clothes airers provide practical solutions for indoor drying. Decorative accents such as photo frames—available in various styles like aperture and picture frames—allow personalisation of home interiors. Diffusers and diffusors, including popular aromatic variations, contribute to creating a pleasant atmosphere. Complementary categories include furniture, lighting, and home textiles, facilitating cross-category recommendations. This category caters to British tastes with an emphasis on both classic and contemporary designs, distinguishing itself from broader homeware categories by focusing specifically on decorative and functional accessories that complete a home. KEYWORDS: Bissell; Curtain; curtains; Rug; Rugs; Airer; Clothes Airer; diffusers; diffuser; diffusor; diffusors; Photo Frame; Photo Printed; picture frame; Aperture Frame; Photo Frames; Picture Frames; Photo Holder; Blinds; blind
Advent Calendar	category	52171	TITLE: Advent Calendar DESCRIPTION: The Advent Calendar category encapsulates a diverse range of festive countdown products, popular in the UK during the Christmas season. These calendars traditionally feature 24 or 25 numbered compartments, each revealing a surprise for every day leading up to Christmas. Options include chocolate advent calendars from brands like Cadbury and Lindt, and toy-filled versions from LEGO and Playmobil, including Star Wars and Disney themes. For adults, there are luxury offerings such as gin or whisky advent calendars by Drinks by the Dram, beauty calendars from Benefit and Ciaté, and gourmet food options featuring teas or savoury snacks. Fabric advent calendars provide reusable alternatives, often found on platforms like Etsy. Complementary items include advent candles from Yankee Candle, which enhance the festive atmosphere with seasonal scents. This category is distinct from general holiday decorations or gift calendars, emphasizing its unique role in the anticipation of Christmas. Cross-category links include related festive items and holiday gifts. KEYWORDS: Playmobil Advent Calendar; Playmobil Advent; 9264; Wine Advent Calendar; Wine Calendar; Advent; Advent Calendar; Holiday Calendar; Festive Calendar
Xbox Controller	category	53593	TITLE: Xbox Controller DESCRIPTION: The Xbox Controller category encompasses a diverse range of gamepads and control devices tailored for Xbox Series X, Series S, Xbox One, and Xbox 360 consoles. Key models include the Microsoft Xbox Wireless Controller 2020, known for its ergonomic design, wireless capability, and customizable button mapping. These controllers feature textured grips, Bluetooth connectivity, and a 3.5mm headphone jack for immersive gameplay. Beyond standard gamepads, options such as the Xbox Elite Wireless Controller offer premium features like interchangeable thumbsticks and paddles. Third-party brands like Razer and Scuf provide enhanced controllers with additional triggers and custom designs. Xbox controllers also serve as versatile tools for PC gaming and TV control, compatible with brands like LG and Samsung. Complementary products include steering wheels from Logitech for racing games and Thrustmaster flight sticks for aerial simulations. This category is essential for gamers seeking precision and adaptability across various gaming genres in the UK market. KEYWORDS: Xbox Controller; Series X Controller; Series S Controller; Xbox Series Controller; series x controllers xbox series x controllers; Microsoft Xbox Wireless Controller 2020; Xbox Wireless Controller 2020; Xbox Series X/S Wireless Controller; Xbox Series X/S Controller
VPN	category	55789	TITLE: VPN DESCRIPTION: In the UK, Virtual Private Networks (VPNs) are essential tools for digital privacy and unrestricted internet access. They employ military-grade encryption, advanced tunnelling protocols like PPTP and IPSec, and global server networks to anonymize user data and bypass geo-restrictions. Popular VPN providers include NordVPN, ExpressVPN, and PureVPN, known for high-speed connections, extensive server coverage, and robust privacy features. These services are indispensable for unblocking content on platforms such as Netflix and BBC iPlayer, ensuring secure browsing on public Wi-Fi, and protecting against cyber threats. VPNs also offer anonymity for torrenting and can help users find better deals by simulating different geographic locations. When selecting a VPN, consider factors like speed, server availability, encryption strength (AES-256), no-logging policies, and multi-device support. British users should be cautious of free VPNs due to potential privacy risks. For the best prices, explore deals on platforms like hotukdeals, especially during sales events like Cyber Monday. KEYWORDS: VPN; IPVanish; windscribe; NordVPN; NORD BASIC; PureVPN; Surfshark
Electric Bike	category	56365	TITLE: Electric Bike DESCRIPTION: Electric bikes, commonly known as E-Bikes or Powerbikes, are revolutionizing personal transport in the UK by blending eco-friendliness with convenience. This category includes a diverse range of models such as electric hybrid bikes, electric mountain bikes (EMTB), electric city bikes, and electric folding bikes, catering to various cycling needs from commuting to leisure and off-road adventures. Prominent brands like Swifty offer innovative solutions, including electric trekking bikes and hardtail options, ensuring versatility for all terrains. E-Bikes are perfect for reducing physical exertion while maintaining speed and efficiency, making them ideal for urban commuters and outdoor enthusiasts alike. Related categories include cycling accessories, such as helmets and lights, and complementary products like bike racks and maintenance kits. This category is distinct from traditional bicycles by its integration of battery-powered assistance, appealing to those seeking sustainable travel alternatives. Discover the latest deals on hotukdeals for competitive pricing in the British market. KEYWORDS: Electric Bike; E-Bike; E Bike; Powerbike; Swifty Electric hybrid; ELECTRIC HYBRID BIKE; Electric Mountain Bike; EMTB Bike; ebike; Electric City Bike; Electric Trekking Bike; Electric Folding Bike; Electric Hardtail; Electric Commuter Bike
OLED TV	category	60886	TITLE: OLED TV DESCRIPTION: OLED TVs represent the pinnacle of home entertainment technology, offering unmatched picture quality with deep blacks, vibrant colours, and smooth motion handling. Renowned brands like LG, Sony, and Panasonic lead the market with models such as the LG OLED series, Sony KD 55A1, KD 65A1, and Panasonic TX-55EZW954. Key features include 4K resolution, HDR support, and advanced smart TV functionalities. Popular choices in the UK include the Panasonic TX-65EZW1004 and TX-77EZW1004 models, known for their superior cinematic experience. OLED technology is distinct from LED and QLED TVs due to its self-emissive pixels that provide superior contrast and viewing angles. This category is closely related to soundbars and home theatre systems for an enhanced audio-visual setup. Ideal for cinephiles and gamers seeking immersive experiences, OLED TVs are a premium choice available through retailers like Currys, John Lewis, and Argos. KEYWORDS: OLED; OLED TV; OLED TVs; LG OLED; Sony KD 55A1; Sony KD 65A1; 65A1; 55A1; Panasonic TX-55EZW954; Panasonic TX-65EZW1004; Panasonic TX-65EZW954; Panasonic TX-77EZW1004; Panasonic TX-65CZW954; 55EZW954; W954; 65EZW1004; W1004; 65EZW954; 77EZW1004; 65CZW954
Price Glitch	category	61062	TITLE: Price Glitch DESCRIPTION: Price Glitch opportunities present a unique and exhilarating avenue for savvy British shoppers seeking exceptional savings. This category encompasses unexpected pricing errors across a wide range of products, from electronics and home appliances to fashion items and groceries. Often found on platforms like HotUKDeals, these glitches allow consumers to purchase high-value items at a fraction of their usual cost. While not all retailers honour these discrepancies, many do, offering significant discounts on sought-after brands and everyday essentials. Key terms associated with this category include "pricing errors," "deal alerts," "bargain hunting," and "discount anomalies." Related categories include Clearance Sales, Flash Deals, and Coupon Codes, which similarly offer substantial savings. Price glitches are especially appealing to those who enjoy the thrill of finding hidden deals and are keen to explore cross-category savings on products such as DVDs, furniture, and more. Stay informed about the latest price glitches to maximize your shopping advantages in the UK market. KEYWORDS: Price Glitch
Wearable	category	80503	TITLE: Wearable DESCRIPTION: Wearable technology in the UK encompasses a diverse range of smart devices designed to integrate seamlessly into daily life, offering functionalities from fitness tracking to professional scheduling. Key products include smartwatches such as the Apple Watch and Samsung Gear, fitness trackers like Fitbit and Mi Band, and advanced health monitors. These devices provide capabilities like heart rate monitoring, GPS navigation, smartphone notifications, and even language translation with tools like the ili translator. Wearables cater to various lifestyles, supporting activities such as running, cycling, and swimming with specialized products like the Garmin Vivoactive HR. Additionally, wearable cameras from brands like GoPro and medical devices for monitoring vital signs are gaining traction. British consumers can find these wearables at retailers like Currys and John Lewis or online platforms such as Amazon and eBay. Related categories include smart clothing and VR headsets, expanding the scope of wearable tech. This category is distinct from traditional apparel by its focus on integrating digital functionalities into everyday accessories. KEYWORDS: Wearable; Wearables; Samsung Gear; Mi Band; Fitness Tracker; Fitnesstracker; Fitbit; Smartwatch; Smartwatches; Apple Watch; HTC Vive; Jawbone; Pedometer; Moto 360; Pebble; Meta Wayfarer; Samsung Ring
Kindle	category	82890	TITLE: Kindle DESCRIPTION: The Kindle category encompasses Amazon's range of e-readers, including models such as the Kindle Basic, Kindle Paperwhite, and Kindle Oasis, designed to provide an optimal digital reading experience. These devices feature high-resolution screens with adjustable front lighting, making them suitable for reading in various lighting conditions. The Paperwhite and Oasis models offer waterproofing and larger storage options, catering to avid readers and audiobook enthusiasts. Kindles support multiple text formats like azw, mobi, pdf, and txt, and integrate social features such as Goodreads for book sharing and recommendations. Complementary products include Kindle Unlimited for access to a vast e-book library and accessories like USB chargers, reading lights, and stands. Distinct from tablets like the Kindle Fire, which offers broader multimedia capabilities, Kindles are tailored specifically for reading. Popular in the UK market, these e-readers are available through retailers like John Lewis and Currys, with frequent deals found on hotukdeals. KEYWORDS: Kindle; Kindle Kids; Kindle ereader; Kindle Scribe
Cooking Oil	category	88415	TITLE: Cooking Oil DESCRIPTION: The Cooking Oil category encompasses a diverse array of oils used in culinary applications, including coconut oil, sunflower oil, olive oil, sesame oil, rapeseed oil, garlic oil, chilli oil, vegetable oil, corn oil, and avocado oil. These oils serve various cooking techniques such as frying, baking, and salad dressing. Olive oil is prized for its health benefits and Mediterranean cuisine applications, while coconut and avocado oils are favoured for their high smoke points and unique flavours. Sunflower and rapeseed oils are popular for everyday cooking due to their mild taste and affordability. Garlic and chilli oils add aromatic and spicy notes to dishes. Related categories include spices, condiments, and kitchen utensils. In the UK market, brands like Filippo Berio and Napolina are well-regarded. This category is distinct from non-edible oils like motor oils. Cross-category recommendations might include spice racks or non-stick cookware for enhanced culinary experiences. KEYWORDS: Coconut Oil; Coconut Oils; Cooking Oil; sunflower oil; olive oil; Sesame Oil; Rapeseed Oil; Garlic Oil; Chilli Oil; Vegetable Oil; Corn Oil; Avocado Oil
iPad	category	104476	TITLE: iPad DESCRIPTION: The iPad category encompasses a range of Apple iPads, including models like the iPad Pro, iPad Air, and iPad Mini, each offering varying screen sizes, storage capacities, and performance specifications. This category is integral for users seeking high-performance tablets for tasks such as streaming, gaming, graphic design, and productivity applications. Key features include Retina displays, A-series or M-series chips, and compatibility with Apple Pencil and Magic Keyboard. Popular models are equipped with iOS capabilities and offer seamless integration with other Apple devices like iPhones and MacBooks. Consumers often explore related categories such as tablet accessories, protective cases, and wireless headphones to enhance their user experience. In the UK market, terms like "Apple tablet," "iOS tablet," and "Retina display tablet" are commonly associated with this category. It's crucial to distinguish this from Android tablets and other non-iOS devices to ensure accurate search results and recommendations. KEYWORDS: iPads; iPad; Apple iPad
Basmati Rice	category	110077	TITLE: Basmati Rice DESCRIPTION: Basmati rice, a staple in British households, is renowned for its long-grain structure and aromatic fragrance, making it a preferred choice for dishes like biryani, pilaf, and curry accompaniments. This category encompasses various basmati rice types, including white and brown basmati, offering options for different dietary preferences. Key brands such as Tilda, Kohinoor, and Veetee are prominent in the UK market, providing quality assurance and diverse packaging options from 1kg to 10kg bags. Basmati rice is distinct from jasmine rice and other long-grain varieties due to its unique nutty flavour and fluffy texture upon cooking. Related categories include Indian spices, curry pastes, and naan bread, which complement the preparation of traditional South Asian meals. This category also appeals to health-conscious consumers seeking gluten-free and low-GI carbohydrate sources. Ideal for both everyday meals and special occasions, basmati rice remains a pantry essential in the UK. KEYWORDS: Basmati Rice
Rattan Garden Furniture	category	113834	TITLE: Rattan Garden Furniture DESCRIPTION: Rattan Garden Furniture is a versatile and stylish option for enhancing outdoor living spaces across the UK. Known for its lightweight and durable construction, rattan furniture withstands the British climate with ease, making it ideal for gardens, patios, and conservatories. This category includes a wide range of products such as rattan dining sets, corner sofas, bistro tables, sun loungers, footstools, and multifunctional items like wine coolers. Rattan, derived from a climbing plant and woven around wood or stainless steel frames, offers both natural and synthetic options. Synthetic rattan is particularly popular for its weather resistance and affordability. Complementary categories include garden décor and outdoor accessories. Key brands like Tesco, Rattan Direct, Wayfair, Argos, B&Q, and John Lewis offer extensive collections. Whether you're seeking a modern or traditional aesthetic, rattan's timeless appeal seamlessly integrates with any garden design. For the best deals, explore seasonal sales and promotions on platforms like HotUKDeals. KEYWORDS: Rattan Garden Furniture; Rattan Furniture; Rattan Garden; Rattan Set; Rattan Sofa; Rattan Chair; Rattan Stowaway; Rattan Corner; Rattan Bistro; Rattan Outdoor
PlayStation Plus	category	119697	TITLE: PlayStation Plus DESCRIPTION: PlayStation Plus, often referred to as PS Plus or Playstation+, is a subscription service essential for PlayStation enthusiasts in the UK, offering access to online multiplayer gaming, exclusive discounts, and a rotating selection of free monthly games. Available in flexible 12-month, 3-month, and 1-month membership options, it provides great value for PlayStation 4 and PlayStation 5 users. Subscribers can enjoy cloud storage for game saves and early access to demos and beta trials. Related services include PlayStation Now for streaming games, providing a comprehensive gaming experience. Complementary products involve PlayStation consoles, controllers, and headsets. This category is distinct from Xbox Live Gold and Nintendo Switch Online but shares similarities in offering premium gaming experiences. Users frequently search for terms like "PS Plus discounts," "PlayStation Premium membership," and "PS+ deals UK," reflecting the demand for cost-effective gaming solutions in the British market. KEYWORDS: PlayStation Now; PlayStation Plus; Play Station Plus; PlaystationPlus; Playstation+; PS Plus; PS+; PlayStation Premium
Lego Technic	category	139037	TITLE: Lego Technic DESCRIPTION: Lego Technic is a premier category of advanced construction sets from LEGO, designed for enthusiasts and hobbyists in the UK who appreciate intricate engineering and dynamic building experiences. This category includes an extensive selection of model numbers such as 42083, 42110, 42082, and 42095, featuring sophisticated kits to build functional vehicles like Porsches, cranes, and remote-controlled models. Lego Technic sets are renowned for their precision and complexity, making them ideal for both older children and adults seeking a challenging yet rewarding project. Complementary categories include Lego Creator Expert and Lego Mindstorms, offering additional opportunities for cross-category exploration. Popular brands associated with Lego Technic include Porsche and Bugatti, enhancing the appeal of these sets with authentic design elements. This category is distinct from standard Lego sets by its focus on mechanical functions and realistic movements, catering to those interested in mechanics and technology. Explore the latest deals on Lego Technic at hotukdeals to find competitive prices and new releases. KEYWORDS: Lego Technic; 42083; 42110; 42082; 42095; 42099; 42056; 42093; 42098; 42096; 42055; 42078; 42097; 42072; 42070; 42094; 42079; 42065; 42080; 42062
Amazon Resale	category	155573	TITLE: Amazon Resale DESCRIPTION: The "Amazon Resale" category in the UK market encompasses a wide range of pre-owned, refurbished, and open-box products originally sold through Amazon. Key terms include Amazon Warehouse, Amazon Renewed, and Certified Refurbished. This category features diverse product types such as electronics, home appliances, and fashion items, offering significant discounts compared to new items. Popular brands include Samsung, Apple, Sony, and Dyson. Customers searching for budget-friendly deals or sustainable shopping options often explore this category. Related categories include Electronics Resale, Home & Kitchen Clearance, and Fashion Outlet. Complementary products might involve accessories or replacement parts compatible with refurbished devices. Use cases typically focus on cost-effective solutions for tech upgrades, household essentials, or wardrobe refreshes. It is distinct from new product listings by emphasizing value and sustainability. This description aims to match user queries seeking affordable alternatives and eco-friendly purchasing options within the UK market context. KEYWORDS: Amazon Warehouse; Amazon Resale; (Amazon Resale
Smart TV	category	157939	TITLE: Smart TV DESCRIPTION: Smart TVs in the UK market are redefining home entertainment by integrating high-definition displays with advanced internet connectivity and interactive features. Key brands like Samsung, LG, and Sony offer a range of models from compact 32-inch screens to expansive 75-inch displays, catering to diverse viewing preferences. These televisions support 4K Ultra HD resolution, enhancing picture quality for an immersive experience. Distinct technologies such as OLED and LED cater to varying needs for colour vibrancy and energy efficiency. Smart TVs are equipped with operating systems like Samsung's Tizen and LG's WebOS, providing access to popular streaming services including Netflix, Amazon Prime Video, and BBC iPlayer. They also enable seamless connectivity with devices like smartphones and soundbars via Bluetooth. Additionally, these TVs support voice and gesture control, offering convenience in navigation. Related categories include sound systems and streaming devices, which complement the Smart TV ecosystem. With evolving software updates, Smart TVs continue to enhance their functionality, making them a central hub for modern digital living. KEYWORDS: Smart TV; Smart LED; LED smart TV; Smart Television; Smart Android TV; Smart Google TV; Smart 4K; LG OLED B7V; Samsung NU7100; Samsung NU8000; LG 32LK610BPLB; Sony KD-XF9005; Samsung UE43NU7400; Samsung UE75NU7100; Samsung UE55NU7400; LG OLED55B7V; LG OLED65B7V; Sony Bravia KD49XF9005; Samsung QE55Q9FNA; Samsung QE65Q9FNA
Chromebook	category	170043	TITLE: Chromebook DESCRIPTION: Chromebooks are a distinct category of laptops that operate on Google's Chrome OS, providing a streamlined and secure computing experience. Known for their rapid boot times, exceptional battery life, and reliance on cloud storage, Chromebooks offer an affordable alternative to traditional Windows laptops and MacBooks. Popular models include the Google Pixelbook, ASUS Chromebook Flip, and HP Chromebook 14. These devices typically feature Intel Core processors, SSD storage, and screen sizes ranging from 10 to 15 inches, with select models offering touchscreens and 2-in-1 convertible designs. Chromebooks excel in web-based tasks and integrate seamlessly with Google services like Gmail, Google Drive, and Google Docs. They are ideal for users prioritizing online activities over intensive software applications. In the UK market, brands such as Samsung, Acer, Lenovo, and Dell contribute to a diverse range of options. Complementary products include USB accessories, external SSDs, and Chromecast for enhanced multimedia experiences. KEYWORDS: Google Pixelbook; Chromebook; Chromebooks
Hair Dryer	category	181419	TITLE: Hair Dryer DESCRIPTION: The "Hair Dryer" category encompasses a wide range of hair styling tools designed for drying and styling hair efficiently. Key products include traditional hair dryers, compact travel hairdryers, and advanced hot air stylers. Prominent features to consider are ionic technology, ceramic heating elements, and multiple heat and speed settings for tailored styling results. Notable brands in the UK market include Dyson, GHD, Remington, and BaByliss, each offering models with varying power outputs measured in watts. This category is closely related to hair straighteners, curling tongs, and other hair styling accessories, making it ideal for cross-category recommendations. Users often search for lightweight designs, quiet operation, and attachments like diffusers and concentrators. The Hair Dryer category is distinct from professional salon equipment but overlaps with personal grooming devices. Suitable for home use or travel, these tools cater to diverse hair types and styling preferences. KEYWORDS: Hair Dryer; hairdryer; hair dryers; hairdryers; Hot Air Styler
Drinks	category	184150	TITLE: Drinks DESCRIPTION: The "Drinks" category in the UK encompasses a diverse range of beverages, including popular brands and product types like Ribena, Evian, and Tropicana. It features an assortment of juices such as Robinsons Orange, Summerfruits, and Lemon, alongside Innocent's extensive line-up of smoothies and juices, including Not From Concentrate, Energise, Orange, Coconut, Super Juice, Seriously, and Berry. This category is closely related to complementary products such as snacks and breakfast items, enhancing cross-category recommendations. The drinks selection caters to various preferences, from refreshing bottled water to energizing smoothies and classic fruit juices. British consumers often search for these beverages under terms like "juice," "smoothie," or specific brand names. Distinct from alcoholic beverages or hot drinks like tea and coffee, this category focuses on non-alcoholic, ready-to-drink options ideal for hydration and refreshment. KEYWORDS: Ribena; Evian; Juice; Juices; Robinsons Orange; Robinsons Summerfruits; Robinsons Lemon; Tropicana; Glitterberry; Innocent Smoothie; Innocent Smoothies; Innocent Juice; Innocent Juices; Innocent Not From Concentrate; Innocent Energise; Innocent Orange; Innocent Coconut; Innocent Super Juice; Innocent Seriously; Innocent Berry
Clothes	category	184153	TITLE: Clothes DESCRIPTION: The "Clothes" category in the UK market encompasses a diverse range of apparel for men, women, and children, including everyday essentials like shirts, trousers, and jumpers, as well as specialty items like gilets and aprons. Key brands such as Marks & Spencer, Primark, and Burberry cater to various fashion needs, from budget-friendly options to luxury designer wear. This category also includes niche products like vintage clothing from shops like Beyond Retro and Rokit. Online retailers like ASOS and Boohoo offer a vast selection of trendy outfits with frequent discounts and flash sales. Complementary categories include footwear, accessories like jewellery and bags, and seasonal outerwear. The focus is on quality materials—cotton, wool, silk—and practical features like durable zippers and pockets. British consumers value sustainable fashion, with initiatives like H&M's Close the Loop promoting recycled clothing. For savvy shoppers, cashback sites and loyalty programmes provide additional savings opportunities, making high-quality fashion accessible without breaking the bank. KEYWORDS: Tights; Fruit of the Loom; Apron; Aprons; Gilet; Bodywarmer; Body warmer; Gilets; Cardigan; Cardigans; Shirt; shirts; Overshirt; shacket; Jumper; Jersey; Sweater; Sweatshirt; Pullover; Hoodie
PC Game	category	184168	TITLE: PC Game DESCRIPTION: The "PC Game" category encompasses a diverse range of digital gaming experiences available for personal computers. It includes titles distributed through platforms such as Steam, Origin, Epic Games Store, GOG, Uplay, Fanatical, and Indiegala. This category features various genres including action, adventure, strategy, simulation, and role-playing games (RPGs), catering to both casual and hardcore gamers. Popular British and international game developers and publishers such as Rockstar Games, Ubisoft, and Electronic Arts frequently release top-selling titles in this category. PC Games often support high-resolution graphics and advanced gameplay mechanics, optimized for Windows operating systems. Related categories include gaming accessories like keyboards, mice, and headsets, as well as gaming laptops and desktops. Users searching for PC Digital Game downloads or updates will find this category relevant. It is distinct from console games due to the platform-specific nature of software distribution and system requirements. KEYWORDS: PC Game; PC Games; PCGames; PC Digital Game; Steam; origin; Epic Games; [PC]; GOG; Uplay; fanatical; Indiegala
Pet Supplies	category	184415	TITLE: Pet Supplies DESCRIPTION: The Pet Supplies category in the UK encompasses a wide range of products essential for pet care and wellbeing, focusing on flea and tick prevention and treatment. Key brands include IAMS and Frontline, with popular products like Frontline Spot On, Frontline Plus, and Frontline Spray offering comprehensive flea and tick protection for both cats and dogs. Beaphar Cat Spot On is another notable option for feline flea control. Essential items such as flea combs, flea sprays, and flea removers are crucial for maintaining pet health. This category also covers tick treatments to ensure complete parasite protection. Related categories might include pet grooming supplies, pet food, and veterinary care products, providing a holistic approach to pet management. This category is distinct from general pet accessories by its focus on health-related products specifically targeting fleas and ticks, ensuring pets remain comfortable and pest-free. KEYWORDS: IAMS; Frontline Spot On; Frontline; Frontline for Cats; Frontline for Dogs; Frontline Plus; Frontline Flea; Frontline Spray; Flea Treatment; Flea Remover; Flea Spray; Flea Comb; flea & tick; flea and tick; tick treatment; Flea Protection; Beaphar Cat Spot On; flea killer; Pet; Dog
Gift Card	category	184602	TITLE: Gift Card DESCRIPTION: The "Gift Card" category encompasses a versatile range of prepaid cards, ideal for gifting on occasions such as birthdays, anniversaries, and holidays. Gift cards, also known as giftcards or giftcards, offer recipients the flexibility to choose their preferred items from various retailers. Popular brands include Amazon, John Lewis, Marks & Spencer, and Tesco, catering to diverse shopping preferences. These cards can be physical or digital (e-gift cards), with options for custom amounts or fixed denominations. They serve as excellent corporate gifts and promotional incentives. Related categories include vouchers, prepaid cards, and experience days. In the UK market, gift cards are commonly used for retail purchases, dining experiences, and online shopping. When searching for gift cards, users often look for terms like "gift vouchers," "prepaid cards," or "e-gift cards." This category stands apart from credit or debit cards by offering a non-reloadable, one-time spending option. KEYWORDS: Gift Card; Giftcards; Giftcard; Gift Cards
GoPro	category	184838	TITLE: GoPro DESCRIPTION: The GoPro category encompasses a range of high-performance action cameras, including the HERO series, designed for capturing dynamic footage in extreme conditions. Known for their robust build and cutting-edge technology, GoPro cameras such as the HERO5, HERO6, HERO7, and HERO8 offer features like 4K video recording, voice control, and waterproof capabilities up to 10m. These cameras are ideal for outdoor enthusiasts and professionals engaging in activities like surfing, skiing, and mountain biking. The GoPro ecosystem is further enhanced by accessories such as the Karma Drone, Karma Grip stabilizers, and various mounts for versatile use. GoPro's cloud-based service, GoPro Plus, facilitates seamless editing and sharing of footage via the Quik app. In the UK market, GoPro products are available through retailers like Currys, Argos, and John Lewis, often with deals during Black Friday and Cyber Monday sales. Competing with brands like Sony and Xiaomi, GoPro remains a leader in action cams due to its innovative features and community-driven enhancements. KEYWORDS: GoPro HERO 6; GoPro HERO6; GoPro HERO 7; GoPro HERO7; GoPro HERO 8; GoPro HERO8; Go Pro HERO 8; Go Pro HERO8; GoPro; HERO5; Hero 5; GoPro Hero
Toys	category	184854	TITLE: Toys DESCRIPTION: The "Toys" category encompasses a wide array of products designed to entertain and educate children across various age groups in the UK. Key brands include LEGO, Playmobil, Hasbro, Mattel, and VTech, offering everything from building sets and action figures to educational toys and electronic games. Popular items feature characters from Peppa Pig and Paw Patrol, alongside classic toys like Barbie and Hot Wheels. This category also covers arts & crafts supplies, puzzles, dolls, stuffed animals, and outdoor toys such as bicycles and trampolines. Emphasizing child development, toys aid in motor skills, creativity, and social interaction. Safety is paramount, with EU regulations ensuring non-toxic materials. Related categories include baby gear, educational tools, and hobby kits. Shoppers can find deals at major retailers like Argos and Smyths Toys, especially during peak sales periods like Black Friday. This category distinguishes itself by focusing on age-appropriate toys that foster learning and imagination while ensuring quality and safety standards. KEYWORDS: VTech; Hatchimals; LeapFrog; Leap Frog; Chicco; Chico; Fisher Price; Melissa & Doug; Melissa and Doug; VTech Toot Toot; TootToot; VTech Toot-Toot; Hasbro; Boggle; Cluedo; Yahtzee; Speech Breaker; Hornby; Airfix; Model Building
Tools	category	185059	TITLE: Tools DESCRIPTION: The "Tools" category encompasses a wide array of essential equipment and instruments used for construction, repair, and DIY projects, tailored to the UK market. Key products include drills such as combi drills, hammer drills, and impact drivers, alongside renowned brands like Stanley. This category also features saws, including circular saws and mitre saws, as well as both corded and wireless jigsaws. Hand tools such as screwdrivers, hammers, spirit levels, and torque wrenches are integral components. Additional items include planers, sanders, nail guns, and staplers. These tools serve various applications from home improvement and carpentry to professional building work. Related categories might include hardware supplies and safety equipment. The category is distinct from power tools that focus solely on motor-driven devices. Users searching for versatile solutions for construction tasks or hobbyist projects will find this category comprehensive and aligned with British standards and preferences. KEYWORDS: Stanley; Tool; Drill; Driver; Combi Drill; Hammer Drill; Impact Driver; Nail Gun; Planer; Sander; Saw; Circular Saw; Mitre Saw; Corded Jigsaw; Wireless Jigsaw; Screwdriver; Stapler; Spirit Level; Hammer; Torque Wrench
Shoes	category	185086	TITLE: Shoes DESCRIPTION: The "Shoes" category encompasses a diverse range of footwear options catering to men, women, and children, suitable for various occasions including casual wear, formal events, sports, and special occasions. Key styles include office shoes, wedding shoes, heels, running shoes, and athletic trainers. Popular types are brogues, loafers, lace-ups, court shoes, pumps, platforms, wedges, mules, sandals, boots (ankle to thigh-length), and sneakers. Prominent brands in the UK market include Clarks, Barratt's, Schuh, Office, Dune, Russell & Bromley, ALDO, Vans (e.g., Era, Old Skool), and designer labels like Christian Louboutin and Jimmy Choo. Materials range from leather to suede with features like padded insoles and breathable fabrics enhancing comfort. Fit considerations include size and width variations across regions. Related categories involve accessories like shoe care products. Complementary products include socks and hosiery. Seasonal sales events like Black Friday and January Sales offer significant discounts on leading brands. This category is distinct from other footwear categories by its emphasis on style diversity and occasion-specific designs. KEYWORDS: Brogues; Boat Shoes; Chuck Taylor; All Stars; Vans Era; Era Vans; Vans Classic; Vans Anaheim; Vans Mens; Vans Men's; Vans Womens; Van Women's; Vans Ward; Vans Filmore; Vans Old Skool; Vans Vault; Vans UltraRange; Vans Atwood; Vans Slip on; Clarks
Gifts	category	185240	TITLE: Gifts DESCRIPTION: The "Gifts" category encompasses a diverse range of items ideal for any occasion, including birthdays, anniversaries, weddings, and seasonal celebrations such as Christmas and Easter. This category features an extensive selection of gifts, from personalised items like engraved jewellery and custom photo frames to popular British brands offering luxury hampers, artisanal chocolates, and fine wines. Shoppers can explore thoughtful presents like scented candles, gourmet food baskets, and bespoke stationery. Related categories include "Home Décor," "Fashion Accessories," and "Toys & Games," which offer complementary products such as decorative vases, stylish scarves, and educational toys. Users often search for "unique gifts," "gift ideas," and "last-minute gifts," making this category a hub for finding something special for loved ones. The "Gifts" category is distinct from "Gift Cards" or "Gift Wrapping," focusing solely on tangible presents rather than services or packaging solutions. KEYWORDS: Gifts
Flights	category	185250	TITLE: Flights DESCRIPTION: The Flights category encompasses a vast array of air travel options for UK travellers, connecting them to global destinations with ease and affordability. This category includes major airlines like British Airways, EasyJet, Ryanair, and Virgin Atlantic, alongside budget carriers such as FlyBe and Lufthansa. With the rise of flight aggregators like Skyscanner, Google Flights, and Momondo, finding cheap flights has become more accessible than ever. Key travel hubs include London Heathrow, Gatwick, Manchester, Edinburgh, and Glasgow airports. Users can explore booking options through airline websites, high street travel agents, online platforms like Expedia and Opodo, or even directly at airport terminals. Considerations for booking include luggage allowances, in-flight meals, airport transfers, and travel insurance. Related categories involve holiday packages, car rentals, and hotel bookings. This category is distinct from train or bus travel by offering international reach and speed. Leveraging frequent flier programs and credit card incentives can further enhance the flight booking experience. KEYWORDS: Flight; Flights; Skyscanner; Helicopter Tour; Sky Scanner
Fitbit	category	185273	TITLE: Fitbit DESCRIPTION: Fitbit is a leading brand in the wearable fitness technology market, known for its diverse range of activity trackers and smartwatches designed to enhance health and fitness monitoring. Originating from San Francisco, Fitbit offers devices such as the Fitbit Charge, Alta, Flex, and Surge, each catering to different user needs, from basic step counting to advanced heart rate monitoring and GPS tracking. The Fitbit app complements these devices by providing detailed insights into fitness metrics like calories burned, sleep patterns, and exercise routines, and is compatible with iOS, Android, and Windows platforms. In the UK, Fitbit products are widely available through retailers like Currys, Argos, and Amazon. While competitors like Garmin and Xiaomi offer alternatives, Fitbit remains popular for its user-friendly design and comprehensive tracking capabilities. Whether you're a runner, cyclist, or swimmer, Fitbit's range includes options with waterproof designs and interchangeable straps to suit various styles and activities. For those seeking motivation or detailed health insights, Fitbit provides a reliable solution. KEYWORDS: Fitbit
Dinner Set	category	185594	TITLE: Dinner Set DESCRIPTION: The "Dinner Set" category, also known as dinnerware in the UK, encompasses a variety of essential tableware items designed for dining experiences. This category includes pasta bowls, side plates, dinner plates, and charger plates, forming a comprehensive dinner service set suitable for both everyday meals and special occasions. Commonly crafted from materials such as porcelain, stoneware, or bone china, these sets often feature designs ranging from classic to contemporary styles. Popular British brands in this category include Denby, Portmeirion, and Royal Doulton. Dinner sets are ideal for hosting family gatherings or formal dinners, complementing related categories such as cutlery sets, glassware, and table linens. When selecting a dinner set, consider factors like durability, dishwasher safety, and aesthetic appeal to ensure it meets your dining needs. This category is distinct from casual crockery or disposable tableware, focusing on elegance and long-term use. KEYWORDS: Dinner Set; Dinnerware; pasta bowls; Pasta Bowl; Side Plate; Dinner Plate; Dinner Plates: Charger Plate; Dinner Service set; Side Plates
Lighting	category	186739	TITLE: Lighting DESCRIPTION: The "Lighting" category encompasses a diverse range of illumination solutions tailored for the UK market, focusing on energy-efficient and versatile lighting options. Key products include LED Strip Lights, which are ideal for accentuating interiors with ambient lighting, and LED String Lights, perfect for decorative purposes. This category features renowned brands like Nanoleaf, known for innovative smart lighting panels. Essential items such as LED Light Strips and LED Bulbs, including E10 models, offer sustainable alternatives to traditional light sources. The category also covers LED Candles and LED Curtain Lights for creating atmospheric settings. Related categories include Home Decor, Smart Home Devices, and Outdoor Lighting, facilitating cross-category recommendations. Users often search for terms like "LED Sign" or "Light bulb," seeking both functional and aesthetic solutions. Distinct from general lighting categories, this segment specifically highlights LED technology's adaptability and eco-friendliness in the British context. KEYWORDS: LED Strip Lights; Strip Light; Strip Lights; Lights Strips; LED Strips; LED Strip; LED String Lights; LED Light Strip; LED Lights; LED Light; Nanoleaf; LED Sign; LED curtain Light; LED Curtain Lights; LED Candle; LED Candles; Light bulb; LED bulb; LED Lightbulb; E10
Easter Eggs	category	187034	TITLE: Easter Eggs DESCRIPTION: Easter Eggs in the UK encompass a delightful range of chocolate treats synonymous with the Easter celebration. This category includes iconic products such as Creme Eggs, Crème Eggs, and Mini Eggs, with popular brands like Cadbury leading the charge. These chocolate eggs come in various forms, from individually wrapped chocolate eggs to larger gift boxes perfect for Easter gifting. The category also features chocolate bunnies and other themed confections that complement traditional Easter baskets. Related categories include Easter-themed confectionery, seasonal chocolates, and gift hampers. Users often search for terms like "chocolate egg," "Easter bunny," and specific brand names such as "Cadbury Mini Eggs" when looking for these products. Differentiating from general chocolates, Easter Eggs are specifically crafted for the festive season, often featuring unique packaging and limited-edition flavours. Explore complementary products like Easter baskets and decorations to enhance the holiday experience. KEYWORDS: Easter Eggs; Creme Eggs; Easter Egg; Mini Eggs; Chocolate Egg; Chocolate Eggs; Easter Bunny; Cadbury Mini Eggs; Chocolate Bunny; Crème Egg; Crème Eggs; Creme Egg
Sim Only	category	187328	TITLE: Sim Only DESCRIPTION: The "SIM Only" category in the UK market offers flexible mobile service plans without the need for a new handset, allowing users to retain their existing devices. These plans are ideal for cost-conscious consumers seeking affordable monthly contracts with options for varying data, minutes, and SMS allowances. Popular providers include Virgin, EE, Vodafone, and Giffgaff, each offering diverse packages such as 30-day SIMs, 5G SIMs, and Data SIMs for tablets. Users can choose from light to heavy usage plans, with some networks like Three and BT Mobile providing large data allowances suitable for streaming. SIM Only deals are available in both pay-monthly and pay-as-you-go formats, catering to short-term visitors or those avoiding long-term commitments. They also offer "shockproof" options to prevent excessive charges. For optimal savings, consumers should compare deals through platforms like uSwitch and hotukdeals, especially during peak promotional periods such as Black Friday and student seasons. This category is distinct from phone-inclusive contracts, focusing purely on service flexibility and cost-effectiveness. KEYWORDS: Sim Only; Smarty; 30 day SIM; 1 month contract; One month contract; Vodafone Sim; Vodafone PAYG1; data Sim; 30 days 5G SIM; 30 days SIM; Sim deal; upgrade SIM; ID SIM; Talkmobile 5G Sim; Talkmobile Sim; Mobile Sim; RWG Mobile; Sim pack; E-Sims; E-Sim
Fashion for Women	category	188468	TITLE: Fashion for Women DESCRIPTION: The "Fashion for Women" category in the UK encompasses a diverse range of clothing and accessories, catering to varied tastes and occasions. This category includes dresses, skirts, jackets, and scarves from renowned brands such as Karen Millen, Monsoon, and Next. It caters to fashionistas seeking the latest trends and those looking for classic styles. Key product types include womenswear, ladies clothes, womens dresses, and women’s shoes. Shopping options range from high street names like Marks & Spencer and River Island to online retailers like ASOS and boohoo, offering everything from casual wear to formal attire. Complementary categories include women's outdoor clothing and accessories like scarves and glasses. Seasonal sales and discount events such as Black Friday provide opportunities to acquire high-quality garments at reduced prices. This category is distinct from menswear and children's clothing, focusing solely on women's fashion needs. KEYWORDS: Dress; Womenswear; Womens Clothing; Ladies Clothes; Womens Dresses; Womens Glasses; Women Clothing; Women's Clothes; Women Clothes; Womens Ski Clothes; Womens Outdoor Clothing; Womens Clothes; Karen Millen; women shoes; women shoe; womens scarf; womens jacket; Dresses; Skirt; Skirts
Christmas Tree	category	191662	TITLE: Christmas Tree DESCRIPTION: A quintessential element of the British festive season, the Christmas Tree category encompasses a wide selection of both natural and artificial options, including Norwegian Spruce, Nordmann Fir, Fraser Fir, Scots Pine, and Lodgepole Pine. Artificial varieties such as pop-up and LED-tipped trees offer convenience and durability. This category includes essential accessories like tree stands, skirts, and storage bags to maintain and enhance your tree's appearance. Decorations such as stars, baubles, fairy lights, tinsel, and artificial snow are integral to creating a festive atmosphere. Major UK retailers like John Lewis, B&Q, Tesco, and Argos provide diverse options for every budget. Cross-category recommendations include Christmas decorations, lighting solutions, and seasonal home decor. To achieve cost-efficiency, consider shopping during January sales or exploring hotukdeals listings for the latest offers. This category is distinct from general holiday decor by its focus on tree-specific items and embellishments that embody the spirit of a traditional British Christmas celebration. KEYWORDS: Christmas Tree; Christmas Trees; tree skirt
Coffee Machine	category	199434	TITLE: Coffee Machine DESCRIPTION: The Coffee Machine category encompasses a diverse range of brewing devices designed to cater to coffee enthusiasts in the UK. From capsule machines like Philips Senseo and Tassimo models—such as Tassimo Vivy 2, My Way, Happy, Suny, and Caddy—to bean-to-cup machines and espresso makers, this category offers solutions for every taste preference and brewing method. Popular brands include Dolce Gusto with models like Mini Me, Oblo, and Jovia, as well as Lavazza's Modo Mio. Coffee pod machines provide convenience and variety, making them ideal for quick home brewing. Related categories include coffee beans, grinders, and milk frothers, which complement these machines. This category is distinct from kettles and tea makers, focusing solely on coffee preparation. Key search terms include "coffee maker," "espresso machine," and specific model names. With frequent deals on hotukdeals, coffee machines are a staple in British kitchens, enhancing the daily ritual of coffee enjoyment. KEYWORDS: Capsule Machine; Bean to Cup Machine; Philips Senseo Coffee Machine; Philips Senseo; Tassimo Coffee Machine; Tassimo Machine; Tassimo Vivy 2; Tassimo My Way; Tassimo Happy; Tassimo Suny; Tassimo Caddy; Tassimo TAS1002GB Happy; Dolce Gusto Mini Me; Dolce Gusto Oblo; Jovia; Coffee Machine; Coffee Maker; Modo Mio; coffee pod machine; Espresso Machine
Fridge Freezer	category	204376	TITLE: Fridge Freezer DESCRIPTION: The Fridge Freezer category encompasses a wide range of refrigeration solutions ideal for the British home, featuring both freestanding and integrated models. This category includes popular styles such as retro, American-style, and compact fridge freezers, catering to diverse kitchen designs and storage needs. Key brands like Samsung, Bosch, LG, and Beko offer advanced features such as frost-free technology, energy efficiency ratings (A++ and above), and smart connectivity options. Users frequently search for terms like "frost-free fridge freezer," "energy-efficient refrigeration," and "smart fridge" when exploring this category. Related categories include kitchen appliances, freezers, and wine coolers, providing complementary product recommendations. Common use cases involve food preservation, bulk storage solutions, and space-saving designs for urban living. Distinct from standalone refrigerators or chest freezers, fridge freezers combine refrigeration and freezing in one unit. Renowned retailers like Curry's and Argos frequently offer competitive deals on these essential kitchen appliances, ensuring accessibility to top-tier products across the UK market. KEYWORDS: Fridge Freezer
Milwaukee	category	212022	TITLE: Milwaukee DESCRIPTION: The "Milwaukee" category in the UK context primarily focuses on high-performance power tools and accessories renowned for durability and innovation. Known for their red and black branding, Milwaukee products cater to professionals in construction, woodworking, and metalworking. This category includes a comprehensive range of cordless drills, impact drivers, saws, grinders, and hand tools, featuring advanced technologies like REDLINK PLUS Intelligence for enhanced performance and battery life. Popular products include the M18 FUEL series and Packout modular storage solutions. Related categories encompass other professional-grade power tool brands such as DeWalt and Makita, as well as complementary items like drill bits, saw blades, and worksite safety gear. Ideal for tradespeople seeking reliable equipment, Milwaukee tools are synonymous with quality and efficiency, distinguishing them from consumer-grade alternatives. This category is pivotal for those searching for robust tools that withstand rigorous use in demanding environments. KEYWORDS: Milwaukee
Kindle Paperwhite	category	218214	TITLE: Kindle Paperwhite DESCRIPTION: The Kindle Paperwhite, a premier Amazon e-reader, offers an unparalleled reading experience with its 6-inch, 300 ppi Carta E Ink HD touchscreen that mimics real paper. Featuring adjustable front lighting, it ensures readability in any lighting condition, reducing glare and eye strain. With a storage capacity of 4GB, it accommodates thousands of books, accessible via Wi-Fi or optional 3G connectivity. The device supports the Bookerly font for enhanced legibility and includes features such as vocabulary builders and instant dictionary lookup. Weighing just 205g, the lightweight Kindle Paperwhite is ideal for travellers and daily commuters seeking a portable library. Complementary accessories include leather cases, styluses, and international power adapters. While not waterproof, Waterfi-treated versions offer water resistance. Competing models like the Kindle Oasis provide alternative options with additional features. Available from UK retailers like Argos and John Lewis, the Kindle Paperwhite is a must-have for avid readers seeking premium e-reader technology. KEYWORDS: Kindle Paperwhite
Now	category	220368	TITLE: Now DESCRIPTION: Now, a leading digital streaming service in the UK, offers flexible viewing options through its diverse range of passes, including NOW Entertainment, NOW Cinema, and NOW Sports. Owned by Sky, Now is synonymous with on-demand television, providing access to popular channels and exclusive content without long-term contracts. The service is compatible with a variety of devices, including the NOW Smart TV Stick, ensuring seamless integration with existing home entertainment systems. Users can enjoy live sports events, blockbuster movies, and trending TV series tailored to their preferences. Related categories include digital streaming services, smart home devices, and sports subscriptions. Complementary products encompass smart TVs, soundbars, and broadband packages. Distinct from traditional cable services, Now emphasizes flexibility and user choice. British users frequently search for terms like "Now TV deals," "NowTV passes," and "NOW Sports streaming," reflecting the platform's strong market presence and appeal in the UK entertainment landscape. KEYWORDS: Now TV; NowTV; NOW Sports
Air Fryer	category	223286	TITLE: Air Fryer DESCRIPTION: Air Fryers, also known as airfryers or Rapid Air Fryers, are versatile kitchen appliances that mimic the functionality of fan ovens by circulating hot air to cook food with minimal oil. Popular in the UK for their efficiency and health benefits, air fryers are ideal for preparing a variety of dishes such as crispy chips, southern fried chicken, samosas, curries, and even baked goods like cakes. Leading brands include Philips, Ninja, and Tefal, each offering models with features like digital controls, multiple cooking presets, and varying capacities to suit different household needs. Related categories include convection ovens, deep fryers, and multi-cookers. Complementary products often purchased alongside air fryers include kitchen utensils, recipe books, and food storage solutions. This category is distinct from traditional deep fryers due to its focus on healthier cooking methods. For cost-effective options, explore air fryer deals available on platforms like hotukdeals. KEYWORDS: Air Fryer; airfryer; Rapid Air Fryer; Air Cook; Air Fryers
Men's Fragrance	category	226503	TITLE: Men's Fragrance DESCRIPTION: The Men's Fragrance category in the UK encompasses a diverse range of scents tailored for men, featuring popular brands and signature perfumes such as Boss Bottled, Viktor & Rolf Spicebomb, and Jean Paul Gaultier Le Male. This collection includes Eau de Toilette and Parfum variants, appealing to different preferences for intensity and longevity. Key offerings like Bleu de Chanel and Sauvage Eau de Parfum highlight the sophisticated choices available for discerning tastes. The category caters to searches for "men's fragrance," "men's perfume," and "pour homme," providing an array of options from fresh to musky notes. Complementary categories include men's grooming products and gift sets, ideal for personal use or gifting occasions. Distinct from women's fragrances, this category emphasizes masculine scents and packaging. By incorporating British market preferences and terminology, this category is strategically positioned to meet the demands of UK consumers seeking quality men's fragrances. KEYWORDS: Boss Bottled; Viktor & Rolf Spicebomb; Viktor and Rolf Spicebomb; Spicebomb; Jean Paul Gaultier Le Male; JPG Le Male; Le Male Perfume; Le Male Men's Frangrance; Le Male Fragrance; Le Male Eau De Toilette; Men's Fragrance; Mens Fragrance; Men's Perfume; Mens Perfume; Pour Homme; homme; Eau de Toilette for Men; Bleu de Chanel; Parfum for Men; Sauvage Eau de Parfum
Vacuum Cleaner	category	227491	TITLE: Vacuum Cleaner DESCRIPTION: The Vacuum Cleaner category encompasses a wide range of cleaning solutions tailored for the British market, featuring renowned brands such as Dreame and Miele. Key models include Dreame V9, V9P, V10, V11, and T20, alongside Miele's S 8340, Complete C3, Classic C1, Blizzard CX1, and Triflex HX1. This category covers various types including cordless, handheld, and robot vacuum cleaners like the Miele Scout. Essential for maintaining cleanliness in homes, these appliances cater to diverse needs from compact spaces to large households. Related categories include floor care accessories and air purifiers, providing cross-selling opportunities. Key features often sought by users are suction power, battery life for cordless models, and filtration efficiency. The category also highlights design innovations and technological advancements that distinguish it from traditional cleaning equipment. Emphasizing British preferences, this category aligns with user searches for efficient, modern cleaning solutions. KEYWORDS: Dreame V9; Dreame V9P; Dreame V10; Dreame V11; Dreame T20; Dreame; Dreame Vacuum Cleaner; Miele Vacuum Cleaner; Miele S 8340; Miele S8340; Miele Complete; Miele Classic C; Miele Blizzard; Miele Swing; Miele Scout; Miele CX1; Miele Compact C1; Miele Classic C1; Miele Triflex; Vacuum Cleaner
Gaming Monitor	category	228038	TITLE: Gaming Monitor DESCRIPTION: Gaming monitors, pivotal for the British gaming community, are designed to enhance the immersive experience of PC gaming. Featuring cutting-edge technology like G-Sync and FreeSync, these monitors minimize screen tearing and stuttering, ensuring smooth gameplay. Popular models include the Odyssey G9 Neo and AOC Gaming series, offering options in 4K resolution for ultra-HD visuals and 144Hz refresh rates for fluid motion. Sizes such as 27-inch and 24-inch cater to diverse setups, with models like the 27M1N5200PA and 24G2SPAE being notable mentions. Complementary to gaming PCs and consoles, they are ideal for FPS, RPG, and MOBA genres. Related categories include graphics cards and gaming peripherals. For budget-conscious gamers, there are affordable deals on platforms like hotukdeals. Distinct from standard monitors, gaming monitors prioritize high refresh rates and low latency. Explore brands like ASUS, Acer, and Dell for top-tier performance in the UK market. KEYWORDS: Gaming Monitor; G-Sync; G Sync; Gsync; 144Hz; 144 Hz; 27M1N5200PA; 24G2SPAE; Odyssey G9 Neo; AOC Gaming
Smart Watch	category	231683	TITLE: Smart Watch DESCRIPTION: Smart Watches offer a blend of technology and style, serving as multifunctional devices beyond traditional timepieces. Key brands like Apple Watch, Samsung Gear S3, and Huawei Watch lead the market with features such as fitness tracking, GPS navigation, heart rate monitoring, and music streaming. Popular models include the Fossil Q, ZenWatch, Vivoactive, Garmin Instinct, and Ticwatch. In the UK, smart watches like the Redmi Smart Band, Xiaomi Watch, Pixel Watch, POCO Watch, and MagicWatch are gaining traction for their affordability and functionality. These devices are ideal for tech enthusiasts and fitness aficionados alike. Related categories include fitness trackers and wearable tech accessories. Smart watches cater to diverse needs from communication to health monitoring, making them indispensable in modern lifestyles. When searching for smart watches deals or comparing models, consider features like battery life, compatibility with iOS or Android, and water resistance to find the perfect match for your needs. KEYWORDS: Smartwatches; Apple Watch; Samsung Gear S3; Fossil Q; Samsung Gear S2; Samsung Gear Sport; Huawei Watch; ZenWatch; Vivoactive; Smartwatch; Garmin Watch; Smart watch; smart watches; Ticwatch; Redmi Smart Band; Xiaomi Watch; Garmin Instinct; Pixel Watch; POCO Watch; MagicWatch
Xiaomi	category	236360	TITLE: Xiaomi DESCRIPTION: Xiaomi, a leading Chinese electronics brand, offers a diverse range of high-quality, affordable products that have captivated the UK market. Known for its innovative smartphones, including the flagship Xiaomi Mi 9 and budget-friendly Pocophone F1, Xiaomi provides alternatives to premium brands like Apple and Samsung without compromising on features. The brand's MIUI Android platform enhances user experience with customisable themes and seamless integration with Google services. Beyond smartphones, Xiaomi's product line includes the Mi Notebook Air laptops with Intel processors and GeForce graphics, Mi Pad tablets, and AmazFit smartwatches, all designed to deliver exceptional value. Additionally, Xiaomi's electric scooters, such as the M365, are popular for urban commuting. Complementary products like AirDots wireless earphones and smart home devices further expand Xiaomi's tech ecosystem. With availability at major UK retailers like Argos and John Lewis, Xiaomi continues to make advanced technology accessible to a broader audience at competitive prices. KEYWORDS: Xiaomi; Redmi
Xbox One Games	category	246239	TITLE: Xbox One Games DESCRIPTION: The Xbox One Games category encompasses a vast array of gaming experiences tailored for the Xbox One, Xbox One S, and Xbox One X consoles. This category includes popular titles like Halo Infinite, Forza Horizon 4, Gears 5, and Sea of Thieves, offering everything from first-person shooters to immersive role-playing games. Explore a diverse selection of genres such as racing, strategy, puzzle, and platformers, with standout series like Forza Motorsport and State of Decay. Gamers can choose between digital downloads on Xbox Live or physical copies, with options for pre-order, standard, and pre-owned purchases. The Xbox Game Pass provides access to a rotating library of games at a monthly subscription, ideal for cost-effective gaming. Backward compatibility allows access to many Xbox 360 titles, enhancing the gaming library. Find deals at major UK retailers like Amazon, GAME, and Tesco, especially during events like Black Friday. Whether you're into multiplayer battles in PUBG or crafting in Minecraft, this category has something for every gamer. KEYWORDS: Xbox One Game; XB1 Game; XB One Game; Battletoads; Crackdown 3; Forza Horizon 4; Gears 5; Halo Infinite; Sea of Thieves; PUBG; Playerunknowns Battlegrounds; Playerunknown's Battlegrounds; Forza Motorsport 7; Halo Wars 2; Forza Horizon 3; Xbox game; xbox one games; for xbox one; on xbox one
Chest Freezer	category	248126	TITLE: Chest Freezer DESCRIPTION: Chest freezers, also known as deep freezers, are essential appliances for households and businesses requiring extra frozen storage space. These units typically offer a horizontal design with a hinged lid, providing ample room for bulk food storage, ideal for preserving large quantities of meat, vegetables, and pre-prepared meals. Popular brands in the UK market include Beko, Hotpoint, and Hoover. Key features often include adjustable thermostats, fast freeze functions, and energy-efficient ratings to reduce electricity consumption. Chest freezers are commonly found in garages or utility rooms and are perfect for those who buy in bulk or need additional storage beyond standard refrigerator freezer compartments. Related categories include upright freezers, refrigerator-freezer combos, and portable coolers. When considering complementary products, think of vacuum sealers and storage containers to optimize space and food preservation. This category is distinct from upright freezers due to its larger capacity and horizontal access design. KEYWORDS: Chest Freezer
PS4 Controller	category	261205	TITLE: PS4 Controller DESCRIPTION: The PS4 Controller category encompasses a range of gamepads specifically designed for the PlayStation 4 gaming console, including the popular DualShock 4 model. Key features include wireless Bluetooth connectivity, built-in speaker, touchpad, and motion sensors, enhancing interactive gameplay experiences. This category includes various colour options and limited edition designs from brands like Sony, ensuring compatibility with all PS4 models, including Slim and Pro versions. Users often search for terms like "PS4 game controller," "PlayStation 4 wireless gamepad," and "Sony DualShock 4" when looking for accessories to complement their gaming setup. Related categories include PS4 consoles, gaming headsets, charging stations, and PS4 games like FIFA and Call of Duty. Cross-selling opportunities exist with products such as PS4 controller thumb grips and skins. In the UK market, emphasis is placed on reliable performance and ergonomic design to cater to both casual gamers and competitive players. KEYWORDS: PlayStation 4 Controller; PS4 Controller; DualShock 4; Dual Shock 4; Dual-Shock 4
PS4 Games	category	264130	TITLE: PS4 Games DESCRIPTION: The "PS4 Games" category encompasses a vast array of titles for Sony's PlayStation 4 console, renowned for its 4K HD visuals and robust processing power. Key genres include action, RPGs, sports, and simulation, featuring prominent titles like "Horizon: Zero Dawn," "Bloodborne," and "Gran Turismo Sport." Notable exclusives such as "The Last Guardian" and "Ratchet & Clank" highlight the console's unique offerings. PS4 games are available on Blu-ray discs or via digital download from the PlayStation Store, with potential savings through pre-owned purchases or PlayStation Plus discounts. Complementary categories include PS4 accessories and PlayStation VR games. The UK market favours retailers like GAME, Amazon, and Tesco for competitive pricing. This category is distinct from Xbox One and PC games, offering exclusive content and multiplayer experiences like "Call of Duty" and "FIFA." Ideal for both casual players and hardcore gamers, PS4 games deliver immersive entertainment across diverse gaming preferences. KEYWORDS: PlayStation 4 Games; PS4 Games; PS4 Game; PlayStation 4 Game; The Order: 1886; The Order 1886; Killzone Shadow Fall; Driveclub; Ratchet and Clank; Ratchet & Clank; Ratchet + Clank; The Last Guardian; Gravity Rush; Gran Turismo Sport; Until Dawn; Detroit Become Human; Detroit: Become Human; Shadow of the Colossus; Bloodborne; Horizon: Zero Dawn
Smart Home	category	273036	TITLE: Smart Home DESCRIPTION: The Smart Home category in the UK encompasses a wide array of interconnected devices designed to enhance convenience, security, and efficiency in domestic life. This category includes smart lighting systems like Philips Hue and IKEA Tradfri, which offer millions of colours and voice-activated controls via Alexa or Google Home. Home security is bolstered by products from brands like Netgear, Arlo, and Yale, featuring smart cameras, alarms, and sensors integrated through hubs like Hive or Samsung SmartThings. In audio, Sonos and Amazon Echo provide immersive sound experiences with multi-room capabilities. The kitchen sees innovations from Samsung and GE with smart fridges and ovens, while smart plugs from TP Link transform ordinary appliances into networked devices. Complementary categories include home automation systems and energy management solutions like Tado thermostats. British consumers can explore these products through platforms like hotukdeals for competitive pricing, especially during events like Black Friday or Amazon Prime Day. KEYWORDS: Netatmo; Digihome; Honeywell; Meross; SmartThings; Smart Things; SmartThing; Philips Hue; Osram Lightify; Amazon Echo; Alexa; Yeelight; Smart Plug; Tado; Google Home; Samsung SmartThings; Nest; Ring Doorbell; Ring Video Doorbell; TP Link
Dash Cam	category	277802	TITLE: Dash Cam DESCRIPTION: Dash cams, also known as dashboard cameras or dashcams, are essential devices for British motorists seeking enhanced security and accountability on the road. These compact cameras, often mounted on the dashboard or windshield, capture high-definition footage of driving incidents, aiding in insurance claims and legal cases. Popular brands like Nextbase and Garmin offer models with advanced features such as GPS navigation, G-force sensors, and wide-angle lenses. Front and rear dash cams provide comprehensive coverage, while options for motorbikes ensure versatility across vehicle types. Key considerations include video resolution (1080p or 4K), storage capacity, and connectivity options like smartphone integration and cloud services. Dash cams can also serve as Sat Nav devices, offering real-time navigation assistance. Related categories include vehicle accessories, security systems, and automotive electronics. Available from UK retailers such as Currys, Argos, Halfords, and John Lewis, these devices are often discounted during major sales events like Black Friday. Explore hotukdeals for the latest offers and ensure peace of mind with a reliable dash cam. KEYWORDS: Dash Cam; Nextbase; Dashcam; Dash Camera; Road Angel
4K TV	category	279810	TITLE: 4K TV DESCRIPTION: Optimized Category Description: 4K TVs, also known as 4K Ultra HD or UHD TVs, represent the pinnacle of home entertainment technology in the UK, offering stunning image clarity with four times the resolution of Full HD. Popular models include brands like Samsung's UE65KU6179 and LG's 55EG9A7V, providing a range of sizes from compact 32-inch to expansive 75-inch screens. Key features include Smart TV capabilities, LED and OLED display technologies, and advanced upscaling functions for enhanced viewing experiences. Consumers often seek models such as Sony's KD65XE9305 or the KD-75ZD9 for their exceptional picture quality and smart integration. Complementary categories include soundbars and home theatre systems to complete your setup. Related searches might involve "best 4K TV deals," "UHD TV comparison," or "smart 4K features." This category is distinct from Full HD TVs, focusing on superior resolution and immersive viewing, ideal for film buffs and gamers alike. KEYWORDS: 4K TV; 4K Smart TV; Smart 4K; 4K Ultra HD; 4K Ultra; UHD TV; 4K LED TV; 65Q8C; KD65XE9305; KD-75ZD9; UE65KU6179; 55EG9A7V; G9A7V; TV 4K; LED 4K TV; TV UHD; 4K UHD Smart TV; 4K Ultra HD LED TV; 4K Ultra HD TV; UHD OLED TV
Philips Hue	category	284272	TITLE: Philips Hue DESCRIPTION: Philips Hue is a leading smart lighting system by the renowned Dutch brand Philips, designed to transform UK homes with innovative lighting solutions. This category encompasses a diverse range of products, including smart bulbs, light strips, and fixtures that offer customisable colour and brightness settings. Key features include compatibility with voice assistants such as Amazon Alexa, Google Assistant, and Apple HomeKit, facilitating seamless integration into smart home ecosystems. Popular models like the Philips Hue White and Colour Ambiance provide dynamic lighting effects, perfect for enhancing ambience in living rooms, kitchens, and bedrooms. Related categories include smart home devices, energy-efficient lighting, and home automation systems. Complementary products might include smart plugs and wireless dimmer switches. This category stands apart from standard LED bulbs by offering advanced control via the Philips Hue app, enabling users to schedule lighting routines and create personalised scenes. KEYWORDS: Philips Hue; Phillips Hue
Apple Watch	category	290516	TITLE: Apple Watch DESCRIPTION: The Apple Watch category encompasses a range of smartwatches designed by Apple, including models such as the Apple Watch Series 3, Series 5, and special editions like the Nike and Hermes versions. These versatile devices function as advanced fitness trackers, personal organisers, and offer seamless integration with Apple Music and Apple Pay. Popular in the UK, these watches cater to tech-savvy users seeking connectivity and health monitoring on their wrist. Key features include GPS, heart rate monitoring, and water resistance. Compatible with iOS devices, they support a variety of apps enhancing both productivity and lifestyle. Related categories include smart accessories, wireless headphones, and mobile charging solutions. Distinct from other smartwatches, the Apple Watch is renowned for its design aesthetics and ecosystem compatibility. Whether upgrading to the latest model or exploring budget-friendly options like the Series 3, users can find suitable deals and models tailored to their needs. KEYWORDS: Apple Watch; Apple Watch 3; Apple Watch Series 3; Apple Watch Version 3; Apple Watch S3; Apple Watch 5; Apple Watch Series 5; Apple Watch S5; Apple Watch Nike Series 5; Apple Watch Nike 5; Watch Hermes Series 5; Watch Edition Series 5; Apple Official Watch
Amazon Fire TV Stick	category	301423	TITLE: Amazon Fire TV Stick DESCRIPTION: The Amazon Fire TV Stick category encompasses a range of streaming media players designed to transform any compatible television into a smart TV. Key products include the Fire TV Stick Lite, Fire TV Stick 4K, and Firestick, each offering varying levels of resolution and features such as Alexa voice control and Dolby Atmos audio support. Synonymous with convenience and entertainment, these devices provide access to popular streaming services like Netflix, Prime Video, BBC iPlayer, and Disney+. Compatible with a wide array of apps, they cater to diverse viewing preferences. Related categories include smart TVs, HDMI cables, and home theatre systems, enhancing the overall viewing experience. In the UK market, they serve as cost-effective alternatives to full-fledged smart televisions. Distinct from similar devices like Roku or Chromecast, the Fire TV Stick is integrated with Amazon's ecosystem for seamless content delivery. KEYWORDS: Amazon Fire TV; Amazon Fire TV Stick; Fire Smart TV Stick; Fire TV Stick; Fire Stick Lite; Fire Stick 4K; Firestick
iPad Pro	category	308413	TITLE: iPad Pro DESCRIPTION: The iPad Pro category encompasses a range of high-performance Apple tablets, specifically the iPad Pro 11-inch models, including variants such as MTXN2FD/A, MU0M2FD/A, and MTXP2FD/A. Known for their cutting-edge M1 chip, Liquid Retina displays, and compatibility with the Apple Pencil and Magic Keyboard, these devices are ideal for professionals and creatives seeking powerful computing on-the-go. The iPad Pro series supports advanced features like Face ID, ProMotion technology, and USB-C connectivity, making it a versatile tool for tasks from graphic design to video editing. In the UK market, the iPad Pro competes with other premium tablets but stands out due to its seamless integration with the Apple ecosystem. Related categories include tablet accessories, such as protective cases and styluses, and complementary products like MacBooks and iPhones. This category is distinct from standard iPads due to its superior performance capabilities and targeted professional use cases. KEYWORDS: iPad Pro 11; iPad Pro 11"; iPad Pro 11-inches; iPad Pro 11-inch; iPad Pro 11"Pro; MTXN2FD/A; MU0M2FD/A; MTXP2FD/A; MTXQ2FD/A; MTXR2FD/A; MU102FD/A; MTXT2FD/A; MU172FD/A; MTXU2FD/A; MU1M2FD/A; MTXW2FD/A; MTXV2FD/A; MU1F2FD/A; MU222FD/A; MU1V2FD/A
Google Pixel	category	327200	TITLE: Google Pixel DESCRIPTION: The Google Pixel category offers cutting-edge smartphones renowned for their seamless integration of Google's Android software and hardware, providing a superior user experience in the UK market. Notable features include the advanced Qualcomm Snapdragon 821 processor, 4GB RAM, and a remarkable 12.3MP camera, ensuring high performance in photography and gaming. Available in two sizes, the Pixel (5 inches) and Pixel XL (5.5 inches), these devices come with Android 7.1 Nougat and offer storage options of 32GB or 128GB, complemented by unlimited cloud storage for photos and videos. The Pixel's fast-charging battery delivers up to seven hours of use after just a 15-minute charge, although it lacks wireless charging and expandable memory. Competing with high-end devices like Apple's iPhone 7, the Pixel stands out with its AI assistant, Google Assist, which excels in conversational tasks and integrates with Google Allo. Accessories such as Daydream View VR headset and Chromecast Ultra enhance functionality. Ideal for tech enthusiasts, the Pixel is available through UK retailers like Currys and Carphone Warehouse, with potential discounts during major sales events. KEYWORDS: Google Pixel; Pixel 8; Pixel 9
Nintendo Switch	category	328137	TITLE: Nintendo Switch DESCRIPTION: The Nintendo Switch category encompasses a broad range of gaming consoles, accessories, and games specifically designed for the popular hybrid gaming system developed by Nintendo. This category includes the Nintendo Switch standard model, the Nintendo Switch Lite, and the enhanced Nintendo Switch OLED model. Key products feature Joy-Con controllers, Pro Controllers, and official Nintendo accessories such as docks, carrying cases, and screen protectors. Explore a diverse selection of games spanning genres like action, adventure, RPG, and simulation from renowned franchises such as The Legend of Zelda, Super Mario, Pokémon, and Animal Crossing. Compatible with various cross-platform titles and downloadable content via the Nintendo eShop, this category also highlights exclusive British editions and bundles. Related categories include gaming headsets, amiibo figures, and gaming gift cards. Perfect for both casual gamers and dedicated enthusiasts, the Nintendo Switch offers versatile gameplay at home or on-the-go, distinguishing itself from PlayStation and Xbox systems. KEYWORDS: Nintendo Switch
4K Blu-ray	category	329533	TITLE: 4K Blu-ray DESCRIPTION: The 4K Blu-ray category encompasses a wide range of high-definition home entertainment options, featuring 4K UHD Blu-ray discs that deliver superior picture quality and immersive audio experiences. This category includes various formats such as 4K Ultra HD Blu-Ray, 4K UHD + Blu-ray, and 4K UHD BD, catering to film enthusiasts seeking the ultimate viewing experience. Popular within the UK market, this category often features boxed sets like Trilogy 4K UHD collections and Film Collection 4Ks. It appeals to users interested in cinematic releases, blockbuster films, and exclusive director's cuts available in stunning 4K resolution. Related categories include home cinema systems, soundbars, and 4K televisions, which complement the viewing experience. Users searching for terms like 4K HD + Blu-Ray or 4K Ultra-HD + BD will find a diverse selection of genres and titles. Distinct from standard Blu-rays, this category focuses on enhanced visual and auditory performance for discerning viewers. KEYWORDS: 4K Blu-Ray; 4K Blu Ray; 4K Bluray; 4K UHD Blu-Ray; 4K Ultra HD Blu Ray; 4K Ultra HD + Blu-Ray; Film Collection 4K; 4K UHD + Blu-ray; 4K UHD+BR; 4K Ultra-HD + BD; Trilogy 4k UHD; 4K HD + Blu-Ray; 4K Ultra HD; 4K UHD BD; 4K + Blu-ray
Apple AirPods	category	341695	TITLE: Apple AirPods DESCRIPTION: The "Apple AirPods" category encompasses a range of wireless earbuds designed by Apple, including the AirPods (2nd Generation) and the AirPods Pro (2nd Generation, 2022). These devices are renowned for their seamless integration with Apple products like iPhones, iPads, and MacBooks, offering features such as active noise cancellation, spatial audio, and adaptive EQ. Key terms include Airpods 2, Airpods Pro 2022, and Apple Airpods Pro 2nd Gen. This category is distinct from other wireless earbuds due to its proprietary H1 chip, which enhances connectivity and battery efficiency. Related categories include Bluetooth headphones, smartphone accessories, and wearable tech. Popular use cases involve commuting, fitness activities, and hands-free calling. In the UK market, Apple AirPods are frequently associated with premium sound quality and cutting-edge design. Complementary products often include protective cases, charging stations, and ear tips for custom fit. KEYWORDS: Airpods 2; Airpods 2nd Generation; Airpods (2nd Generation); Apple AirPods; airpod; airpods; air pod; air pods; Apple Airpods Pro (2022); Apple Airpods Pro 2022; Apple Airpods Pro 2; Apple Airpods Pro 2nd Generation; Apple Airpods Pro 2nd Gen; Apple Airpods Pro (2nd Generation); Apple Airpods Pro (2nd Gen)
55 inch TV	category	342581	TITLE: 55 inch TV DESCRIPTION: The 55 inch TV category encompasses a diverse range of high-definition televisions ideal for British consumers seeking an optimal balance between screen size and living space. This category includes 4K Ultra HD, Smart TVs, LED, and OLED models from leading brands such as Samsung, Sony, LG, Philips, and Panasonic. Popular models include the Samsung UE55, QE55 series, Sony KD55 range, and LG 55-inch displays. These TVs offer superior picture quality and smart functionality, integrating seamlessly with streaming services and home entertainment systems. Related categories include soundbars for enhanced audio experiences and TV mounts for flexible installation options. Complementary products often searched alongside include HDMI cables and universal remotes. This category is distinct from smaller or larger TVs by providing a mid-sized option that suits most UK homes without overwhelming the space. Ideal for movie nights or gaming, the 55 inch TV remains a popular choice on platforms like hotukdeals for competitive pricing and discounts. KEYWORDS: 55 inch TV; 55-inch TV; 55 inch Television; 55-inch television; 55 inch 4K; 55-inch 4K; Samsung UE55; Philips 55; OLED 55; OLED55; Sony 55; Samsung QE55; Samsung QE 55; Sony KD55; Samsung 55; LG55; LG 55; Sony KD 55; TV 55; Panasonic TX 55
65 inch TV	category	342583	TITLE: 65 inch TV DESCRIPTION: The 65 inch TV category is ideal for creating an immersive home cinema experience, featuring a diverse selection of high-definition televisions from leading brands such as Samsung, Sony, LG, Philips, Panasonic, and Hisense. This category includes advanced display technologies like OLED, LED, and QLED, with models such as Samsung UE65, QE65, and Sony KD65 offering stunning 4K Ultra HD resolution. Smart TV functionalities provide seamless access to streaming services and internet connectivity. Popular models include the Samsung QE65Q9FNA and Hisense H65 series. Complementary categories include sound systems and wall mounts to enhance your viewing setup. In the UK market, terms like "65 inch Television" and specific model numbers like LG65 and Panasonic TX 65 are frequently searched by consumers. Distinct from smaller screen sizes or different resolutions, this category focuses on delivering a cinematic visual experience in larger living spaces. KEYWORDS: 65 inch TV; 65 inch Television; Samsung UE65; Philips 65; OLED 65; OLED65; Sony 65; Samsung QE65; Samsung QE 65; Sony KD65; Samsung 65; LG65; LG 65; Sony KD 65; TV 65; Panasonic TX 65; Grundig 65; Hisense H65; QE65q6FAM; QE65Q9FNA
Nvidia Shield	category	342587	TITLE: Nvidia Shield DESCRIPTION: The Nvidia Shield is a versatile device that combines the functionality of a set-top box, gaming console, and streaming device, specifically tailored for the UK market. It supports 4K video streaming, Dolby Atmos audio, and comes equipped with a powerful Tegra X1 processor, making it ideal for seamless gaming and entertainment experiences. The Shield offers compatibility with Google Assistant and Amazon Alexa, integrating smoothly into smart home setups. It connects to TVs via HDMI 2.0 and includes dual USB 3.0 ports for additional peripherals. The Nvidia Shield Pro model enhances this with 500GB of storage, perfect for avid gamers needing space for extensive game libraries. With access to GeForce Now, users can stream over 400 PC games directly to their televisions. This device rivals traditional consoles like the PlayStation 4 and Xbox One, providing a compact alternative with robust Android TV integration. Available through retailers such as Amazon and Currys PC World, the Nvidia Shield is a compelling choice for those seeking cutting-edge home entertainment solutions. KEYWORDS: Nvidia Shield; Shield TV
Electronic Accessories	category	342637	TITLE: Electronic Accessories DESCRIPTION: The "Electronic Accessories" category encompasses a wide range of essential items that support and enhance the functionality of electronic devices. Key products include chargers, powerbanks, cables, adapters, lightning cables, inverters, and plugs. These accessories are crucial for maintaining device power and connectivity, catering to both everyday use and professional needs. Popular brands such as APC provide reliable UPS systems that ensure uninterrupted power supply. This category is closely related to mobile phone accessories, computer peripherals, and home office equipment, offering complementary products like wireless chargers, USB hubs, and surge protectors. In the UK market, terms like "plug" may refer specifically to British 3-pin plugs, emphasizing compatibility with local electrical standards. Distinct from standalone electronics, this category focuses on supplementary devices that enhance usability and convenience. Ideal for users seeking solutions for charging, data transfer, and power management, these accessories are indispensable in both personal and professional settings. KEYWORDS: Electronics Accessories; Charger; Powerbank; Cable; Adapter; Lightning Cable; Inverter; Plug; APC UPS
Nintendo Switch Game	category	342651	TITLE: Nintendo Switch Game DESCRIPTION: The "Nintendo Switch Game" category encompasses a diverse range of video games specifically designed for the Nintendo Switch console, appealing to both casual and dedicated gamers in the UK. Key titles include "Super Mario Party," "Super Mario Odyssey," "Mario Kart 8 Deluxe," and "Pokémon: Let's Go," alongside popular series such as "Super Smash Bros" and "Splatoon 2." This category features beloved franchises like "Donkey Kong Country" and "Luigi's Mansion 3," as well as strategic adventures like "Mario + Rabbids Kingdom Battle" and action-packed experiences with "Bayonetta 3." The category caters to various gaming preferences, from platformers like "New Super Mario Bros. U Deluxe" to sports games such as "Mario Tennis Aces." Related categories include Nintendo Switch consoles, accessories, and digital downloads, enhancing gameplay experiences. This category is distinct from other gaming platforms by its exclusive titles and unique hybrid console capabilities, making it a staple in British gaming culture. KEYWORDS: Nintendo Switch Game; Nintendo Switch; Switch Game; Super Mario Party; Super Mario Odyssey; Super mario bros U; Mario Kart 8 Deluxe; Pokémon: Let’s Go; Pokemon Lets Go; Super Smash Bros; Splatoon 2; New Super Mario Bros. U Deluxe; Mario Tennis Aces; Donkey Kong Country; Pokemon Let’s Go; Bayonetta 3; Kirby Star Allies; Luigi's Mansion 3; Luigis Mansion 3; Mario + Rabbids Kingdom Battle
Nintendo Switch Joy-Con	category	342653	TITLE: Nintendo Switch Joy-Con DESCRIPTION: The Nintendo Switch Joy-Con category encompasses the versatile and detachable controllers designed for the Nintendo Switch gaming console, a popular choice among UK gamers. These controllers, known interchangeably as Joy-Con, Joy Con, or Joycon, provide flexible gaming experiences with their ability to function in both handheld and docked modes. Key features include motion sensing, HD rumble, and an ergonomic design that supports both solo and multiplayer gaming. This category is closely related to other Nintendo Switch accessories such as the Nintendo Switch Pro Controller, charging docks, and carrying cases, which enhance the gaming setup. Compatible with a wide range of games from action to adventure genres, these controllers are essential for immersive gameplay. When searching for replacement or additional controllers, users may also consider third-party alternatives or themed editions. Distinct from other console controllers like those for Xbox or PlayStation, the Joy-Con offers a unique modular experience tailored to the Nintendo ecosystem. KEYWORDS: Nintendo Switch Joy-Con; Nintendo Switch Joy Con; Joy Con; Joy-Con; Joycon
Gaming Accessories	category	342659	TITLE: Gaming Accessories DESCRIPTION: The "Gaming Accessories" category in the UK encompasses a wide array of essential peripherals designed to enhance the gaming experience across various platforms. Key products include gaming keyboards and mice from brands like HyperX and SteelSeries, offering precision and comfort for competitive play. Controllers such as joysticks, fightsticks, and steering wheels, including Thrustmaster's racing wheels and Driving Force Shifters, provide immersive control for racing and simulation games. The category also features innovative items like the Venom Twin docking stations, Cronus Zen adapters, and Backbone One controllers for mobile gaming. Gaming desk mats and desks are integral for creating an ergonomic setup. The Steam Deck Dock offers expanded functionality for portable gaming systems. This category is closely related to PC components, consoles, and virtual reality equipment, making it vital for gamers seeking comprehensive setups. Disambiguate from general computer accessories by focusing on gaming-specific functionality and brand recognition in the UK market. KEYWORDS: HyperX; SteelSeries; Gaming Accessories; Gaming Keyboard; Gaming Mouse; Gaming Controller; Joystick; Steering Wheel; Fightstick; Racing Wheel; Gaming Steering Wheel; Thrustmaster; Gaming Desk Mat; Driving Force Shifter; Gaming Desk; Venom Twin; Cronus Zen; Backbone One; Steam Deck Dock
Xiaomi Smartphones	category	342719	TITLE: Xiaomi Smartphones DESCRIPTION: Xiaomi Smartphones, a prominent category in the UK market, encompass a diverse range of models including the Xiaomi Redmi Note 4, Redmi Note 9S, Mi 10, Mi 10 Lite, Mi 11, Mi 11 Pro, and Mi 11 Lite 5G. Known for their robust Android interfaces, these devices feature high-resolution cameras, expansive displays, and powerful processors. Models like the Pocophone F1 and Xiaomi Black Shark series cater to gaming enthusiasts with advanced performance capabilities. The affordability of Xiaomi phones makes them a compelling alternative to premium brands such as Apple. Popular variants like the Xiaomi Mi A3 and Redmi Note 8 Pro are renowned for their balance of performance and cost-effectiveness. Related categories include Android smartphones, mobile accessories, and smart home devices. Whether searching for a budget-friendly option or a high-performance device, Xiaomi’s offerings provide versatility and innovation suitable for various user needs in the British market. KEYWORDS: Xiaomi Redmi Note 4; Xiaomi Redmi Note 9S; Xiaomi Mi 10; Xiaomi Mi 10 Lite; Xiaomi Mi 11; Xiaomi Mi 11 Pro; Xiaomi Mi 11 Lite 5G; Xiaomi Smartphone; Pocophone F1; Xiaomi Pocophone; Pocophone; Xiaomi Mi 6; Xiaomi Black Shark; Xiaomi Black Shark 2; mi 9; xiaomi mi9; mi9; Xiaomi Mi A3; Xiaomi Redmi Note 8 Pro; Xiaomi Redmi Note 8Pro
Music Streaming	category	342767	TITLE: Music Streaming DESCRIPTION: The "Music Streaming" category in the UK encompasses a wide array of digital music services, including popular platforms such as Spotify, Apple Music, Deezer, Bandcamp, Amazon Music, and Prime Music. This category is defined by the ability to stream vast libraries of songs, albums, and playlists across various genres and artists directly to devices like smartphones, tablets, and computers. Key features include offline listening, curated playlists, personalised recommendations, high-fidelity audio options, and integration with smart home devices. Related categories include "Digital Subscriptions," "Music Downloads," and "Audio Equipment," which offer complementary products such as headphones and speakers for an enhanced listening experience. Users often search for terms like "music subscription," "streaming service comparison," and "best music apps UK." Distinct from physical music media or radio services, this category focuses on on-demand access to digital music content, catering to diverse musical tastes and preferences in the British market. KEYWORDS: Music Streaming; Apple Music; Deezer; spotify; bandcamp; Amazon Music; Prime Music
Nike Trainers	category	342785	TITLE: Nike Trainers DESCRIPTION: Nike Trainers in the UK encompass a diverse range of athletic footwear designed for performance, style, and comfort. This category includes popular models such as Nike Air Max, known for its iconic air cushioning, and Nike Roshe, celebrated for its minimalist design. The Nike Free line offers flexibility and a barefoot feel, while the Huarache series provides snug comfort with a neoprene fit. For runners, the Zoom Pegasus and Zoom Fly deliver responsive cushioning and speed. Basketball enthusiasts can explore the Air Jordan collection, synonymous with high-performance sportswear. The Nike Air Force series combines classic style with modern updates, while the Metcon range is ideal for cross-training enthusiasts. Additionally, models like the Nike Joyride and Air Zoom cater to varied athletic needs. Related categories include sports apparel, running gear, and lifestyle sneakers. Complementary products feature athletic socks and insoles. This category is distinct from general trainers by its exclusive focus on Nike's innovative technologies and iconic designs tailored for the British market. KEYWORDS: Nike Free; Nike Roshe; Nike Shoes; Air Max; Roshe Run; Huarache; air jordan; roshe; zoom pegasus; zoom fly; Nike Sneakers; Nike Air Force; Nike air zoom; nike air streak lite; nike joyride; crimson nike; nike crimson; nike mid blazer; nike metcon; jordan nike
Activewear	category	342795	TITLE: Activewear DESCRIPTION: Activewear in the UK encompasses a diverse range of sportswear designed for performance and comfort across various activities. Key items include tracksuits, poly suits, and track tops, ideal for athletic pursuits or casual wear. Sports fashion integrates both functionality and style, featuring renowned brands like Nike Performance and adidas Performance. Essential garments such as waterproof jackets, including Gore-Tex options, provide protection against British weather, while cycling jackets and fleece clothing offer warmth and versatility. Yogatights and training pants cater to fitness enthusiasts seeking flexibility and support during workouts. The category also covers specialised gear like wetsuits for aquatic sports. Related categories include outdoor clothing, running shoes, and fitness accessories, enabling comprehensive outfit solutions. This activewear selection distinguishes itself by prioritising technical specifications like moisture-wicking fabrics and ergonomic designs, setting it apart from general casual wear or formal attire. KEYWORDS: Tracksuit; poly suit; Track Suit; Sports Clothes; Sportswear; Sports Fashion; Wetsuit; Cycling Jacket; Fleece Clothing; Gore Tex; Gore-Tex; Waterproof Jacket; Outdoor Jacket; track top; tracktop; Sports Clothing; Yogatights; Training Pants; Nike Performance; adidas Performance
Fitness & Running	category	342797	TITLE: Fitness & Running DESCRIPTION: The Fitness & Running category encompasses a broad range of products and activities tailored to enthusiasts and athletes in the UK. This category includes equipment and accessories for various sports and fitness regimes such as running, triathlon, weightlifting, yoga, pilates, and swimming. Key products include treadmills, crosstrainers, exercise mats, and strength training gear. Popular sports like tennis, table tennis, badminton, squash, and boxing are well-represented with essential equipment. Swingball offers a fun twist on traditional tennis, while balance training tools enhance core stability. This category also supports gym-goers with comprehensive gym equipment options. Related categories include Outdoor Sports for complementary gear and Sports Nutrition for performance supplements. British consumers will find renowned brands catering to both beginners and seasoned athletes. Whether pursuing fitness goals or competitive sports, this category provides the necessary tools to enhance performance and enjoyment. KEYWORDS: Swingball; Yoga; Fitness; Tennis; Table Tennis; Badminton; Squash; Running; Triathlon; Weightlifting; Boxing; Swimming; Gym; Crosstrainer; Treadmill; Pilates; Exercise Mat; Exercise Mats; Strength Training; Balance Training
Home Appliances	category	342815	TITLE: Home Appliances DESCRIPTION: The Home Appliances category encompasses a wide range of essential household devices designed to enhance daily living in the UK. This category includes major appliances such as washing machines, dryers, fridges, refrigerators, freezers, cookers, ovens, and dishwashers from reputable brands like Dimplex, Hoover, and Numatic. Smaller appliances such as steamers, irons, and ironing boards are also featured, catering to various domestic needs. In addition to these, food servers and buffet servers are included for dining and entertaining purposes. The category is closely related to kitchen appliances, cleaning equipment, and home maintenance products. It serves both practical and lifestyle functions, making it integral to modern homes. Users searching for efficient and reliable household appliances will find this category highly relevant. Cross-category recommendations include complementary kitchenware and home organisation solutions, ensuring a comprehensive shopping experience tailored to British households. KEYWORDS: Food Server; Food Servers; Buffet Server; Buffet Servers; Dimplex; Hoover; Numatic; Household Appliances; Home Appliances; Washing Machine; Dryer; Fridge; Refrigerator; Freezer; Cooker; Steamer; Oven; Dishwasher; Iron; Ironing Board
Karcher Window Vacuum	category	342835	TITLE: Karcher Window Vacuum DESCRIPTION: The Karcher Window Vacuum category encompasses a range of efficient cleaning devices specifically designed for streak-free window cleaning, including popular models such as the Karcher WV1, WV2, WV5, WV7, WV50, and WV70. Known as Kärcher Window Cleaners, these vacuums are essential tools for maintaining spotless glass surfaces, mirrors, and tiles. They operate using a rechargeable battery system, offering portability and convenience for residential and commercial use. The range includes advanced models like the Kärcher WV 6 with improved suction technology. Complementary products include Karcher detergent concentrates and microfiber cloths that enhance cleaning performance. Related categories include other Karcher cleaning devices and accessories, such as pressure washers and floor cleaners. This category is distinct from traditional squeegees or manual window cleaning tools due to its motorized vacuum technology. Popular in the UK market, Karcher Window Vacuums are synonymous with high-quality German engineering and innovation in household cleaning solutions. KEYWORDS: Kärcher Window Cleaner; Karcher Window Cleaner; Karcher WV2; Karcher WV1; Karcher WV5; Karcher Window Vac; Karcher WV7; Karcher WV50; Karcher WV70; Kärcher WV2; Kärcher WV1; Kärcher WV5; Kärcher Window Vac; Kärcher WV7; Kärcher WV50; Kärcher WV70; Karcher WV; Kärcher WV 6; Karcher WV 5; Karcher WV 2
Kitchen Appliances	category	342841	TITLE: Kitchen Appliances DESCRIPTION: The "Kitchen Appliances" category encompasses a wide range of essential and innovative devices designed to enhance culinary experiences in the British market. Key products include the Tefal ActiFry, renowned for its air frying technology that allows for healthier cooking with minimal oil, making it ideal for preparing chips, curries, casseroles, and more. Complementary appliances such as waffle makers, juicers, sous-vide machines, and water dispensers from popular brands like Krups, Delonghi, Russell Hobbs, Cookworks, Breville, Magimix, Joseph Joseph, Pyrex, Sistema, and Sage are also featured. The category caters to diverse cooking needs with advanced features like smart technology integration and energy-efficient designs. Related categories include cookware and bakeware, offering products from Sage Barista and Sage Espresso to Sage Smart Waffle and Sage Duo Temp. This category is distinct from traditional cookware by focusing on automated and electric solutions that simplify meal preparation while promoting healthy eating habits. KEYWORDS: Waffle Maker; Juicer; Sous Vide; SousVide; Sous-Vide; Water Dispenser; Krups; Delonghi; Russell Hobbs; Cookworks; Breville; Magimix; Joseph Joseph; Pyrex; Sistema; Sage Barista; Sage Espresso; Sage Smart Waffle; Sage Duo Temp; Sage by Heston Blumenthal
Electric Blanket	category	342877	TITLE: Electric Blanket DESCRIPTION: The Electric Blanket category encompasses a variety of heated bedding solutions designed for warmth and comfort, ideal for the UK climate. Key products include Electric Blankets, Electric Underblankets, and Heated Throws, often crafted from soft materials like fleece or teddy fabric for added cosiness. These products are available with features such as adjustable heat settings, dual controls, and energy-efficient designs suitable for single, double, and king-size beds. Popular brands include Silentnight, Dreamland, and Morphy Richards. Related categories include Bedding Accessories, Duvets, and Mattress Toppers, offering complementary options for enhanced sleeping experiences. Electric Blankets are distinct from Heating Pads and Hot Water Bottles, providing consistent warmth across larger areas. They are perfect for winter months or individuals seeking therapeutic heat for muscle relaxation. When searching for these items, users may look for terms like Heated Underblanket or Electric Fleece Blanket to find the perfect match for their needs. KEYWORDS: Electric Blanket; Electric Underblanket; Electric Blankets; Heated Blankets; Heated Blanket; Electric Under Blanket; electric teddy blanket; Heated Throw; Electric Fleece Blanket; Heated Fleece Throw; Heated Underblanket
Power Tool	category	342887	TITLE: Power Tool DESCRIPTION: The "Power Tool" category encompasses a wide range of essential equipment for construction, woodworking, and DIY projects, catering to both professional tradespeople and home enthusiasts in the UK. Key products include drills such as combi drills, hammer drills, and impact drivers, which are indispensable for drilling and fastening tasks. Cutting tools like circular saws, mitre saws, jigsaws, and chainsaws provide precision and power for various cutting applications. For surface finishing, sanders accompanied by sandpaper and sanding sheets ensure smooth results. Nail guns and compressors streamline fastening tasks, while soldering irons are crucial for electrical work. This category is closely related to hand tools, safety gear, and construction materials, offering comprehensive solutions for any project. Renowned brands like DeWalt, Bosch, and Makita are prominently featured, ensuring quality and reliability. Power tools are distinct from manual hand tools due to their motorized operation, providing enhanced efficiency and performance. KEYWORDS: Nail Gun; Compressor; Planer; Sander; Sandpaper; Sanding Sheets; Soldering; Soldering Iron; Power Tool; power tools; Drill; Driver; Combi Drill; Hammer Drill; Impact Driver; Chain Saw; Circular Saw; Mitre Saw; jigsaw; chainsaw
Stationery & Office Supplies	category	342895	TITLE: Stationery & Office Supplies DESCRIPTION: The "Stationery & Office Supplies" category in the UK encompasses a wide array of essential products for both personal and professional use. Key brands such as Dymo, Crayola, Staedtler, Bic, and Casio classwiz highlight the diversity and quality within this category. Products range from writing instruments like Sharpie markers and Bic pens to organisational tools such as diaries and calculators. Adhesive solutions are well-represented with options including Gorilla Tape, Invisible Tape, Clear Tape, Parcel Tape, and Ultratape, alongside the ubiquitous Sellotape. This category also includes packing and packaging tapes crucial for shipping and office logistics. Related categories might include Art Supplies for creative projects or Educational Supplies for academic needs. Users searching for reliable office essentials or school supplies will find this category comprehensive and versatile. The focus on British market preferences ensures relevance with popular brands and product types commonly sought after in the UK. KEYWORDS: Dymo; Crayola; Staedtler; Bic; Calculator; Casio classwiz; Diary; diaries; Sharpie; Sharpies; Packing Tape; Packaging Tape; Gorilla Tape; Invisible Tape; Clear Tape; Parcel Tape; Adhesive Tapes; Adhesive Tape; Ultratape; Sellotape
Train Ticket	category	342905	TITLE: Train Ticket DESCRIPTION: The "Train Ticket" category encompasses a broad range of rail travel options within the UK and beyond, featuring key operators such as Scotrail, Interrail, Great Western Railway (GWR), Avanti West Coast, Greater Anglia, Northern Railway, and Northern Trains. This category includes both domestic and international services, with connections through Eurotunnel and European networks like Deutsche Bahn and Ouigo. Popular booking platforms like Trainline and Trainpal facilitate seamless ticket purchasing. Travellers can explore routes across major cities or plan scenic journeys through the countryside. The category supports various ticket types including single, return, and season tickets, catering to commuters, leisure travellers, and tourists alike. Related categories include rail passes, travel insurance, and accommodation options. This category is distinct from bus or coach tickets, focusing exclusively on rail transport. Users frequently search for specific routes, operator names, and ticket discounts in this segment. KEYWORDS: Train Ticket; Train tickets; Scotrail; Interrail; Great Western Railway; GWR; Avanti West Coast; Greater Anglia; Northern Railway; Northern Rail; Northern Trains; Eurotunnel; Trainpal; Deutsche Bahn; Ouigo; Trainline; Avanti
Irish Whiskey	category	342925	TITLE: Irish Whiskey DESCRIPTION: Irish Whiskey, a celebrated spirit known for its smooth and triple-distilled character, encompasses renowned brands such as Jameson, Bushmills, Tullamore Dew, Paddy, and Kilbeggan. This category is distinguished by its unique production process, which typically involves a blend of malted and unmalted barley, resulting in a lighter and smoother taste compared to Scotch whisky. In the UK market, Irish Whiskey is a popular choice for both connoisseurs and casual drinkers seeking a versatile and approachable option. Commonly enjoyed neat, on the rocks, or as a key ingredient in cocktails like the classic Irish Coffee, it pairs well with complementary categories such as gourmet chocolates and fine cigars. Distinct from Scotch and Bourbon, Irish Whiskey offers a diverse range of flavour profiles, from fruity and floral to rich and spicy. Explore this category for authentic Irish heritage and craftsmanship in every bottle. KEYWORDS: Bushmills; Jameson; Irish Whisky; Irish Whiskey; Tullamore Dew; paddy whiskey; Kilbeggan
Home Care	category	342931	TITLE: Home Care DESCRIPTION: The Home Care category encompasses a broad range of essential cleaning and maintenance products designed for domestic environments in the UK. Key items include detergents, washing powders, and bleach from renowned brands like Ecover, Domestos, and Cif, ensuring effective sanitation and hygiene. This category also features kitchen rolls, air fresheners by Air Wick, and scourers such as Spontex for versatile cleaning applications. Products like grease removers and Cif floor cleaners cater to specific cleaning needs, while Pink Stuff offers a powerful solution for tough stains. Rinse aids enhance dishwashing results, complementing the overall homecare routine. Related categories include laundry care, kitchen supplies, and bathroom essentials, enabling comprehensive household upkeep. This category distinguishes itself by focusing on cleaning efficacy and sustainability, aligning with British consumer preferences for eco-friendly options. Whether searching for air fresheners or scourers, this category provides a diverse selection to meet various home care requirements. KEYWORDS: Ecover; Bleach; Domestos; Home Care; Homecare; Detergent; Washing Powder; Cleaning; Kitchen Roll; Air Freshener; Cif; Air Wick; Scourers; Grease Remover; Scourer; Spontex; Pink Stuff; Rinse Aid; AirWick; Cif Floor Cleaner
Books & Magazines	category	343000	TITLE: Books & Magazines DESCRIPTION: The "Books & Magazines" category in the UK encompasses a diverse array of reading materials, including physical books, eBooks, and audiobooks, catering to varied preferences. This category features genres such as fiction, non-fiction, comics, manga, and anime-related publications. Popular British newspapers like The Sunday Times, The Sun, and the Telegraph are also available, alongside renowned magazines from publishers such as Condé Nast. Audiobooks and audio books provide an alternative for on-the-go consumption, appealing to listeners who prefer auditory experiences. Related categories include educational resources, literary gifts, and digital media devices like e-readers. This category serves as a hub for literature enthusiasts and casual readers alike, offering both contemporary bestsellers and classic literature. Whether searching for a gripping novel or a monthly magazine subscription, users will find a comprehensive selection tailored to British tastes and interests. KEYWORDS: Book; eBook; e-Book; e Book; Magazine; Magazines; Audiobook; Comic; Manga; Anime; Audio Book; Audiobooks; Audio Books; eBooks; e-Books; e Books; The Sunday Times; The Sun; Telegraph; Condé Nast
Tickets & Shows	category	343001	TITLE: Tickets & Shows DESCRIPTION: The "Tickets & Shows" category in the UK encompasses a diverse range of events and entertainment options, including prestigious horse racing events such as the Grand National at Aintree, Royal Ascot, and Cheltenham Festival. Enthusiasts can explore races at iconic venues like Newmarket Racecourse, York Racecourse, and Windsor Racecourse. For tennis aficionados, Wimbledon Tennis Championships offer an unparalleled experience. Beyond sports, this category includes tickets for popular concerts and theatre shows across the UK, providing access to live performances by renowned artists and theatrical productions. Additionally, it covers entry to theme parks, offering family-friendly entertainment. This category is ideal for individuals seeking experiences ranging from the thrill of horse races and tennis matches to the cultural enrichment of concerts and theatre. Related categories include Sports Memorabilia and Travel Packages, enhancing cross-category exploration. Users searching for terms like "Wimbledon tickets," "concerts near me," or "theme park passes" will find relevant options here. KEYWORDS: Grand National; Wimbledon; Wimbledon Tennis; horse racing; grand national; champion jockey; horse races; Royal Ascot; Aintree; Novices Hurdle; horse race; Newmarket Racecourse; York racecourse; Ascot Racecourse; Windsor Racecourse; Cheltenham Festival; Concert; Theatre Show; Concerts; Theme Park
Courses and Training	category	343003	TITLE: Courses and Training DESCRIPTION: The "Courses and Training" category encompasses a wide array of educational opportunities available in the UK, including driving lessons, college and university courses, and advanced training programmes. This category is ideal for those seeking skill enhancement through platforms like Udemy, offering both free courses and paid options. It covers a diverse range of subjects from academic pursuits to vocational training, catering to learners at all levels—from beginners to professionals seeking advanced qualifications. Related categories include online learning, professional development, and certification programmes. Users might explore complementary products such as study materials, textbooks, and educational software. In the British context, distinctions are made between further education (FE) colleges and higher education (HE) institutions. This category stands apart from general hobbies or casual learning by focusing on structured, goal-oriented education paths. Key terms like "driving lesson" and "free course" are frequently searched by users aiming to improve practical skills or gain new qualifications. KEYWORDS: Driving Lesson; College; University; Advanced Training; Skill Enhancement; udemy; course; training; Free Courses; Free Course
Team Sports	category	343005	TITLE: Team Sports DESCRIPTION: The "Team Sports" category encompasses a diverse range of sports that involve organized teams competing against each other. Key sports include Football, also known as Soccer in some regions, Rugby, and Cricket, which are particularly popular in the UK. Other significant team sports are Basketball, including NBA and European leagues; Ice Hockey, prominent in colder climates; and Baseball, which has a growing fanbase. This category also covers emerging sports such as Handball and Lacrosse. Equipment and apparel for these sports include items like jerseys, balls, bats, racquets, and protective gear from leading brands such as Nike, Adidas, and Under Armour. Related categories include Sportswear, Fitness Equipment, and Outdoor Sporting Goods. Use cases range from casual play to professional leagues and school competitions. Distinct from individual sports categories, Team Sports focus on collaboration and strategy within a team dynamic. KEYWORDS: Badminton; Rugby; Basketball; NFL; Cricket; test match; Hockey; Football; Icehockey; Baseball; Volleyball; Softball; Handball; Lacrosse; Soccer
Recreational Sports	category	343006	TITLE: Recreational Sports DESCRIPTION: The Recreational Sports category encompasses a diverse range of leisure activities, including popular games such as Pool & Snooker, Bowling, Darts, and Golf. This category features essential equipment like Pool Balls, Pool Tables, Dartboards, and accessories for an engaging experience. Enthusiasts can explore Paintballing and iFly for adrenaline-packed adventures. Related categories include Outdoor Sports Equipment and Indoor Games, offering complementary products like snooker cues, bowling pins, and golf clubs. Utilising British-preferred terminology, this category caters to both casual players and hobbyists seeking quality gear from renowned brands. Whether setting up a home game room or planning a day out at a local venue, customers will find everything they need to enhance their recreational sports activities. Distinct from professional sports gear, this category focuses on user-friendly equipment designed for enjoyment and social interaction, making it ideal for family gatherings and friendly competitions. KEYWORDS: Pool & Snooker; Pool Balls; Bowling; Snooker; Darts; Golf; Dartboard; Dartboards; Paintballing; Paintball; Pool Table; iFly
Garden & Do It Yourself	category	343010	TITLE: Garden & Do It Yourself DESCRIPTION: The "Garden & Do It Yourself" category encompasses a wide range of products and tools essential for home improvement and gardening projects in the UK. This category includes high-quality brands such as Dremel, Draper, Bahco, and Qualcast, known for their durability and reliability. Key products include power tools, hand tools, garden machinery, and accessories tailored for both amateur gardeners and professional tradespeople. Popular items are cordless drills, lawn mowers, hedge trimmers, spades, and pruners. The category also covers DIY materials like screws, nails, paints, and adhesives. Related categories include Home Improvement, Outdoor Living, and Landscaping Supplies, facilitating cross-category exploration for users seeking comprehensive project solutions. This category is distinct from indoor DIY supplies by focusing on outdoor and garden-specific equipment. Users may search for items using terms like “DIY tools”, “gardening equipment”, or specific brand names to find relevant products efficiently. KEYWORDS: Dremel; Draper; Bahco; Qualcast; Garden & DIY
Car & Motorcycle	category	343011	TITLE: Car & Motorcycle DESCRIPTION: The Car & Motorcycle category encompasses a diverse range of vehicles and accessories, featuring renowned brands such as BMW, Mercedes, Audi, Ford, Renault, Peugeot, Hyundai, Toyota, Mazda, Vauxhall, Citroen, Nissan, Honda, Mitsubishi, Dacia, KIA, Tesla, Volvo, and VW. This category caters to both car enthusiasts and everyday drivers in the UK market, offering products from compact cars like the BMW Mini Cooper to electric vehicles such as Tesla. It includes motorcycles and related accessories for brands like Honda and Yamaha. Users can explore subcategories like vehicle parts, maintenance tools, and performance upgrades. Additionally, cross-category recommendations may include automotive electronics, tyres, car care products, and safety gear. The Car & Motorcycle category is distinct from commercial vehicles or heavy-duty machinery categories. It provides an extensive selection for those seeking new vehicles or aftermarket enhancements and is tailored for the British automotive landscape. KEYWORDS: BMW Mini Cooper; Mercedes; BMW; Audi; Ford; Renault; Peugeot; Hyundai; Toyota; Mazda; Vauxhall; Citroen; Nissan; Honda; Mitsubishi; Dacia; KIA; Tesla; Volvo; VW
Vehicles	category	343012	TITLE: Vehicles DESCRIPTION: The Vehicles category encompasses a wide range of motorized transport options, with a particular focus on motorcycles and motorbikes, which are popular choices for personal transportation in the UK. This category includes various types of motorcycles such as cruisers, sport bikes, touring bikes, and scooters, catering to diverse riding preferences and needs. Key brands like Triumph, Harley-Davidson, Yamaha, and Honda are prominent within this segment. Essential motorcycle accessories and parts such as helmets, protective gear, tyres, and engine components are integral to this category. Related categories include automotive vehicles such as cars and electric vehicles (EVs), as well as bicycle and e-bike options for eco-friendly travel. Use cases range from daily commuting to leisure riding and long-distance touring. The Vehicles category is distinct from non-motorized transport categories, ensuring targeted recommendations for users seeking powered mobility solutions in the British market. KEYWORDS: Motorcycle; Motorbike; Vehicle
Motorcycle Accessories	category	343013	TITLE: Motorcycle Accessories DESCRIPTION: The Motorcycle Accessories category encompasses a comprehensive range of protective gear and essential items for motorbike enthusiasts in the UK. Key products include motorcycle jackets, boots, gloves, and helmets, with popular brands such as Spada Ascent offering high-quality options. Riders can enhance safety with motorcycle airbags and reusable earplugs, while comfort is ensured with balaclavas, neck tubes, and hoodies. For practical storage solutions, motorcycle backpacks and over jackets are ideal. Security is paramount with steel disc locks and robust motorcycle locks, complemented by essential maintenance items like spark plugs. Navigation is made easy with motorcycle sat nav systems. This category is distinct from general automotive accessories, focusing specifically on motorcyclist needs. Related categories include motorcycle parts, riding gear, and outdoor adventure equipment, supporting cross-category recommendations. Whether commuting or touring, these accessories cater to diverse riding styles and conditions across Britain’s varied landscapes. KEYWORDS: motorcycle jacket; Motorcycle Boot; Motorcycle Boots; Motorcycle Gloves; Motorcycle Helmet; Spada Ascent; Motorcycle Balaclava; motorcycle Jeans; Motorcycle airbag; motorcycle suit; Motorcycle Hoodie; motorcycle neck tube; Motorcycle Over Jacket; Motorcycle Backpack; Motorcycle Steel Disc Lock; Motorcycle Spark Plug; Motorcycle Spark Plugs; Motorcycle Sat Nav; Motorcycle Reusable Earplugs; motorcycle lock
Garage & Service	category	343014	TITLE: Garage & Service DESCRIPTION: The "Garage & Service" category in the UK encompasses a wide range of automotive maintenance and care services critical for vehicle upkeep. Key services include MOT testing, essential for legal road use, and comprehensive car servicing to ensure optimal performance. Car care products such as Autoglym's car wax and polish are vital for maintaining vehicle aesthetics. Routine checks like air-con recharge and engine diagnostics using OBD, OBD2, or OBDII scanners help identify and rectify potential issues. This category also covers car washes and detailing for exterior cleanliness. Related categories include automotive parts for DIY repairs and accessories for personalisation. Complementary products often sought alongside these services include tyre maintenance solutions and battery replacements. By addressing both routine and specialised needs, this category serves as a one-stop solution for British motorists seeking reliable car service and maintenance options. KEYWORDS: Car Service; MOT; Car Wash; Car Wax; Car Polish; Car Care; Autoglym; Car Check; Air-Con Recharge; Engine Fault; OBD; OBD2; OBDII
Accommodation	category	343015	TITLE: Accommodation DESCRIPTION: The Accommodation category encompasses a diverse range of lodging options tailored to suit various travel needs and preferences within the UK. This category includes hotels such as Hilton, Holiday Inn, and Travelodge, offering amenities for both leisure and business travellers. Alternative accommodations like Airbnb provide unique, home-like experiences, while motels cater to budget-conscious guests seeking convenient roadside stops. Hostels, including those under the YHA brand, offer affordable dormitory-style lodging ideal for backpackers and group travellers. Bed & Breakfasts deliver a quintessential British experience with personalised service and home-cooked meals. Holiday Parks present family-friendly environments with self-catering facilities and recreational activities. This category is closely related to travel and tourism services, making it essential for cross-referencing with transport options and local attractions. It is distinct from categories focusing on permanent housing or real estate, ensuring users find temporary lodging solutions during their travels. KEYWORDS: Accomodation; Hotel; Hilton; Holiday Inn; Travelodge; Airbnb; Motel; Motels; Hostels; Hostel; Bed & Breakfast; Bed and Breakfast; Bed & Breakfasts; Bed and Breakfasts; Holiday Park; Holiday Parks; YHA
Trains & Buses	category	343016	TITLE: Trains & Buses DESCRIPTION: The "Trains & Buses" category in the UK encompasses a wide range of transportation options, featuring essential travel services such as train tickets, bus tickets, and railcards. Prominent train operators include Eurostar, LNER, and Avanti West Coast, providing seamless connectivity across major cities and regions. For bus travel, National Express and Stagecoach offer extensive networks and competitive pricing. This category is integral for both daily commuters and tourists exploring the UK, with Interrail passes offering flexible travel across Europe. Related categories include "Travel Accessories" for items like luggage and "Travel Insurance" for peace of mind during journeys. Users searching for cost-effective travel solutions will find this category relevant for comparing ticket prices, schedules, and special offers. Distinct from air travel or car hire, this category focuses on sustainable and efficient public transport solutions within the UK and to nearby European destinations. KEYWORDS: Train Ticket; Train Tickets; Bus Ticket; Bus Tickets; Railcard; Eurostar; National Express; LNER; Avanti West Coast; Buses; Stagecoach; Interrail
Personal Care & Hygiene	category	343017	TITLE: Personal Care & Hygiene DESCRIPTION: The "Personal Care & Hygiene" category in the UK encompasses a wide range of essential products designed to maintain cleanliness, grooming, and overall personal well-being. This category includes tissues such as Kleenex for everyday hygiene needs, and grooming tools like Remington and BaBylissMEN shavers and beard trimmers for precise facial hair maintenance. Hair care is well-represented with brands like Syoss and GHD offering shampoos and styling tools. Skin care essentials include body lotions and sun lotions to protect and nourish the skin. Hair removal products cater to various preferences, ensuring smooth skin. Complementary categories include health supplements and beauty accessories, enhancing the personal care routine. This category is distinct from medical supplies and cosmetics, focusing instead on daily hygiene and grooming solutions. By integrating high-demand keywords like "shaver," "hair care," and "skin care," this description aligns with user queries, product listings, and related categories for effective recommendation systems. KEYWORDS: Tissue; Tissues; Kleenex; Remington; Babyliss; BaBylissMEN; Personal Care; Hygiene; Shaver; Shavers; Beard Trimmer; Hair Care; Skin Care; Bodylotion; Body Lotion; Shampoo; Syoss; GHD; Sun Lotion; Hair Removal
Services & Contracts	category	343021	TITLE: Services & Contracts DESCRIPTION: The "Services & Contracts" category encompasses a wide array of professional offerings tailored to meet diverse business and personal needs within the UK market. This category includes legal services, consultancy, financial advisory, IT support, and maintenance contracts, all designed to provide expert solutions and ongoing support. Key terms include service agreements, contractual obligations, consultancy services, IT maintenance, legal contracts, and financial planning. Popular brands and providers in this sector may include British-based firms such as Deloitte, PwC, Capgemini, and local legal chambers. Related categories involve Business Services, Professional Consultancy, and IT Services, highlighting cross-category synergies with office supplies and technology products. Use cases range from securing legal advice for business operations to engaging IT support for system maintenance. This category should not be confused with Product Warranties or Insurance Services, which focus on risk management rather than service provision. KEYWORDS: Services & Contracts
Dior Sauvage	category	343024	TITLE: Dior Sauvage DESCRIPTION: Dior Sauvage is a distinguished fragrance category renowned for its sophisticated blend of fresh, spicy, and woody notes. This iconic scent from the esteemed brand Dior is available in various forms, including Eau de Toilette, Eau de Parfum, and Parfum, catering to diverse preferences in intensity and longevity. Popular among British consumers, Dior Sauvage is often associated with keywords such as "men's fragrance," "luxury cologne," and "signature scent." The category encompasses related products like aftershave balms and deodorants that complement the primary fragrance. It is frequently cross-referenced with other Dior fragrances and premium colognes from brands like Chanel and Tom Ford. When exploring the Dior Sauvage range, users might also consider related categories like men's grooming products, gift sets, and travel-sized perfumes. This category is distinct from other Dior lines such as Miss Dior or J'adore, emphasizing its unique aromatic profile tailored for a masculine audience. KEYWORDS: Dior Sauvage; Dior - Sauvage; Dior – Sauvage; Sauvage
Services and Subscriptions	category	343025	TITLE: Services and Subscriptions DESCRIPTION: The "Services and Subscriptions" category encompasses a wide range of digital solutions essential for establishing and maintaining an online presence. Key offerings include Domain Name registration and Domain Hosting services, with options for .com, .uk, and .co.uk domains. Users can select from various Domain Registrars and Hosts tailored to their needs, ensuring seamless Domain Registration processes. Web Hosting services are integral, providing reliable Web Hosts to support website functionality and performance. This category also features popular digital subscriptions like Discord Nitro, enhancing communication platforms with premium features. Related categories include Cloud Services, Software Subscriptions, and IT Support, enabling comprehensive digital ecosystem management. This category is distinct from physical product offerings, focusing instead on digital infrastructure and services critical for businesses and individuals in the UK market. The emphasis is on high-value digital assets and subscriptions that facilitate robust online operations. KEYWORDS: Domain Name; Domain Hosting; Domain Host; Domain Hosts; Domain Registrar; Domain Registrars; .Com Domain; .Com Domains; .Uk Domain; .Co.uk Domain; .Uk Domains; .Co.uk Domains; Web Hosting; Web Host; Web Hosts; Domain and Hosting; Domain & Hosting; Domain Registration; Domain Registrations; Discord Nitro
Energy, Heating & Gas	category	343026	TITLE: Energy, Heating & Gas DESCRIPTION: The "Energy, Heating & Gas" category encompasses a wide range of products and services essential for British households and businesses seeking efficient energy solutions. This includes central heating systems, energy suppliers, and electricity providers such as OVO Energy, Octopus Energy, British Gas, Scottish Power, Npower, Scottish and Southern Energy, and E.On. Consumers can explore various energy contracts and deals tailored to their needs, with options for energy switching to optimize costs. Emphasis is placed on energy saving and green energy initiatives, aligning with the UK's sustainability goals. Related categories include home insulation, smart thermostats, and renewable energy systems. This category also covers energy bills management and offers guidance on reducing energy consumption. Distinct from general utilities or plumbing services, it focuses specifically on energy provision and efficiency in the UK context. KEYWORDS: Central Heating; Energy Supplier; Electricity Supplier; Energy Contract; OVO Energy; Octopus Energy; Energy Switch; Energy Bill; Energy Bills; Energy Deal; Energy Deals; Energy Saving; Saving Energy; Green Energy; British Gas; Scottish Power; Npower; Scottish and Southern Energy; E.On; GB Energy
Local Traffic	category	343027	TITLE: Local Traffic DESCRIPTION: The "Local Traffic" category encompasses a wide range of transportation and commuting options within the UK, catering to both everyday commuters and occasional travellers. Key components include public transport systems like buses, trains, and the London Underground, with payment facilitated through Oystercards and Travelcards. The category also covers private hire options such as taxis and rideshare services like Uber. For those driving, it includes car leasing options, driving lessons, and parking solutions, including NCP and YourParkingSpace for both paid and free parking facilities. Related categories include automotive services, travel accessories, and urban mobility solutions. This category is crucial for users seeking efficient navigation of UK cities, offering products and services that enhance convenience and accessibility. Distinct from long-distance travel or vehicle purchase categories, "Local Traffic" focuses on short-term, urban-centric transportation needs. KEYWORDS: Local Traffic; Public Transport; Oystercard; Oyster Card; Travelcard; UK Transport; Transport UK; Subway; Taxi; Taxis; Uber; Parking; Car Leasing; Car Lease; Driving Lesson; Driving Lessons; YourParkingSpace; Free parking; NCP; Car Park
Broadband & Phone Contracts	category	343029	TITLE: Broadband & Phone Contracts DESCRIPTION: The "Broadband & Phone Contracts" category in the UK encompasses a range of telecommunications services, focusing on bundled offers that include both broadband internet and mobile phone contracts. Key providers such as T-Mobile, often searched as T Mobile, play a significant role in this sector. Users frequently explore options for broadband packages combined with phone contracts to streamline their connectivity needs. This category is crucial for those seeking seamless integration of home internet and mobile services, offering solutions like unlimited data plans, high-speed fibre broadband, and inclusive international calling options. Related categories include "Mobile Phone Plans" and "Home Internet Services," which provide complementary offerings. Customers might also look into "SIM-Only Deals" for flexibility or "Landline Phone Services" as part of their comprehensive communication setup. Understanding the nuances between broadband-only deals and full broadband & phone contract bundles is vital for making informed choices in this market. KEYWORDS: T-Mobile; T Mobile; Broadband & Phone Contract; phone contract; broadband
Dyson Supersonic	category	343043	TITLE: Dyson Supersonic DESCRIPTION: The Dyson Supersonic category encompasses advanced hair care technology, specifically focusing on the Dyson Supersonic Hairdryer, a premium appliance renowned for its powerful digital motor and intelligent heat control. Designed to protect hair from extreme heat damage while ensuring fast drying and precision styling, this category highlights features such as multiple heat settings, speed controls, and a range of magnetic attachments including smoothing nozzles and diffusers. Positioned within the British market, the Dyson Supersonic is synonymous with luxury hair care and innovation. Related categories include professional salon equipment, premium hair styling tools, and personal grooming devices. Complementary products may involve Dyson Airwrap stylers and high-end hair treatment solutions. This category is distinct from standard hairdryers by its focus on cutting-edge technology and superior performance. Ideal for users seeking efficient, high-quality hair drying solutions, the Dyson Supersonic stands out for its sleek design and user-centric features. KEYWORDS: Dyson Supersonic; Dyson Hairdryer; Dyson Hair dryer
Fashion Accessories	category	343044	TITLE: Fashion Accessories DESCRIPTION: The Fashion Accessories category encompasses a diverse range of items that add style and functionality to any wardrobe. Key products include Swarovski jewellery, Wenger belts, and a variety of bags such as Fossil handbags, shoulder bags, messenger bags, and purses. Travel essentials like suitcases and cabin cases are also featured, alongside backpacks for everyday use. Seasonal items such as gloves, mittens, and umbrellas are essential for the British climate. Neckties and ties offer a polished finish to formal attire. This category is closely related to Clothing and Footwear, providing complementary options for complete outfits. It caters to both fashion-forward individuals and practical users seeking reliable accessories. The inclusion of renowned brands like Swarovski and Fossil highlights quality and style, while terms like 'belt,' 'umbrella,' 'glove,' and 'bag' ensure relevance to user searches. Distinct from Apparel, this category focuses on supplementary items that enhance personal style and utility. KEYWORDS: Swarovski; Wenger; Belt; Umbrella; Umbrellas; Gloves; mittens; mitten; Glove; Tie; Ties; Necktie; Fossil; Suitcase; Cabin Case; Backpack; Handbag; Shoulder Bag; Messenger Bag; Purse
Healthcare	category	343045	TITLE: Healthcare DESCRIPTION: The "Healthcare" category, with a focus on hay fever relief, encompasses a variety of products and remedies tailored to alleviate the symptoms of this common allergic reaction prevalent among the British population. Key solutions include antihistamines like loratadine, cetirizine, and chlorphenamine, available under brands such as Benadryl, Piriteze, and Piriton, which target the root causes of allergic reactions by blocking histamine release. Complementary treatments include decongestants for nasal and throat relief, steroid-based nasal sprays like Prevalin for inflammation reduction, and eye drops from brands like Optrex to soothe itchy eyes. Natural remedies such as spirulina and butterbur offer alternative options. Essential accessories for managing hay fever symptoms include wraparound sunglasses, air purifiers with high Clean Air Delivery Rates (CADR), and Vaseline to form protective barriers against pollen. The category also highlights related healthcare products like blood pressure monitors and smart scales, ensuring comprehensive health management. KEYWORDS: Hot Water Bottle; Hot Water Bottles; NHS; Blood Pressure; Bathroom Scale; Bathroom Scales; Bath Scales; Bath Scale; Body Fat Scale; Body Fat Scales; Honor Scale; Smart Scale; Smart Scales; Hayfever; hay fever; lorataine; cetirizine; chlorphenamine; Antihistamine; Benadryl
PC Gaming Systems	category	343087	TITLE: PC Gaming Systems DESCRIPTION: The "PC Gaming Systems" category encompasses high-performance gaming desktops and laptops designed for the British market, featuring brands like HP Omen, NZXT, Acer Predator Orion, Alienware, and Asus ROG. Key models include the HP Omen 17-AN021NA and Omen X 880-000NA, known for their powerful graphics and processing capabilities. This category covers a range of gaming computers, from desktop PCs to portable gaming laptops such as the Republic of Gamers (ROG) and Alienware series. These systems often feature advanced cooling solutions, RGB lighting, and customisable components tailored for immersive gaming experiences. Related categories include gaming peripherals (keyboards, mice), monitors (35 inch and above), and virtual reality headsets. Ideal for gamers seeking cutting-edge technology and superior performance, these systems are suitable for both casual and competitive gaming environments. Distinct from standard PCs, these machines are optimised for high-speed gaming applications and graphics-intensive tasks. KEYWORDS: HP Omen; Omen by HP; 17-AN021NA; Omen X By Hp; 880-000NA; 35 inch omen; Omen Gaming; NZXT; Gaming Desktop PC; Gaming PC; Acer Predator Orion; Gaming computer; PC Gaming; Alienware Gaming; Gaming Laptop; ROG Laptop; HP Omen; Republic of Gamers Laptop; Asus Rog; Alienware Laptop
Electric Scooter	category	343113	TITLE: Electric Scooter DESCRIPTION: Electric scooters, also known as e-scooters or escooters, offer a cost-effective and eco-friendly mode of transport for both children and adults. Popular models in the UK include the Xiaomi Mi Electric Scooter series, such as the M365, Mi Scooter Pro, Pro 2, 1S, and Essential, as well as Ninebot and Segway Zing variants. These scooters are ideal for urban commuting, providing a convenient alternative to cars and bicycles. Key features often include foldable designs, varying speed settings, and rechargeable lithium-ion batteries. When exploring electric scooters, consider related categories like bicycle accessories for helmets and protective gear, or electric vehicle chargers for maintaining battery life. Ensure compatibility with UK road regulations regarding e-scooter use. With frequent deals and discounts available, electric scooters present an appealing choice for sustainable travel. KEYWORDS: xiaomi scooter; xiaomi electric scooter; xiaomi Mi electric scooter; Xiaomi M365; electric scooter; e-scooter; e scooter; escooter; M365; Xiaomi Mi Scooter Pro; Xiaomi Mi Scooter Pro 2; Xiaomi Mi Scooter 1S; Xiaomi Mi Scooter Essential; Electric Scooters; Ninebot; e-scooters; Segway Zing
Fruit and Vegetables	category	343127	TITLE: Fruit and Vegetables DESCRIPTION: The "Fruit and Vegetables" category encompasses a diverse range of fresh produce, including fruits such as apples, bananas, and berries, and vegetables like carrots, potatoes, and leafy greens. This category is essential for those seeking healthy eating options and includes options for ripen-at-home fruits to ensure peak freshness upon consumption. Commonly searched items include punnets of strawberries and blueberries, perfect for snacking or baking. Additionally, this category features canned goods like Branston baked beans, a staple in British pantries. Related categories include organic produce, salad kits, and frozen vegetables, offering convenient meal prep solutions. Complementary products involve kitchen gadgets like peelers and choppers. Users often search for seasonal produce availability and recipes incorporating these ingredients. Distinct from processed foods, this category highlights natural ingredients crucial for balanced diets. Ideal for health-conscious shoppers, it supports sustainable choices with locally sourced options where available. KEYWORDS: fruit; vegetable; baked beans; branston beans; ripen at home; punnet
Video Streaming	category	343131	TITLE: Video Streaming DESCRIPTION: The Video Streaming category encompasses a diverse range of digital platforms offering on-demand and live streaming services in the UK. Key services include popular subscription-based platforms like Netflix, Amazon Video, and NOW TV, alongside free-to-air options such as BBC iPlayer and Channel 4's All 4. Premium offerings include Sky Cinema for film enthusiasts, and YouTube Premium for ad-free content. Regional players like ITV Hub and YouView provide access to British television content, while international services such as Lionsgate+, Peacock TV, Viaplay, and Paramount+ expand viewing options with exclusive series and films. Complementary technologies like Plex allow users to manage personal media libraries. This category is distinct from traditional broadcast television by its focus on internet delivery and user-controlled viewing schedules. Related categories include Smart TVs and streaming devices, which enhance user experience by providing seamless access to these platforms. KEYWORDS: Sky Cinema; BBC; Wuaki; Channel 4; ITV; YouView; Video Streaming; netflix; amazon video; now tv; nowtv; BBC Iplayer; iplayer; Lionsgate+; YouTube Premium; Plex; Peacock TV; Viaplay; Paramount+; Paramount Plus
Samsung Galaxy Watch	category	343150	TITLE: Samsung Galaxy Watch DESCRIPTION: The Samsung Galaxy Watch category includes a diverse range of smartwatches tailored for fitness enthusiasts, tech aficionados, and everyday users. Key models like the Galaxy Watch3, Watch4, Watch5, and the latest Watch6 and Watch7 offer features such as advanced health monitoring, AMOLED displays, and customizable watch faces. The Galaxy Watch series is renowned for its rotating bezel, robust Tizen OS, and compatibility with Android devices, particularly Samsung's own Galaxy smartphones. Options include Bluetooth and LTE variants, with sizes ranging from 42mm to 46mm, available in finishes like rose gold, black, and silver. These watches integrate seamlessly with apps like Samsung Health and Spotify, offering functionalities such as offline music playback and NFC payments via Samsung Pay. The Galaxy Watch Active variant caters to fitness-focused users with its lightweight design and comprehensive exercise tracking capabilities. Accessories such as interchangeable straps and charging docks enhance customisation. Competing with the Apple Watch in the UK market, the Galaxy Watch series stands out with its superior battery life and water resistance up to 50 metres. KEYWORDS: Samsung Galaxy Watch; Galaxy Watch; Galaxy Watch4; Galaxy Watch5; Galaxy Watch3; Galaxy Watch6; Galaxy Fit; Fit3; Galaxy Watch7; Galaxy Watch8 Galaxy Watch9; Galaxy Smartwatch; Galaxy Smart watch
32 inch TV	category	343182	TITLE: 32 inch TV DESCRIPTION: The "32 inch TV" category encompasses a diverse range of compact televisions ideal for smaller spaces such as bedrooms, kitchens, or guest rooms. This category includes 32 inch HD, 32 inch LED, and 32 inch Full HD models, offering various screen resolutions and display technologies. Popular brands in the UK market include Toshiba, with models like the 32L3863DB and 32D3864DB; Sony, featuring the KDL-32WD751 and KDL-32RE403; LG, with the 32LK610BPLB and 32LK6100PLB; Samsung's UE32M5520; and Cello's C32227DVB. These TVs often come with Smart TV capabilities, allowing users to stream content from services like Netflix and BBC iPlayer. When considering complementary products, soundbars or wall mounts can enhance the viewing experience. Distinct from larger TV categories, 32-inch models are appreciated for their affordability and suitability for limited spaces. Related categories may include small electronics or home entertainment accessories. KEYWORDS: 32 inch tv; 32 inch HD; 32 inch LED; 32 inch full HD; 32" Smart; 32-inch Full HD; Toshiba 32L3863DB; Cello C32227DVB; Sony KDL-32WD751; Philips 32HFL3011T; Sony KDL-32RE403; LG 32LK610BPLB; LG 32LK6100PLB; Samsung UE32M5520; Sony KDL32RE403BU; Toshiba 32D3864DB; LG 32LK6100
75 inch TV	category	343183	TITLE: 75 inch TV DESCRIPTION: The 75 inch TV category features expansive screens ideal for creating a home cinema experience, with leading models from brands such as Samsung, LG, Sony, and Hisense. Popular models include the Samsung UE75NU8000, Samsung QE75Q7FN, Sony KD-75XF8596, and LG 75UK6500PLA. These large-format televisions often come equipped with advanced display technologies like 4K Ultra HD resolution, OLED, and QLED panels, providing exceptional picture clarity and vibrant colours. Smart TV functionalities allow seamless streaming from platforms like Netflix and BBC iPlayer. Related categories include soundbars and home theatre systems, enhancing the immersive viewing experience. In the UK market, consumers also seek energy-efficient models and compatibility with British broadcasting standards. When considering a purchase, users often compare features such as HDR support, refresh rates, and connectivity options like HDMI and USB ports. Cross-category recommendations may include wall mounts and TV stands for optimal setup. KEYWORDS: 75 inch tv; 75-inch tv; 75" tv; 75" Smart; 75 inch smart; 75 inch 4K; 75-inch 4K; Samsung UE75NU8000; Samsung UE75NU7100; Samsung QE75Q7FN; Sony KD-75XF8596; LG 75UK6500PLA; LG 75UK6200PLB; Samsung QE55Q6FN; Hisense 75A6600UK
Official Announcements	category	343197	TITLE: Official Announcements DESCRIPTION: The "Official Announcements" category on hotukdeals is the central hub for all critical updates, site enhancements, and community-driven initiatives specific to the UK market. This category encompasses key notifications about platform updates, policy changes, and new feature rollouts. Users will find information on exclusive giveaways, user engagement campaigns, and collaborative projects designed to enhance the hotukdeals experience. It serves as a vital resource for staying informed about strategic developments and operational adjustments within the hotukdeals community. Related categories include "Site Feedback" for user suggestions and "Community Events" for interactive participation opportunities. Keywords such as "platform updates," "giveaways," "user initiatives," and "UK-specific announcements" are integral to this category, ensuring users can efficiently locate pertinent information. This category is distinct from general discussion forums by focusing solely on official communications and strategic insights directly from hotukdeals administrators.
Retailer Offers & Issues	category	343199	TITLE: Retailer Offers & Issues DESCRIPTION: Optimized Category Description: The "Retailer Offers & Issues" category is dedicated to exploring exclusive deals, promotional discounts, and special offers from a wide array of UK-based retailers, including high street shops, online marketplaces, and local sellers. This category serves as a hub for consumers seeking information on current sales events, voucher codes, and cashback opportunities from renowned British brands like Marks & Spencer, John Lewis, and Tesco. Additionally, it provides a platform for sharing personal experiences, both positive and negative, with customer service, product quality, and delivery efficiency. Engage in discussions about retail policies, return procedures, and warranty claims related to electronics, apparel, groceries, and home goods. This category is interconnected with "Consumer Electronics Deals," "Fashion Discounts," and "Grocery Savings," facilitating comprehensive shopping advice. Ideal for bargain hunters and savvy shoppers aiming to maximize their purchasing power while staying informed about the latest retail trends and consumer rights in the UK market.
Buying From Abroad	category	343200	TITLE: Buying From Abroad DESCRIPTION: The "Buying From Abroad" category encompasses discussions and insights about acquiring products from international merchants and outlets outside the UK. This includes exploring deals, offers, and promotions available globally, as well as navigating common challenges such as customs duties, shipping costs, delivery times, and currency exchange rates. Key topics include purchasing from popular overseas retailers like Amazon US, Alibaba, eBay international sites, and European online stores. The category also covers related subjects such as import regulations, VAT implications, warranty coverage on foreign goods, and payment method considerations like credit cards with no foreign transaction fees. Complementary categories include "International Shipping Solutions," "Currency Exchange Services," and "Global Product Reviews." This space is essential for UK consumers seeking to expand their shopping options beyond domestic markets while understanding the nuances of international purchasing.
Money Saving Tips & Tricks	category	343201	TITLE: Money Saving Tips & Tricks DESCRIPTION: The "Money Saving Tips & Tricks" category offers a wealth of knowledge for UK consumers seeking ways to reduce expenses and increase savings across various aspects of life. This category encompasses strategies for budgeting, cost-cutting, and financial planning, including advice on energy efficiency, grocery savings, frugal living, and debt management. Key topics include cashback offers, loyalty schemes, discount vouchers, and price comparison tools. It also covers practical tips for saving on utilities, transport, and entertainment. Related categories include Personal Finance, Budgeting Tools, and Frugal Living. Users can explore discussions on effective money-saving habits, such as meal prepping, DIY projects, and second-hand shopping. Brands like Tesco Clubcard, British Gas Rewards, and Nectar Points are frequently mentioned. The category is distinct from investment advice or high-risk financial strategies, focusing instead on everyday savings techniques relevant to the British market.
Wellness, Fitness & Massages	category	343204	TITLE: Wellness, Fitness & Massages DESCRIPTION: The "Wellness, Fitness & Massages" category encompasses a diverse range of services and treatments aimed at enhancing personal well-being and aesthetics. Key offerings include haircuts and styling from professional hairdressers, barbers, and coiffeurs, providing precision cuts and styles tailored to individual preferences. Massage treatments such as Shiatsu and Turul offer therapeutic benefits, relieving stress and promoting relaxation. Spa days and beauty treatments are popular choices for holistic rejuvenation, featuring services like manicures, pedicures, waxing, and comprehensive body treatments. Brands like Treatwell facilitate seamless bookings for these experiences across the UK. This category also intersects with fitness regimes, supporting overall health goals. Related categories include Beauty & Personal Care and Health & Fitness, offering complementary products like skincare essentials and fitness equipment. Ideal for those seeking a balanced lifestyle, this category caters to the British market's demand for quality self-care solutions. KEYWORDS: Haircut; Shiatsu Massage; Massage Treatment; Haircuts; Hair Cut; Hair Cuts; Hairdresser; Coiffeur; Barber; Turul Massage; Spa Day; Treatwell; Beauty Treatment; Beauty Treatments; Beauty Care; Body Treatment; Body Treatments; Manicure; Pedicure; Waxing
Holidays and Trips	category	343262	TITLE: Holidays and Trips DESCRIPTION: The "Holidays and Trips" category encompasses a wide array of travel experiences tailored for the UK market, including family breaks, weekend getaways, and city trips. This category is ideal for those seeking last-minute deals or meticulously planned package tours. Popular options include all-inclusive holidays, family holidays, and unique experiences such as glamping and camping pods. Renowned brands like Haven Holidays, Butlins, and TUI offer diverse travel packages, including cruises and festival trips. Experience days, such as driving experiences, provide memorable adventures for individuals and groups. Related categories might include accommodation bookings, travel accessories, and outdoor gear. The category distinguishes itself from standard travel by emphasizing curated experiences and convenience, catering to varied preferences from city breaks to countryside retreats. This description serves users searching for comprehensive holiday solutions, ensuring a seamless match with relevant products and services in the British market. KEYWORDS: Family Break; Weekend Break; City Break; Last Minute; Experience Days; Experience Day; driving experience; Glamping; Camping Pod; Haven Holidays; Butlins; Festival; Holidays; Holiday; Package tour; All Inclusive; Family holiday; City trip; TUI; Cruises
PC Parts	category	343266	TITLE: PC Parts DESCRIPTION: The "PC Parts" category encompasses a wide range of essential components for building or upgrading personal computers, catering to both enthusiasts and professionals in the UK market. This category includes high-performance items such as Corsair Vengeance RAM, Graphics Cards, and CPU Air Coolers, crucial for enhancing computing power and efficiency. Storage solutions like SAS drives and USB Accelerators are also featured, offering speed and capacity enhancements. Cooling solutions are well-represented with products like ARCTIC Liquid Freezer CPU Water Coolers, Thermalright options, and PC Cooling Fans such as the ARCTIC P14n and LL120/QL120 models, ensuring optimal thermal management. Technical specifications include compatibility with LGA 1700 sockets and the use of Thermal Paste for effective heat dissipation. Notable brands like ADATA provide reliable memory solutions, while AIO (All-in-One) coolers offer integrated cooling systems. This category is distinct from general computer accessories by focusing on core performance components and is related to categories like gaming peripherals and workstation setups. KEYWORDS: PC Parts; Corsair Vengeance; Graphics Card; CPU Air Cooler; SAS drive; AIO; LL120; USB Accelerator; QL120; Thermal Paste; ARCTIC Liquid Freezer; CPU Water Cooler; PC Cooling Fan; ARCTIC P14n; Thermalright; ADATA; LGA 1700
Ring Video Doorbell	category	343295	TITLE: Ring Video Doorbell DESCRIPTION: The Ring Video Doorbell category encompasses a range of advanced smart home security devices, ideal for UK homeowners seeking enhanced entryway surveillance. Featuring HD video recording, night vision, and two-way audio communication, Ring Video Doorbells allow users to see, hear, and speak to visitors remotely via smartphone connectivity. These devices are equipped with motion sensors that trigger real-time alerts, ensuring prompt awareness of any activity at the door. The Ring Protect plan offers cloud storage options for video footage, enhancing security by enabling review of past events. Compatible with Amazon Alexa and Google Home, the Ring Video Doorbell integrates seamlessly into existing smart home ecosystems. Available in models like the Ring Video Doorbell 2 and Pro, these devices offer varied features such as 1080p recording and customizable faceplates. Complementary products include the Ring Chime for audible alerts throughout the home. Popular retailers such as Currys, Argos, and John Lewis frequently offer deals on these security solutions, especially during sales events like Black Friday and Amazon Prime Day. KEYWORDS: Ring Video Doorbell; Ring Doorbell; Ring Chime; Ring Video Wired Doorbell; Ring Smart Video Doorbell; Ring Battery Doorbell; Ring Battery Video
Protein Bars	category	343310	TITLE: Protein Bars DESCRIPTION: Protein Bars in the UK market encompass a diverse range of high-protein snacks designed to support fitness goals, weight management, and on-the-go nutrition. Key products include Grenade Bars, Trek Power, Trust High Protein, and Eat Natural Protein, known for their high protein content and delicious flavours. This category also features Protein Flapjacks and Protein Cookies, offering variety for different taste preferences. Popular brands like Nature Valley Protein and Warrior Crunch provide options that combine taste with nutritional benefits. These bars are ideal for gym enthusiasts, athletes, and anyone seeking a convenient protein boost. Related categories include energy bars and meal replacement bars, which offer complementary nutritional solutions. When searching for protein snacks in the UK, terms like "protein nutty bar" or "high protein snacks" are common. Distinct from general snack bars, protein bars focus on higher protein content to aid muscle recovery and satiety. KEYWORDS: Protein Bars; Protein Bar; Protein DuoBars; Protein Cookies; Protein Snacks; Nature Valley Protein; protein nutty bar; protein nutty bars; Grenade Bars; Trek Power; Trust High Protein; Eat Natural Protein; Protein Flapjacks; Grenade Protein; Grenade High Protein; Warrior Crunch
Amazon Fire Tablet	category	343353	TITLE: Amazon Fire Tablet DESCRIPTION: The Amazon Fire Tablet category encompasses a range of versatile tablets designed for entertainment, productivity, and family use. Key models include the Fire 7, Fire HD 8, and Fire HD 10, each offering distinct screen sizes and resolutions to suit varying user needs. The Fire Kids edition provides child-friendly features and robust parental controls, ideal for safe browsing and educational content. The Firemax and Fire Max variants cater to users seeking enhanced performance and display quality. These tablets are perfect for streaming services, eBooks, and interactive apps available through the Amazon Appstore. Related categories include e-readers like Kindle, smart home devices such as Echo, and accessories like tablet cases and chargers. Complementary products include Bluetooth headphones and portable power banks. This category stands apart from other tablets by integrating seamlessly with Amazon’s ecosystem, offering Alexa voice control, and providing access to Prime Video, Audible, and Kindle Unlimited subscriptions, making it a staple in British households. KEYWORDS: Fire 7; Amazon Tablet; Fire HD 8; Fire HD 10; Fire Kids; Fire 8; Fire Kids 8; Fire Kids HD 8; Fire HD8; Firemax; Fire Max
Lego Harry Potter	category	343383	TITLE: Lego Harry Potter DESCRIPTION: The "LEGO Harry Potter" category offers an enchanting collection of building sets that bring the magical world of J.K. Rowling's Harry Potter to life. Popular sets include Hogwarts Castle (71043), Hagrid’s Hut: Buckbeak’s Rescue (75947), and the Knight Bus (75957), each intricately designed for both play and display. This category is perfect for fans of all ages, featuring detailed recreations of iconic scenes and locations such as the Hogwarts Express (75955) and Diagon Alley. Notable minifigures include Harry Potter, Hermione Granger, and Ron Weasley, alongside beloved characters like Dumbledore and Voldemort. Ideal for collectors and builders, this range complements other LEGO themes like LEGO City and LEGO Star Wars. In the UK market, these sets are a staple for holiday gifting and collector's displays. Distinct from generic LEGO sets, the Harry Potter series offers a unique blend of fantasy and construction that appeals to both Potterheads and LEGO enthusiasts alike. KEYWORDS: LEGO Harry Potter; 75964; 71043; 75948; 75954; 75957; 75953; 75955; 75945; 75947; 75956; 75965; 71022; 75952; 75950; 75946; 75958; 75951; 75968; 76399
Apple Airpods Pro	category	343448	TITLE: Apple Airpods Pro DESCRIPTION: The Apple AirPods Pro category encompasses high-performance wireless earbuds designed for seamless integration with Apple devices. Featuring active noise cancellation, transparency mode, and spatial audio, these earphones provide an immersive listening experience. The AirPods Pro are equipped with customisable silicone tips for a secure fit and are sweat and water-resistant, ideal for gym workouts and outdoor activities. Users benefit from the H1 chip for fast wireless connectivity and hands-free access to Siri. Compatible with iPhones, iPads, MacBooks, and Apple Watches, these earbuds support dynamic head tracking for enhanced audio delivery. Related categories include wireless chargers, protective cases, and Bluetooth speakers. Consider complementary products like the Apple Watch for fitness tracking or the iPad for media consumption. Distinct from standard AirPods, the Pro version offers superior sound quality and advanced features tailored for audiophiles. Popular in the UK market, they cater to tech-savvy consumers seeking premium audio solutions. KEYWORDS: Airpods Pro; Airpod Pro
Xbox Game Pass	category	343468	TITLE: Xbox Game Pass DESCRIPTION: The Xbox Game Pass, including variants like Xbox Gamepass, X|S Game Pass, Game Pass Ultimate, Game Pass Core, and PC Game Pass, is a subscription service offering access to an extensive library of over 100 games for Xbox consoles and Windows PCs. With offerings from Microsoft and third-party developers, players can enjoy a diverse range of genres, from action-adventure to simulation and role-playing games. Subscribers benefit from exclusive discounts on game purchases, downloadable content (DLC), and early access to new releases. The service enhances multiplayer experiences with features like online matchmaking and cross-platform play. Related categories include Xbox consoles, gaming accessories, and Xbox Live subscriptions. Popular in the UK market, the Xbox Game Pass is frequently featured in promotions on platforms like hotukdeals. This category is distinct from PlayStation Plus or Nintendo Switch Online services, focusing on the unique ecosystem of Xbox gaming. KEYWORDS: Xbox Game Pass; Xbox Gamepass; X|S Game Pass; Game Pass Ultimate; Game Pass Core; PC Game Pass; Game Pass
Meta Quest	category	343513	TITLE: Meta Quest DESCRIPTION: The Meta Quest category, synonymous with Oculus Quest and Oculus Meta, is a leading segment in the virtual reality (VR) headset market, particularly popular in the UK. This category encompasses advanced VR headsets like the Meta Quest and Quest 3S, known for their immersive experiences and cutting-edge technology. Key features include high-resolution displays, intuitive hand tracking, and wireless connectivity, enhancing user engagement in gaming, education, and virtual meetings. Commonly associated with brands like Meta Platforms and compatible with various VR applications and games, these headsets are pivotal in interactive entertainment. Related categories include VR accessories such as controllers, charging docks, and protective cases, which complement the Meta Quest experience. Additionally, these products often intersect with augmented reality (AR) devices and gaming consoles. The Meta Quest category stands distinct from other VR headsets by offering a seamless blend of performance and user-friendly design, catering to both enthusiasts and newcomers. KEYWORDS: Oculus Quest; Meta Quest; Oculus Meta; MetaQuest; Quest 3S
Henry Hoover	category	343538	TITLE: Henry Hoover DESCRIPTION: Henry Hoover, also known as Numatic Henry, is an iconic vacuum cleaner brand in the UK, recognized for its distinctive smiley face design and robust performance. Popular models include HVX200-22, NRV200, PET200-11, HVR 200-22, and Henry HVB160/2, each catering to specific cleaning needs. The range extends to Henry Charles for wet cleaning and Henry Turbo for enhanced suction power. The Henry Cleaning Trolley and Hetty Cleaning Trolley offer child-friendly cleaning playsets. Ideal for both domestic and commercial use, these vacuums are renowned for their durability and efficiency. Complementary products include vacuum bags and filters specifically designed for Henry models. Related categories feature other Numatic products like Hetty and Charles Wet vacuums. Users frequently search for terms like "Henry vacuum," "Henry Pet," and "Henry Clean." This category is distinct from general vacuum cleaners due to its specific branding and model variations within the Numatic range. KEYWORDS: Henry Hoover; Henry the Hoover; Numatic Henry; Henry Vacuum; HVX200-22; NRV200; PET200-11; HVR 200-22; HVR200-22; Henry HVB160/2; Henry Charles; Henry Turbo; Henry HVR 160-11; Henry Cleaning Trolley; Hetty Cleaning Trolley; Henry; hetty; Charles Wet; Henry Clean; Henry Pet
Disney+	category	343547	TITLE: Disney+ DESCRIPTION: Disney+ (also known as Disney Plus or DisneyPlus) is a premier streaming service in the UK, offering a vast library of content from iconic brands such as Disney, Pixar, Marvel, Star Wars, and National Geographic. Subscribers can enjoy a wide range of films, series, and exclusive originals tailored for all ages, including classics like "The Lion King" and new releases such as "The Mandalorian." The platform supports multiple devices, allowing seamless streaming on smart TVs, smartphones, tablets, and gaming consoles. Related categories include streaming services like Netflix and Amazon Prime Video, which offer complementary digital entertainment options. Users often search for family-friendly viewing experiences, animated films, superhero sagas, and nature documentaries within this category. Disney+ distinguishes itself with unique access to beloved franchises and an extensive back catalogue of timeless favourites. Ideal for those seeking diverse entertainment under one subscription, Disney+ is synonymous with high-quality storytelling and immersive content experiences. KEYWORDS: Disney+; Disney Plus; DisneyPlus
Watersports	category	343577	TITLE: Watersports DESCRIPTION: The Watersports category in the UK encompasses a diverse range of aquatic activities and equipment designed for enthusiasts and professionals alike. Key products include paddle boards (SUPs), surfboards, kayaks, and bodyboards, each catering to different water environments and skill levels. Inflatable boats and rafts are also popular for leisurely explorations on lakes and rivers. Safety is paramount, with buoyancy vests and aids being essential gear for ensuring security during activities. Scuba diving equipment supports underwater adventures, offering exploration opportunities beneath the waves. This category is closely related to outdoor sports and adventure gear, providing complementary products such as wetsuits, snorkels, and fins. It is distinct from swimming or casual beachwear categories, focusing instead on performance-oriented gear. British watersports enthusiasts often seek high-quality brands known for durability and innovation. This category aligns with user searches for specific equipment types and safety gear, enabling precise product recommendations. KEYWORDS: watersport; water sports; paddle board; SUP; paddle boards; paddleboard; paddleboards; SUPs; surfboard; surfboards; kayak; kayaks; Buoyancy Vest; Inflatable Boat; Raft; Buoyancy Aid; Bodyboard; Scuba Diving; Buoyancy aids; Diving
Sony WH-1000XM4	category	343595	TITLE: Sony WH-1000XM4 DESCRIPTION: The Sony WH-1000XM4 category is centred around premium over-ear wireless noise-cancelling headphones renowned for their superior sound quality and advanced features. Key specifications include industry-leading active noise cancellation, adaptive sound control, and high-resolution audio support with LDAC codec. These headphones offer up to 30 hours of battery life with quick charging capabilities. The WH-1000XM4 integrates seamlessly with voice assistants like Alexa and Google Assistant, enhancing hands-free operation. Designed for comfort, they feature soft earpads and a lightweight build, making them ideal for long listening sessions. Related categories include wireless earbuds, Bluetooth speakers, and audio accessories such as headphone cases and cables. Complementary products often paired with the WH-1000XM4 include music streaming services, travel gadgets, and mobile devices. In the UK market, they compete with brands like Bose, Sennheiser, and Bowers & Wilkins. Distinct from other models, the WH-1000XM4 offers multi-device connectivity and precise touch controls. KEYWORDS: WH-1000XM4; WH1000XM4; WH1000 XM4; WH 1000 XM4; Sony WH-1000XM4
Apple Watch SE	category	343606	TITLE: Apple Watch SE DESCRIPTION: The Apple Watch SE category encompasses a versatile range of smartwatches that offer a balance of functionality and affordability, tailored for the British market. This category includes devices equipped with features such as music playback, call answering, heart rate monitoring, and fitness tracking, making them ideal for tech-savvy users seeking cost-effective alternatives to premium models. The Apple Watch SE supports seamless integration with iOS devices, ensuring compatibility with popular apps and services. Related categories include wearable technology, fitness trackers, and smart accessories. Complementary products are iPhones, AirPods, and wireless chargers. Key considerations when exploring this category include GPS capability, water resistance, and customizable watch faces. Distinguished by its blend of essential features and budget-friendly pricing, the Apple Watch SE is distinct from the more premium Apple Watch Series 8. This category is perfect for users prioritising essential smartwatch functions without the additional expense of high-end models. KEYWORDS: Apple Watch SE
PS5	category	343607	TITLE: PS5 DESCRIPTION: The PlayStation 5 (PS5), also known as Playstation5, is a cutting-edge gaming console highly favoured in the UK market. This category encompasses a wide range of products including the standard PS5 console, digital edition, and various bundles that often include popular games or additional accessories like DualSense controllers and Pulse 3D wireless headsets. Key brands such as Sony, Samsung, and LG frequently collaborate to offer exclusive discounts through voucher codes or loyalty programs like Samsung Rewards, which can be used for purchasing PS5-related items. Essential workers in the UK, such as NHS staff and teachers, can benefit from special discounts on PS5 consoles and accessories. Multi-buy offers are common for gaming bundles and accessories, enhancing cross-category purchasing opportunities with related products like gaming chairs or VR headsets. Ensure to explore newsletter subscriptions for access to exclusive deals on PS5 games and peripherals. KEYWORDS: PS5; Playstation 5; Playstation5
PS5 DualSense controllers	category	343608	TITLE: PS5 DualSense controllers DESCRIPTION: The PS5 DualSense controllers category encompasses a range of products designed specifically for the PlayStation 5 gaming console, offering advanced features such as haptic feedback and adaptive triggers that enhance gameplay immersion. Key terms associated with this category include "PlayStation 5 DualSense Controller," "PS5 DualSense Controller," and "PS5 Controller." These controllers are crucial for gamers seeking precision and interactive experiences. Popular brands like Sony dominate this space, with various colour options and limited editions available. Related categories include PS5 consoles, gaming headsets, and charging stations, which complement the gaming setup. Users often search for "best deals on PS5 controllers" or "cheap PS5 DualSense," especially during major sales events like Black Friday and Boxing Day in the UK. Distinct from previous PlayStation controllers, the DualSense offers innovative technology, making it a must-have for serious gamers. KEYWORDS: PlayStation 5 DualSense Controller; PS5 DualSense Controller; PlayStation 5 Controller; PS5 Controller; DualSense
PS5 Games	category	343609	TITLE: PS5 Games DESCRIPTION: The "PS5 Games" category encompasses a diverse array of video games specifically designed for the PlayStation 5 console, appealing to UK gamers seeking top-tier entertainment. This category includes popular titles such as "Deathloop," "The Nioh Collection," "Death Stranding," "Final Fantasy VII Remake," and "Returnal," as well as exclusive releases like "Demon's Souls" and "Gran Turismo 7." PS5 games often feature enhanced graphics, faster load times, and immersive gameplay facilitated by the DualSense controller's adaptive triggers and haptic feedback. The category offers both physical and digital editions, with frequent discounts available through retailers like Amazon, GAME, and the PlayStation Store. Related categories include PS5 accessories and PS4 games, given the console's backward compatibility. Gamers can also benefit from services like PlayStation Plus for additional content and multiplayer access. Whether seeking AAA blockbusters or indie gems, the PS5 Games category delivers cutting-edge experiences for all types of players. KEYWORDS: PS5 Games; PlayStation 5 Games; PS5 Game; PlayStation 5 Game; Deathloop; The Nioh Collection; Death Stranding; Final Fantasy VII Remake; Returnal; Demon's Souls; Gran Turismo 7; Astro's Playroom; Legacy of Thieves Collection; Horizon Forbidden West; Destruction AllStars; Forspoken; Horizon Call of the Mountain; DLC PS5; PS5 DLC; (PS5)
RTX 3070	category	343612	TITLE: RTX 3070 DESCRIPTION: The RTX 3070 category encompasses high-performance graphics cards designed for gaming, creative applications, and professional use, featuring NVIDIA's Ampere architecture. Key specifications include 8GB GDDR6 memory, ray tracing capabilities, DLSS support, and a boost clock of up to 1730 MHz. Popular brands offering RTX 3070 models include ASUS, MSI, Gigabyte, and EVGA. This category is crucial for gamers seeking smooth 1440p gameplay and content creators requiring accelerated rendering times. Related categories include RTX 3080 and RTX 3060 for alternative performance levels, as well as gaming monitors and high-refresh-rate displays to complement the GPU's capabilities. Users frequently search for terms like "best RTX 3070 deals," "RTX 3070 benchmarks," and "RTX 3070 availability UK." Ensure compatibility with PCIe 4.0 motherboards and consider complementary products like CPU coolers and power supplies rated at least 650W to optimise performance. KEYWORDS: RTX 3070
Xbox Series X	category	343615	TITLE: Xbox Series X DESCRIPTION: The Xbox Series X category encompasses Microsoft's flagship gaming console, renowned for its cutting-edge performance and compatibility with games spanning four generations of Xbox consoles, including Xbox One, Xbox 360, and the original Xbox. As a powerhouse in the gaming industry, the Series X features advanced hardware specifications such as a custom AMD Zen 2 processor, RDNA 2 graphics architecture, and support for 4K gaming at up to 120fps. It offers seamless integration with Xbox Game Pass, providing access to an extensive library of games. Key accessories include the Xbox Wireless Controller and the Xbox Elite Series 2 Controller. This category is closely related to gaming peripherals, high-definition televisions (HDTVs), and home entertainment systems. Ideal for both casual gamers and competitive eSports enthusiasts, the Xbox Series X stands out from PlayStation 5 and Nintendo Switch by offering unique features such as Quick Resume and Smart Delivery, enhancing gaming experiences across the UK market. KEYWORDS: Xbox Series X; X Box Series X
Xbox Series S	category	343616	TITLE: Xbox Series S DESCRIPTION: The Xbox Series S, a digital-only gaming console by Microsoft, offers an immersive gaming experience in a compact design, ideal for British gamers seeking next-gen performance without physical discs. This console supports high-speed gameplay with features like Quick Resume and seamless integration with Xbox Game Pass, providing access to a vast library of digital games. The Series S is compatible with 120 FPS gaming at 1440p resolution, ensuring smooth visuals and rapid load times. It complements the Xbox Series X as a more affordable alternative, while still supporting backward compatibility for Xbox One and select Xbox 360 titles. Key accessories include the Xbox Wireless Controller and the Xbox Stereo Headset. Related categories include gaming monitors, external SSDs for expanded storage, and subscription services like Xbox Live Gold. Distinct from the Series X, the Series S is tailored for those prioritizing digital media and cost efficiency without compromising on quality gameplay. KEYWORDS: Xbox Series S; X Box Series S; Series S
Kindle Book	category	343691	TITLE: Kindle Book DESCRIPTION: Kindle Books, also known as Kindle Editions or Kindle eBooks, represent a versatile category of digital literature available for reading on Amazon's Kindle devices and apps. This category includes a vast array of genres, from fiction and non-fiction to textbooks and graphic novels, catering to diverse reader preferences. Popular offerings include Amazon First Reads and Kindle Unlimited selections, providing early access and subscription-based reading options. Kindle Books are often paired with Prime Reading benefits, allowing members to explore a rotating selection of titles at no additional cost. In the UK market, these digital books are synonymous with convenience and accessibility, enabling readers to enjoy literature anytime, anywhere. Related categories include Audible audiobooks for those who prefer listening, and physical books for traditionalists. This category is distinct from print editions, focusing solely on electronic formats compatible with Kindle devices and apps, ensuring seamless integration with Amazon’s ecosystem. KEYWORDS: Kindle Book; Kindle Edition; Kindle Editions; Kindle Ed; Kindle Ed.; Kindle Edition.; kindle ebook; Kindle books; Kindle ebooks; on Kindle; Amazon First Reads; Kindle Unlimited; for kindle; Prime Reading
Apple AirTag	category	343718	TITLE: Apple AirTag DESCRIPTION: Apple AirTag is a cutting-edge tracking device designed by Apple Inc. that integrates seamlessly with the Apple ecosystem, including iPhones, iPads, and MacBooks, enabling precise item location through the Find My app. This category covers individual AirTags as well as multi-pack options, catering to users seeking efficient solutions for locating personal belongings such as keys, wallets, luggage, and bags. Key features include ultra-wideband technology, Bluetooth connectivity, and a replaceable CR2032 battery, ensuring long-lasting performance and easy maintenance. Related categories include smart home devices, Bluetooth trackers, and mobile accessories. Complementary products encompass Apple accessories like key rings and loops designed specifically for AirTags. In the British market, popular searches might include "Apple AirTag deals," "AirTag accessories," and "Find My network." Distinct from other GPS trackers or non-Apple Bluetooth tags, AirTags offer unique integration with iOS devices, making them a preferred choice for Apple users seeking reliable item tracking solutions. KEYWORDS: AirTag; Air Tag; AirTags; Air Tags; Apple AirTag
Permanent Offers	category	343724	TITLE: Permanent Offers DESCRIPTION: The "Permanent Offers" category encompasses a wide array of products available at consistently discounted prices, making it a go-to section for budget-conscious shoppers in the UK. This category includes various product types such as electronics, home appliances, fashion apparel, beauty products, and groceries, all offered at permanent markdowns. Shoppers can find well-known British and international brands like Tesco, Sainsbury’s, Marks & Spencer, and Argos. Synonyms and related terms include "ongoing deals," "constant discounts," and "evergreen sales." This category is distinct from "Limited-Time Offers" as it provides enduring savings rather than temporary promotions. Related categories include "Clearance Sales," "Discounted Bundles," and "Price Match Guarantees," which offer complementary and competitive shopping options. Permanent Offers are ideal for those seeking everyday essentials or big-ticket items without the urgency of flash sales. This category is particularly relevant for users searching for reliable savings on quality products across diverse sectors.
iPhone 13	category	343728	TITLE: iPhone 13 DESCRIPTION: The iPhone 13 category encompasses Apple's flagship smartphones, featuring advanced technology and premium design. This category includes the iPhone 13, iPhone 13 mini, iPhone 13 Pro, and iPhone 13 Pro Max models, each offering variations in size, features, and price points. Key specifications include A15 Bionic chip, Super Retina XDR display, dual or triple-camera systems with Night mode, and up to 1TB of storage. Popular among tech enthusiasts and professionals, these devices support 5G connectivity and boast improved battery life. Accessories such as MagSafe chargers, AirPods, and Apple Watch are frequently paired with iPhones. Related categories include smartphone cases, screen protectors, and wireless earbuds. The iPhone 13 is distinct from previous models like the iPhone 12 due to its enhanced camera capabilities and performance upgrades. British consumers often seek deals on contracts with major carriers like EE, Vodafone, and O2. KEYWORDS: iPhone 13
Apple Watch 7	category	343732	TITLE: Apple Watch 7 DESCRIPTION: The Apple Watch 7, also known as the Apple Watch Series 7, represents the pinnacle of smartwatch technology with its advanced features and sleek design tailored for the UK market. This category encompasses all variations of the Series 7, including GPS and Cellular models, available in sizes 41mm and 45mm. Key features include a larger Always-On Retina display, enhanced durability with crack-resistant front crystal, and rapid charging capabilities. The watch supports fitness tracking, heart rate monitoring, ECG, and blood oxygen apps, making it ideal for health-conscious users. Compatible with iOS devices, it integrates seamlessly with iPhones for calls, texts, and notifications. This category is distinct from earlier models like the Apple Watch Series 6 and competitors such as Samsung Galaxy Watch. Related categories include smart accessories like bands and chargers, and complementary products such as AirPods. Popular UK retailers offer various colour options including Midnight, Starlight, Green, Blue, and (PRODUCT)RED. KEYWORDS: Apple Watch Series 7
Nintendo Switch OLED	category	343736	TITLE: Nintendo Switch OLED DESCRIPTION: The Nintendo Switch OLED category encompasses the latest iteration of the popular gaming console, featuring a vibrant 7-inch OLED display for enhanced visuals. Key terms include "Nintendo Switch OLED," "Nintendo OLED Switch," and "OLED Model," all highlighting its upgraded screen technology. With 64GB of internal storage, this model offers ample space for digital game downloads and updates. The category caters to gaming enthusiasts seeking superior display quality and immersive gameplay experiences. Related categories include Nintendo Switch accessories, such as Joy-Con controllers, protective cases, and charging docks, as well as game titles optimized for the OLED model. Complementary products might also include screen protectors and storage expansion solutions like microSD cards. Distinct from the standard and Lite versions, the OLED model is ideal for users prioritizing visual performance and handheld play. In the UK market, popular game franchises like Zelda and Mario enhance its appeal, aligning with user searches for cutting-edge gaming technology. KEYWORDS: Nintendo Switch OLED; Nintendo OLED Switch; OLED Model; 64GB OLED
Google Pixel 6	category	343741	TITLE: Google Pixel 6 DESCRIPTION: The Google Pixel 6 category encompasses the latest in smartphone innovation, featuring Google's proprietary technology and design. This category includes the Pixel 6 model, known for its advanced Google Tensor processor, which enhances AI capabilities and performance. The Pixel 6 boasts a 6.4-inch OLED display with a 90Hz refresh rate, offering vibrant visuals and smooth scrolling. Key features include an impressive dual-camera system with a 50MP wide lens and a 12MP ultra-wide lens, ideal for photography enthusiasts. The device supports 5G connectivity, ensuring fast internet speeds and seamless streaming. With Android 12 pre-installed, users experience the latest in software enhancements and security updates. Related categories include smartphone accessories such as cases, screen protectors, and wireless chargers. Complementary products may involve Google Nest devices for smart home integration. This category is distinct from other smartphones due to its exclusive Google ecosystem features and direct competition with brands like Samsung Galaxy and Apple iPhone in the UK market. KEYWORDS: Pixel 6
Samsung Galaxy S22	category	343749	TITLE: Samsung Galaxy S22 DESCRIPTION: The Samsung Galaxy S22 category encompasses the latest in Samsung's flagship smartphone technology, designed for the discerning UK market. This category includes the Galaxy S22, GalaxyS22, Galaxy S 22, and Samsung S22 models, renowned for their cutting-edge features and sleek design. Key specifications include advanced Snapdragon processors or Exynos chipsets, superior AMOLED displays with high refresh rates, and versatile camera systems with enhanced night mode capabilities. Compatible with 5G networks, these devices support seamless connectivity and fast data speeds. The Galaxy S22 range is ideal for tech enthusiasts seeking premium performance, robust security features, and a rich ecosystem of Samsung services like Samsung Pay and Bixby. Related categories include Samsung accessories such as cases, wireless chargers, and Galaxy Buds. Complementary products involve smart home devices compatible with SmartThings. Clearly distinct from other brands' models, the Galaxy S22 series stands out for its integration of innovative technology and stylish aesthetics tailored to the British consumer's needs. KEYWORDS: Galaxy S22; GalaxyS22; GalaxyS 22; Galaxy S 22; Samsung S22; Samsung S 22
Samsung Galaxy S22 Ultra	category	343751	TITLE: Samsung Galaxy S22 Ultra DESCRIPTION: The Samsung Galaxy S22 Ultra category is dedicated to the flagship smartphone model from Samsung, renowned for its cutting-edge technology and premium features. This category encompasses all variations of the Galaxy S22 Ultra, including the 128GB, 256GB, and 512GB storage options, as well as colour choices like Phantom Black, Phantom White, and Burgundy. Key features include the advanced Exynos 2200 processor, a dynamic AMOLED 2X display, and a versatile quad-camera system with a 108MP main sensor. The S Pen integration offers enhanced productivity, making it ideal for creative professionals and business users. This category also relates to accessories such as cases, screen protectors, and wireless chargers tailored for the Galaxy S22 Ultra. Complementary products include Samsung Galaxy Buds and SmartTags. Distinct from other Samsung models like the Galaxy S21 or S23 series, this category targets users seeking top-tier performance and innovation in the UK market. KEYWORDS: Galaxy S22 Ultra; GalaxyS22 Ultra; GalaxyS 22 Ultra; Galaxy S 22 Ultra; Samsung S22 Ultra; Samsung S 22 Ultra; Galaxy S22Ultra; GalaxyS22Ultra; GalaxyS 22Ultra; Galaxy S 22Ultra; Samsung S22Ultra; Samsung S 22Ultra
FIFA 23	category	343759	TITLE: FIFA 23 DESCRIPTION: FIFA 23 is the latest instalment in the renowned EA Sports FIFA video game series, offering football enthusiasts an immersive gaming experience. This category encompasses all editions of FIFA 23, including Standard, Ultimate, and Legacy Editions, available for platforms such as PlayStation 5, PlayStation 4, Xbox Series X|S, Xbox One, Nintendo Switch, and PC. Key features include HyperMotion2 technology for realistic gameplay, career mode enhancements, and the inclusion of women's club teams. Popular modes like FIFA Ultimate Team (FUT) and Pro Clubs are integral to the experience. Related categories include gaming consoles, gaming accessories like controllers and headsets, and previous FIFA titles for comparative analysis. Complementary products feature in-game currency packs and season passes. British market adaptations highlight local leagues such as the Premier League and EFL Championship. This category is distinct from other sports games by its exclusive licensing agreements with major football leagues and clubs worldwide. KEYWORDS: FIFA 23
Apple Watch 8	category	343762	TITLE: Apple Watch 8 DESCRIPTION: The Apple Watch 8, also known as the Apple Watch Series 8, is a cutting-edge wearable technology device that integrates seamlessly with the Apple ecosystem. Featuring advanced health monitoring capabilities such as ECG, blood oxygen tracking, and fitness metrics, it is essential for health-conscious users. With its always-on Retina display, water resistance up to 50 metres, and robust GPS functionalities, it caters to both everyday use and active lifestyles. Compatible with iPhone devices, it supports seamless connectivity through Bluetooth and Wi-Fi. The Series 8 offers various strap options and finishes, including aluminium and stainless steel cases. It runs on watchOS, providing access to a wide range of apps and services like Apple Pay and Siri. Related categories include smartwatches, fitness trackers, and mobile accessories. This category is distinct from other smartwatches by its exclusive integration with iOS devices and Apple's proprietary features. KEYWORDS: Apple Watch Series 8
iPhone 14	category	343763	TITLE: iPhone 14 DESCRIPTION: The iPhone 14 category encompasses Apple's latest smartphone offerings, featuring cutting-edge technology and sleek design. Key specifications include the A15 Bionic chip, advanced dual-camera system, and a Super Retina XDR display. This category is synonymous with premium mobile phones, offering features like 5G connectivity, enhanced battery life, and iOS 16 operating system. Popular models within this category include the iPhone 14, iPhone 14 Plus, and iPhone 14 Pro Max. Accessories such as MagSafe chargers, AirPods, and Apple Watch compatibility are highly relevant. Related categories include smartphone cases, screen protectors, and wireless earbuds. Users often compare iPhone 14 to Samsung Galaxy S22 and Google Pixel 7 for performance and features. In the UK market, network providers like EE, Vodafone, and O2 offer attractive contract deals on iPhone 14 models. This category stands out for its innovation and seamless integration with Apple's ecosystem of products. KEYWORDS: iPhone 14
iPhone 14 Pro	category	343765	TITLE: iPhone 14 Pro DESCRIPTION: The iPhone 14 Pro category encompasses Apple's latest flagship smartphone, renowned for its advanced features and sleek design. Key specifications include the A16 Bionic chip, a Super Retina XDR display with ProMotion technology, and a triple-camera system with improved low-light performance. This category covers various storage capacities—128GB, 256GB, 512GB, and 1TB—and colour options such as Space Black, Silver, Gold, and Deep Purple. Accessories like MagSafe chargers, AirPods, and protective cases are commonly associated with the iPhone 14 Pro. Related categories include iOS apps, Apple Watch compatibility, and smart home integration products. Users often search for terms like "iPhone 14 Pro deals," "best iPhone camera," and "Apple smartphone features." Distinct from the standard iPhone 14, the Pro model offers superior performance and premium materials. This category is pivotal for consumers seeking cutting-edge technology within the UK market. KEYWORDS: iPhone 14 Pro
Apple Watch Ultra	category	343768	TITLE: Apple Watch Ultra DESCRIPTION: The Apple Watch Ultra category encompasses Apple's premium smartwatch offering, designed for advanced functionality and durability. Key features include a robust titanium case, enhanced water resistance, and a larger, brighter Retina display with customizable watch faces. Integrated GPS, heart rate monitoring, and ECG capabilities cater to fitness enthusiasts and health-conscious users. Compatible with iOS devices, the Apple Watch Ultra supports seamless integration with Apple Health, Fitness+, and other apps. It boasts extended battery life suitable for outdoor adventures and professional use. Related categories include smartwatches, wearable technology, and mobile accessories. Complementary products feature AirPods, iPhones, and wireless chargers. Distinct from standard Apple Watch models, the Ultra is tailored for performance-driven users seeking cutting-edge technology in the UK market. Popular brands in this space include Garmin and Fitbit, but Apple’s ecosystem provides unique advantages. Ideal search terms include "Apple Watch Ultra features," "premium smartwatches," and "durable wearable tech." KEYWORDS: Apple Watch Ultra
Game Time Cards	category	343772	TITLE: Game Time Cards DESCRIPTION: Game Time Cards in the UK encompass a variety of prepaid digital codes and vouchers that enhance gaming experiences across multiple platforms. This category includes Nintendo eShop Cards, PlayStation Network Cards, and Game Time Cards for popular consoles like the Nintendo Switch and PlayStation. Gamers use these cards to purchase digital games, downloadable content (DLC), subscriptions such as Nintendo Switch Online, and in-game currency. PlayStation Stars and PlayStation Gift Cards are also featured, offering users the ability to buy games, movies, and more from the PlayStation Store. This category is distinct from physical game discs and focuses on digital access and online services. Related categories include gaming accessories, console hardware, and digital game downloads. These cards are perfect for gifting and provide flexibility for gamers looking to expand their digital library or engage in multiplayer experiences. Popular brands include Sony and Nintendo, ensuring compatibility with their respective ecosystems. KEYWORDS: Nintendo eShop Card; Playstation Network Card; Game Time Cards; PlayStation Stars; PlayStation Gift Card; Nintendo Switch Online
Ninja Foodi Max	category	343776	TITLE: Ninja Foodi Max DESCRIPTION: The Ninja Foodi Max, model AF400UK, is a versatile multi-cooker designed for the UK market, integrating multiple cooking functions into a single appliance. This all-in-one kitchen device allows you to pressure cook, slow cook, steam, bake, roast, and air fry with ease, making it ideal for diverse culinary needs. The Ninja Foodi Max is perfect for energy-conscious households aiming to reduce utility bills while enjoying a wide variety of meals. Its large capacity caters to family-sized portions, ensuring efficiency and convenience. Related categories include kitchen appliances, air fryers, pressure cookers, and slow cookers, offering complementary products such as Ninja blenders and food processors. Distinct from standard air fryers or pressure cookers, the Ninja Foodi Max stands out with its multifunctionality and robust performance. Popular in British homes, it aligns with user searches for "multi-cooker," "energy-saving kitchen appliances," and "Ninja cooking systems." KEYWORDS: ninja foodi max; AF400UK
Samsung Galaxy S23	category	343799	TITLE: Samsung Galaxy S23 DESCRIPTION: The Samsung Galaxy S23 category encompasses the latest flagship smartphones from Samsung, tailored for the UK market. This category includes the Samsung Galaxy S23 standard model, as well as potential variants such as the S23 Plus and S23 Ultra, each offering unique features and specifications. Key attributes include advanced camera systems, high-resolution AMOLED displays, and cutting-edge processors. Compatible accessories such as Galaxy Buds, wireless chargers, and protective cases are essential complements to this category. Users searching for 5G connectivity, Android operating system updates, or innovations in mobile technology will find relevance here. Related categories might include other Samsung Galaxy models like the S22 or A series, and comparable brands like Apple iPhone or Google Pixel. The focus is on distinguishing the S23's unique offerings in terms of performance, design, and ecosystem integration within Samsung's product range. This description aids in connecting with user queries about new smartphone releases, tech specifications, and accessory compatibility. KEYWORDS: Samsung Galaxy S23
Samsung Galaxy S23 Ultra	category	343801	TITLE: Samsung Galaxy S23 Ultra DESCRIPTION: The Samsung Galaxy S23 Ultra category encompasses the latest high-performance smartphone from Samsung's flagship Galaxy series, renowned for its cutting-edge technology and premium features. This category includes the Samsung Galaxy S23 Ultra, often searched as S23 Ultra or Samsung Ultra 23, highlighting its advanced specifications such as the powerful Exynos processor, Dynamic AMOLED 2X display, and a high-resolution quad-camera system. It offers extensive storage options and 5G connectivity for seamless internet access. The S23 Ultra is compatible with Samsung's ecosystem, including wearables like the Galaxy Watch and earbuds such as the Galaxy Buds. This category is ideal for users seeking top-tier mobile photography, gaming, and productivity capabilities. Related categories include smartphone accessories, protective cases, wireless chargers, and screen protectors. In the UK market, it's crucial to compare the S23 Ultra with competitors like Apple's iPhone 14 Pro Max and Google's Pixel 7 Pro for informed purchasing decisions. KEYWORDS: Samsung Galaxy S23 Ultra; S23 Ultra; Samsung Ultra 23
The Legend of Zelda: Tears of the Kingdom	category	343813	TITLE: The Legend of Zelda: Tears of the Kingdom DESCRIPTION: The Legend of Zelda: Tears of the Kingdom is a critically acclaimed action-adventure video game, part of the iconic The Legend of Zelda series, developed by Nintendo. This category encompasses all related products, including game discs for Nintendo Switch, downloadable content (DLC), strategy guides, and themed merchandise such as clothing, collectibles, and accessories. Users searching for "Tears of the Kingdom" will find items like amiibo figures, posters, and limited edition consoles. Related categories include other Nintendo Switch games, gaming accessories like controllers and headsets, and general video game merchandise. Complementary products might involve Nintendo eShop gift cards for purchasing DLC or subscriptions to online services for multiplayer features. Distinct from other Zelda titles like Breath of the Wild or Skyward Sword, Tears of the Kingdom offers unique gameplay mechanics and storylines. British gamers can expect localised content and region-specific promotions. KEYWORDS: The Legend of Zelda: Tears of the Kingdom; The Legend of Zelda Tears of the Kingdom; Legend of Zelda: Tears of the Kingdom
Diablo IV	category	343814	TITLE: Diablo IV DESCRIPTION: Diablo IV is a forthcoming dark fantasy action role-playing game (RPG) by Blizzard Entertainment, set to captivate the UK gaming audience. This highly anticipated title offers an intense RPG experience featuring fast-paced combat mechanics, extensive character customization, and a gripping narrative. Key elements include diverse character classes such as Barbarian, Sorceress, and Druid, each with unique abilities and skill trees. Players will explore an expansive open world filled with dungeons, quests, and dynamic events. The game supports both solo and cooperative multiplayer modes, enhancing its replayability. Related categories include video games, action RPGs, Blizzard games, and gaming accessories like controllers and headsets. Complementary products feature Diablo merchandise, strategy guides, and gaming consoles. Distinct from traditional RPGs or fantasy games, Diablo IV focuses on real-time combat and dark storytelling. Ideal for fans of previous Diablo titles or similar franchises like Path of Exile and Dark Souls. KEYWORDS: Diablo IV
Gambling & Lottery	category	343836	TITLE: Gambling & Lottery DESCRIPTION: The "Gambling & Lottery" category encompasses a wide range of activities including Bingo, Lottery, Betting, and Poker, catering to enthusiasts in the UK market. Key terms such as EuroMillions, National Lottery, and Lotto are central to this category, reflecting popular games that attract millions of participants. The category is closely related to online betting platforms, casino games, and sports betting, offering users opportunities to engage in both chance-based and skill-based gambling. Complementary products include scratch cards, gaming chips, and betting slips. Popular brands and services in the UK like Camelot Group for the National Lottery and various online betting sites provide diverse options for gamblers. This category should not be confused with casual gaming or arcade games, which do not involve monetary stakes or winnings. It is essential for users searching for gambling-related entertainment to explore responsible gaming practices and verify regulatory compliance of services. KEYWORDS: Bingo; Lottery; Betting; Poker; euro millions; EuroMillions; National Lottery; Lotto
Adult Lingerie	category	343837	TITLE: Adult Lingerie DESCRIPTION: The Adult Lingerie category encompasses a diverse range of intimate apparel designed to enhance allure and personal expression. This category includes essential items such as bras, G-strings, thongs, basques, and chemises, alongside more intricate pieces like lace bodies and mesh bodysuits. Popular styles include crotchless lingerie sets and themed fantasy lingerie such as naughty nurse and French maid costumes. Key materials often feature lace and sheer mesh for added sensuality. Complementary products include stockings, babydolls, and bustiers, which can be paired to create complete lingerie ensembles. In the UK market, brands focus on quality craftsmanship and luxurious fabrics to cater to varied tastes and preferences. This category is distinct from everyday underwear by its emphasis on design and seduction. Related categories include women's nightwear and hosiery, offering cross-selling opportunities for a comprehensive lingerie shopping experience. KEYWORDS: lingerie; adult lingerie; G-Strings; G-String; Thongs; Stockings; Babydoll; Thong; Basque; Chemise; Lace Body; Mesh Bodysuit; Crotchless; Lingerie Set; Bustier; Naughty Nurse; Fantasy Lingerie; French Maid; Bra; Bras
iPhone 15	category	343838	TITLE: iPhone 15 DESCRIPTION: The iPhone 15 category encompasses the latest Apple smartphone innovations, featuring cutting-edge technology and sleek design tailored for the UK market. Key features include the advanced A16 Bionic chip, enhanced camera system with improved low-light performance, and a Super Retina XDR display for vivid visuals. This category covers all iPhone 15 models, including the standard, Pro, and Pro Max variants, each offering unique specifications such as increased storage capacities and exclusive colour options like Midnight and Starlight. Related accessories include MagSafe chargers, AirPods, and Apple Watch integration, enhancing the user experience. This category is distinct from previous iPhone models by offering USB-C connectivity and longer battery life. Explore complementary products such as cases, screen protectors, and wireless earbuds. Ideal for users seeking seamless integration with Apple's ecosystem, this category is optimized for those searching for premium smartphones with state-of-the-art features in the British market. KEYWORDS: iPhone 15
PS5 Slim	category	343844	TITLE: PS5 Slim DESCRIPTION: The PS5 Slim category encompasses the latest iteration of Sony's PlayStation 5 console, designed for the UK market. This category includes a range of models such as the PS5 Slim Console, PlayStation 5 Slim Digital Edition, and the PS5 Slim Console with Disc Drive. Key features include a compact design, enhanced performance, and storage options like the PlayStation 5 1TB Slim. The PS5 Slim, also known as the Sony PlayStation 5 Slim or Slim PlayStation 5, is available in both Digital and Disc Editions, catering to different gaming preferences. Related categories include gaming accessories like DualSense controllers, PS5 games, and VR headsets. This category is distinct from the standard PS5 due to its slim profile and updated hardware specifications. Ideal for users seeking a space-efficient yet powerful gaming experience, the PS5 Slim integrates seamlessly with existing PlayStation ecosystems, ensuring compatibility with a wide array of titles and accessories. KEYWORDS: PS5 Slim; PS5 Slim Console; PlayStation 5 Slim; PlayStation 5 Slim Console; PlayStation5 Slim; PlayStation 5 Slim Digital; Slim PlayStation 5; PS5 Slim Console with Disc Drive; Sony Playstation 5 Slim; Sony Playstation 5 Slim Digital Edition; PlayStation 5 1TB Slim; Playstation 5 Console (Slim); console Disc Slim; Digital Edition Slim; Model Group – Slim; Console Slim; Slim Console; Slim Digital; Slim Disc Console; Disc Console Slim
Nintendo Switch 2	category	343845	TITLE: Nintendo Switch 2 DESCRIPTION: The Nintendo Switch 2 category encompasses the latest generation of Nintendo gaming consoles, known for its hybrid design that allows seamless transition between handheld and docked modes. This category includes terms like Switch2, Switch-2, and NS2, catering to users searching for the new console iteration. Expect enhancements in processing power, graphics capabilities, and battery life compared to its predecessor. Key features include backward compatibility with original Switch games and support for exclusive titles like "Zelda: Breath of the Wild 2" and "Super Mario Odyssey 2." This category is closely related to Nintendo accessories such as Joy-Con controllers, Pro Controllers, and docking stations. It complements categories like video game software, gaming headsets, and protective cases. In the British market, brands like GAME and Argos are prominent retailers. Distinct from other gaming consoles like PlayStation and Xbox, the Nintendo Switch 2 focuses on family-friendly entertainment and innovative gameplay experiences. KEYWORDS: Switch2; Switch-2; Switchtwo; Switch 2; Nintendo Switch 2; NS2
Amazon haul	category	343846	TITLE: Amazon haul DESCRIPTION: The "Amazon Haul" category encompasses a wide array of products typically bought in bulk or as part of a shopping spree on Amazon UK, appealing to consumers seeking both variety and value. This category includes diverse product types such as electronics, home goods, fashion items, beauty products, and more, often highlighted in social media trends and online reviews. Key brands commonly featured in Amazon hauls include AmazonBasics, Echo, Kindle, and Fire TV for electronics, alongside popular UK brands like Dyson, Philips, and Russell Hobbs for home appliances. Users searching for "Amazon Haul" might also be interested in related categories like "Best Sellers," "Daily Deals," and "New Arrivals," which offer complementary shopping experiences. The category caters to bargain hunters and trend followers looking for the latest deals and must-have items, distinguishing itself from niche-specific categories by its broad product range and appeal to diverse consumer interests. KEYWORDS: Amazon Haul
Megathreads	category	343847	TITLE: Megathreads DESCRIPTION: The "Megathreads" category encompasses comprehensive discussion threads that aggregate extensive information, insights, and user contributions on a specific topic within digital forums and online communities. Key elements of megathreads include detailed guides, frequently asked questions (FAQs), and collaborative problem-solving discussions, making them invaluable resources for users seeking in-depth knowledge and community support. In the UK context, these threads often cover topics ranging from technology and gaming to lifestyle and consumer advice, serving as a hub for shared experiences and expert recommendations. Related categories that complement megathreads include "Forums," "Online Communities," and "Discussion Boards," while cross-category opportunities exist with "Knowledge Bases" and "User Guides." This category is distinct from standard forum posts due to its structured format and focus on comprehensive coverage. Users searching for megathreads might use terms like "extensive discussion," "community thread," or "detailed forum post," highlighting the importance of collaborative and informative content in their queries. KEYWORDS: megathread; megathreads
Question of the Week	category	343848	TITLE: Question of the Week DESCRIPTION: The "Question of the Week" category, also known as QOTW, serves as a dynamic and interactive section where users can engage with topical questions curated weekly. This category is designed to foster user participation and discussion around diverse subjects, ranging from current events and trending topics to niche interests and specialised knowledge areas. It acts as a hub for community interaction and insight sharing, often featuring polls, quizzes, and expert opinions. Related categories include "Discussion Forums," "Opinion Polls," and "Community Engagement," which complement this category by offering broader platforms for dialogue and feedback. In the UK context, "Question of the Week" may highlight culturally relevant or region-specific themes, ensuring resonance with British audiences. This category is distinct from static information pages or general FAQs, focusing instead on timely interaction and engagement. Users searching for interactive content or community-driven discussions will find this category particularly relevant. KEYWORDS: Question of the Week; QOTW
Community Pulse	category	343849	TITLE: Community Pulse DESCRIPTION: The "Community Pulse" category encompasses a wide array of community-driven newsletters and informational bulletins designed to keep residents informed about local events, initiatives, and announcements. This category is synonymous with terms like "Community Newsletter" and "Pulse," reflecting its role as a vital communication channel for neighbourhood updates, civic engagement opportunities, and public service information. Popular subcategories include local event listings, volunteer opportunities, council meeting summaries, and public health advisories. In the UK context, "Community Pulse" often features contributions from local councils, charities, and grassroots organisations, fostering a sense of community cohesion and participation. It complements categories such as "Local News," "Public Services," and "Social Initiatives," providing a platform for cross-category recommendations that enhance civic awareness. Unlike commercial newsletters, "Community Pulse" focuses on non-profit and community-centric content, distinguishing it from similar categories that prioritise commercial or entertainment news. KEYWORDS: Community Pulse; Community Newsletter; Pulse
Community Hub	category	343850	TITLE: Community Hub DESCRIPTION: The "Community Hub" category serves as a focal point for social interaction and community engagement, encompassing platforms and tools designed to facilitate communication and collaboration within local and online communities across the UK. This category includes forums, discussion boards, social media networks, event planning tools, and group messaging apps. Key terms include "community forums," "local events," "group chats," and "social networking." Popular platforms such as Facebook Groups, Nextdoor, and Meetup are integral to this category. Related categories include "Social Media Management," "Event Management," and "Online Collaboration Tools." Users often search for keywords like "neighbourhood groups," "community events," and "local meetups." The Community Hub is distinguished from general social media by its focus on fostering local connections and organising community activities. Complementary products include event ticketing services, volunteer management software, and digital bulletin boards. This category supports both virtual and in-person interactions, catering to diverse community needs in the British market.
Spaced: The Complete First and Second Series DVD used	thread	4651467	CATEGORY_PATH: Movies & Series > Culture & Leisure TITLE: Spaced: The Complete First and Second Series DVD used
McFarlane Toys Batman: The Dark Knight (2008) 1:1 Scale Cowl Replica with code	thread	4651466	CATEGORY_PATH: Toys > Family & Kids TITLE: McFarlane Toys Batman: The Dark Knight (2008) 1:1 Scale Cowl Replica with code
BBH Gardening Gloves, 14 Pack In-Warehouse	thread	4651465	CATEGORY_PATH: Garden > Garden & Do It Yourself TITLE: BBH Gardening Gloves, 14 Pack In-Warehouse
Men's Hillwalker InterActive Gore-Tex Waterproof Jacket - Brown	thread	4651464	CATEGORY_PATH: Clothes > Fashion & Accessories TITLE: Men's Hillwalker InterActive Gore-Tex Waterproof Jacket - Brown
21-26 February - 5 nights at 3* YOTEL New York At Times Square New York with flights from Manchester based on 2 adults (£629pp) Hand Luggage	thread	4651462	CATEGORY_PATH: Hotel > Accommodation > Travel TITLE: 21-26 February - 5 nights at 3* YOTEL New York At Times Square New York with flights from Manchester based on 2 adults (£629pp) Hand Luggage
Hasbro Star Wars The Black Series Moff Gideon Premium Electronic Helmet - With Code	thread	4651461	CATEGORY_PATH: Toys > Family & Kids TITLE: Hasbro Star Wars The Black Series Moff Gideon Premium Electronic Helmet - With Code
Men's Plain Organic T-shirt - 5 Pack for £50	thread	4651460	CATEGORY_PATH: Clothes > Fashion & Accessories TITLE: Men's Plain Organic T-shirt - 5 Pack for £50
Life is Strange: Double Exposure Xbox Series X	thread	4651458	CATEGORY_PATH: Video Games > Gaming TITLE: Life is Strange: Double Exposure Xbox Series X
Alan Wake 2 Deluxe Edition Xbox Series X (Free Click and Collect Only)	thread	4651457	CATEGORY_PATH: Video Games > Gaming TITLE: Alan Wake 2 Deluxe Edition Xbox Series X (Free Click and Collect Only)
The Science-Backed Anti-Inflammatory Diet for Beginners: A Hassle-Free Guide and Simple Meal Plan - Kindle Edition	thread	4651456	CATEGORY_PATH: Kindle Book > Books & Magazines > Culture & Leisure TITLE: The Science-Backed Anti-Inflammatory Diet for Beginners: A Hassle-Free Guide and Simple Meal Plan - Kindle Edition
Nestle Milkybar Dessert 2X65g - Clubcard Price	thread	4651455	CATEGORY_PATH: Food > Groceries TITLE: Nestle Milkybar Dessert 2X65g - Clubcard Price
INIU Car Charger, Cigarette Lighter USB Charger Total 60W [USB C 30W+USB A 30W] - w/voucher - Sold by simple life/FBA	thread	4651454	CATEGORY_PATH: Car Accessories > Car & Motorcycle TITLE: INIU Car Charger, Cigarette Lighter USB Charger Total 60W [USB C 30W+USB A 30W] - w/voucher - Sold by simple life/FBA
Critical Role Presents: Call of the Netherdeep (D&D Adventure Book)	thread	4651453	CATEGORY_PATH: Books & Magazines > Culture & Leisure TITLE: Critical Role Presents: Call of the Netherdeep (D&D Adventure Book)
Ninja FrostVault Heavy-Duty Insulated Cool Box, Wheeled Premium Cooler with Dry Zone Integrated Fridge-Temp Dry Storage Drawer | Grey	thread	4651452	CATEGORY_PATH: Outdoor Sports & Camping > Sports & Outdoors TITLE: Ninja FrostVault Heavy-Duty Insulated Cool Box, Wheeled Premium Cooler with Dry Zone Integrated Fridge-Temp Dry Storage Drawer | Grey
Calibre Lost Lad Gravel Bike	thread	4651451	CATEGORY_PATH: Bike > Sports & Outdoors TITLE: Calibre Lost Lad Gravel Bike
Linda Mccartney's Organic Barista Oat Drink 1 Litre - Instore (Daventry)	thread	4651449	CATEGORY_PATH: Drinks > Groceries TITLE: Linda Mccartney's Organic Barista Oat Drink 1 Litre - Instore (Daventry)
Star Wars Hasbro The Black Series Ahsoka Tano Force FX Elite Lightsaber - With Code	thread	4651448	CATEGORY_PATH: Toys > Family & Kids TITLE: Star Wars Hasbro The Black Series Ahsoka Tano Force FX Elite Lightsaber - With Code
SCI-MX Diet Whey Protein Powder + Vitamins & Green Tea, CLA & L-Carnitine - Salted Caramel • Low Sugar • 22g Protein	thread	4651447	CATEGORY_PATH: Protein > Sports Nutrition > Sports & Outdoors TITLE: SCI-MX Diet Whey Protein Powder + Vitamins & Green Tea, CLA & L-Carnitine - Salted Caramel • Low Sugar • 22g Protein
Minecraft Dungeons Ultimate Edition Xbox One & Xbox Series X|S (EU & UK)	thread	4651446	CATEGORY_PATH: Video Games > Gaming TITLE: Minecraft Dungeons Ultimate Edition Xbox One & Xbox Series X|S (EU & UK)
Belkin 10000mAh 15W PD portable power bank with 1 USB-C port and 2 USB-A ports + 15cm USB-C to USB-A cable | In Blue & Black Colours	thread	4651445	CATEGORY_PATH: Electronic Accessories > Electronics TITLE: Belkin 10000mAh 15W PD portable power bank with 1 USB-C port and 2 USB-A ports + 15cm USB-C to USB-A cable | In Blue & Black Colours
Deer & Oak Large Bamboo Chopping Board 38 x 25 x 2cm, Premium Wooden, Pre-Oiled, Sold by Ideal Direct Ltd/FBA (W/Code - Selected Accounts)	thread	4651443	CATEGORY_PATH: Home Accessories > Home & Living TITLE: Deer & Oak Large Bamboo Chopping Board 38 x 25 x 2cm, Premium Wooden, Pre-Oiled, Sold by Ideal Direct Ltd/FBA (W/Code - Selected Accounts)
WORKZONE Hand Tools Assortment	thread	4651442	CATEGORY_PATH: DIY > Garden & Do It Yourself TITLE: WORKZONE Hand Tools Assortment
Kings Hawaiian Sweet Rolls, 2 x 16 Pack Instore	thread	4651441	CATEGORY_PATH: Food > Groceries TITLE: Kings Hawaiian Sweet Rolls, 2 x 16 Pack Instore
EA SPORTS Madden NFL 26 Deluxe Edition Xbox Series X|S + Pre Order Bonus	thread	4651440	CATEGORY_PATH: Video Games > Gaming TITLE: EA SPORTS Madden NFL 26 Deluxe Edition Xbox Series X|S + Pre Order Bonus
Walkers Classic Variety Multipack Crisps Box 20x25g (S&S £3.15/£2.98)	thread	4651439	CATEGORY_PATH: Food > Groceries TITLE: Walkers Classic Variety Multipack Crisps Box 20x25g (S&S £3.15/£2.98)
NINJA Creami NC300UK Ice Cream & Frozen Dessert Maker – Black & Silver - With Code	thread	4651438	CATEGORY_PATH: Kitchen Appliances > Home & Living TITLE: NINJA Creami NC300UK Ice Cream & Frozen Dessert Maker – Black & Silver - With Code
Piper-Heidsieck Champagne	thread	4651437	CATEGORY_PATH: Champagne > Alcohol > Drinks > Groceries TITLE: Piper-Heidsieck Champagne
Sid Meier's Civilization VI 6 PC/STEAM	thread	4651436	CATEGORY_PATH: Video Games > Gaming TITLE: Sid Meier's Civilization VI 6 PC/STEAM
Capri-Sun Orange 8 x 200ml	thread	4651435	CATEGORY_PATH: Soft Drinks > Drinks > Groceries TITLE: Capri-Sun Orange 8 x 200ml
NUMATIC Henry PET.200-11 Cylinder Vacuum - BOX DAMAGE - W/code sold by currys clearance	thread	4651434	CATEGORY_PATH: Henry Hoover > Vacuum Cleaner > Home Appliances > Home & Living TITLE: NUMATIC Henry PET.200-11 Cylinder Vacuum - BOX DAMAGE - W/code sold by currys clearance
Banquet Recycled Tie Handle Tall Kitchen Bin Liners, 100 Bags Instore	thread	4651433	CATEGORY_PATH: Home Care > Groceries TITLE: Banquet Recycled Tie Handle Tall Kitchen Bin Liners, 100 Bags Instore
Five Nights at Freddy's: Security Breach (PS4)	thread	4651432	CATEGORY_PATH: PS4 Games > Video Games > Gaming TITLE: Five Nights at Freddy's: Security Breach (PS4)
TATAY Cold Meat Containers for Fridge | Set of 3 Standard | Removable Lid, Stackable | Microwave, Freezer and Dishwasher Safe | BPA-Free	thread	4651431	CATEGORY_PATH: Home Accessories > Home & Living TITLE: TATAY Cold Meat Containers for Fridge | Set of 3 Standard | Removable Lid, Stackable | Microwave, Freezer and Dishwasher Safe | BPA-Free
Enter The Gungeon / Exit The Gungeon £2.24	thread	4651430	CATEGORY_PATH: Nintendo Switch Game > Video Games > Gaming TITLE: Enter The Gungeon / Exit The Gungeon £2.24
Yale Steel Padlock 40mm, 3 Pack Instore	thread	4651428	CATEGORY_PATH: DIY > Garden & Do It Yourself TITLE: Yale Steel Padlock 40mm, 3 Pack Instore
GUTS 'N' GOALS (Code in a Box) (Nintendo Switch)	thread	4651427	CATEGORY_PATH: Nintendo Switch Game > Video Games > Gaming TITLE: GUTS 'N' GOALS (Code in a Box) (Nintendo Switch)
Walkers Wotsits Cheese Multipack Snacks Crisps 20x16.5g	thread	4651426	CATEGORY_PATH: Food > Groceries TITLE: Walkers Wotsits Cheese Multipack Snacks Crisps 20x16.5g
NBA 2K25 Standard Edition Xbox One & Xbox Series X|S (UK)	thread	4651425	CATEGORY_PATH: Video Games > Gaming TITLE: NBA 2K25 Standard Edition Xbox One & Xbox Series X|S (UK)
Haribo Starmix Multipack Bag 352g	thread	4651424	CATEGORY_PATH: Food > Groceries TITLE: Haribo Starmix Multipack Bag 352g
Pitacs Heating Chrome Heated Towel Rail -1175 x 500 x 30 mm Instore	thread	4651423	CATEGORY_PATH: Home Appliances > Home & Living TITLE: Pitacs Heating Chrome Heated Towel Rail -1175 x 500 x 30 mm Instore
Michael Schenker - My Years with UFO [DOUBLE VINYL]	thread	4651422	CATEGORY_PATH: Vinyl > Music > Culture & Leisure TITLE: Michael Schenker - My Years with UFO [DOUBLE VINYL]
eufy Security Video Doorbell Camera Wireless C31 - Sold by AnkerDirect UK / FBA	thread	4651421	CATEGORY_PATH: Smart Home > Electronics TITLE: eufy Security Video Doorbell Camera Wireless C31 - Sold by AnkerDirect UK / FBA
Call of Duty: Black Ops 4 - Digital Deluxe Xbox (WW)	thread	4651420	CATEGORY_PATH: Call of Duty > Video Games > Gaming TITLE: Call of Duty: Black Ops 4 - Digital Deluxe Xbox (WW)
Blackstone 36" Griddle Gas Barbecue with Hood & Front Shelf Instore	thread	4651419	CATEGORY_PATH: BBQs and Grills > Garden > Garden & Do It Yourself TITLE: Blackstone 36" Griddle Gas Barbecue with Hood & Front Shelf Instore
Kirkland Signature Pure Sea Salt, 850g	thread	4651418	CATEGORY_PATH: Groceries TITLE: Kirkland Signature Pure Sea Salt, 850g
WWE 2K25 Standard Edition Xbox One & Xbox Series X|S (UK)	thread	4651417	CATEGORY_PATH: Video Games > Gaming TITLE: WWE 2K25 Standard Edition Xbox One & Xbox Series X|S (UK)
Bibigo 100% Sesame Oil, 1L	thread	4651415	CATEGORY_PATH: Cooking Oil > Food > Groceries TITLE: Bibigo 100% Sesame Oil, 1L
Ninja Foodi MAX 15-in-1 Multi-Cooker - Certified Refurbished [OL750UK] 7.5L w/code sold by Ninja	thread	4651414	CATEGORY_PATH: Ninja Foodi Max > Home Appliances > Home & Living TITLE: Ninja Foodi MAX 15-in-1 Multi-Cooker - Certified Refurbished [OL750UK] 7.5L w/code sold by Ninja
Ninja Woodfire Pro XL OG850UK BBQ - Discount at Checkout - £239.99 after trade in code	thread	4651412	CATEGORY_PATH: BBQs and Grills > Garden > Garden & Do It Yourself TITLE: Ninja Woodfire Pro XL OG850UK BBQ - Discount at Checkout - £239.99 after trade in code
The Famous Grouse Smoky Black Blended Scotch Whisky, 70 cl	thread	4651411	CATEGORY_PATH: Scotch Whisky > Whisky > Spirit & Liqueur > Alcohol > Drinks > Groceries TITLE: The Famous Grouse Smoky Black Blended Scotch Whisky, 70 cl
New Super Mario Bros. U & Super Luigi U | Nintendo Wii U | Used, Free C&C + 5 Year Warranty	thread	4651410	CATEGORY_PATH: Video Games > Gaming TITLE: New Super Mario Bros. U & Super Luigi U | Nintendo Wii U | Used, Free C&C + 5 Year Warranty
Ninja Professional Stackable Food Chopper [NJ1002UKBK] 200W Black, Red & Cream, w/Code, Sold By Ninja	thread	4651409	CATEGORY_PATH: Kitchen Appliances > Home & Living TITLE: Ninja Professional Stackable Food Chopper [NJ1002UKBK] 200W Black, Red & Cream, w/Code, Sold By Ninja
Tommy Hilfiger Men's Long Sleeve Shirt (3XL Plus Only)	thread	4651407	CATEGORY_PATH: Clothes > Fashion & Accessories TITLE: Tommy Hilfiger Men's Long Sleeve Shirt (3XL Plus Only)
VTech Build-a-Burger Interactive Stacking Toy - Instore Wigan	thread	4651406	CATEGORY_PATH: Toys > Family & Kids TITLE: VTech Build-a-Burger Interactive Stacking Toy - Instore Wigan
Auf Wiedersehen Pet - Series 1-2 DVD (used) - Sold by World of Books Ltd	thread	4651405	CATEGORY_PATH: Movies & Series > Culture & Leisure TITLE: Auf Wiedersehen Pet - Series 1-2 DVD (used) - Sold by World of Books Ltd
Margie Benedict - Before the Killing: A thrilling time travel tale (The BEFORE Series Book 1) Kindle Edition	thread	4651403	CATEGORY_PATH: Kindle Book > Books & Magazines > Culture & Leisure TITLE: Margie Benedict - Before the Killing: A thrilling time travel tale (The BEFORE Series Book 1) Kindle Edition
Forest Feast Peanut Butter Milk Chocolate Dates	thread	4651402	CATEGORY_PATH: Chocolate > Food > Groceries TITLE: Forest Feast Peanut Butter Milk Chocolate Dates
Blended Scotch Whisky 'Special Reserve' 1L - by Amazon (S&S £16.64 / £15.72 w/voucher)	thread	4651401	CATEGORY_PATH: Permanent Offers TITLE: Blended Scotch Whisky 'Special Reserve' 1L - by Amazon (S&S £16.64 / £15.72 w/voucher)
Steam Deck 64GB / 256GB £279 - Certified Refurbished (Requires login to Steam Store to show stock)	thread	4651400	CATEGORY_PATH: Games Consoles > Gaming TITLE: Steam Deck 64GB / 256GB £279 - Certified Refurbished (Requires login to Steam Store to show stock)
Tommy Hilfiger Men’s Core Corporate Canvas Low Top Vulcanised Trainers size 6.5 to 11 uk	thread	4651399	CATEGORY_PATH: Shoes > Fashion & Accessories TITLE: Tommy Hilfiger Men’s Core Corporate Canvas Low Top Vulcanised Trainers size 6.5 to 11 uk
Prodigy Their Law Double Silver Vinyl w/code sold by TRACKNINE22	thread	4651398	CATEGORY_PATH: Vinyl > Music > Culture & Leisure TITLE: Prodigy Their Law Double Silver Vinyl w/code sold by TRACKNINE22
UK Crime Thriller - M K Farrar - The Silent One (A DI Erica Swift Thriller Book 2) Kindle Edition	thread	4651397	CATEGORY_PATH: Kindle Book > Books & Magazines > Culture & Leisure TITLE: UK Crime Thriller - M K Farrar - The Silent One (A DI Erica Swift Thriller Book 2) Kindle Edition
23-30 April 7 nights all-inclusive at 4* Lindos Royal Resort, Rhodes Easyjet flights from Gatwick based on 2 adults (£519pp) hand luggage	thread	4651395	CATEGORY_PATH: Flights > Travel TITLE: 23-30 April 7 nights all-inclusive at 4* Lindos Royal Resort, Rhodes Easyjet flights from Gatwick based on 2 adults (£519pp) hand luggage
UK Crime Thriller - JOY ELLIS - CRIME ON THE FENS	thread	4651394	CATEGORY_PATH: Books & Magazines > Culture & Leisure TITLE: UK Crime Thriller - JOY ELLIS - CRIME ON THE FENS
Wolfenstein II: The New Colossus	thread	4651392	CATEGORY_PATH: PC Game > Video Games > Gaming TITLE: Wolfenstein II: The New Colossus
Prologo C.One 30 saddle	thread	4651391	CATEGORY_PATH: Sports & Outdoors TITLE: Prologo C.One 30 saddle
BONTEC Mobile TV Stand on Wheels 23–60in LED/LCD/OLED TVs - Sold by bracketsales123 FBA	thread	4651390	CATEGORY_PATH: Furniture > Home & Living TITLE: BONTEC Mobile TV Stand on Wheels 23–60in LED/LCD/OLED TVs - Sold by bracketsales123 FBA
HP Omen 16" Gaming Laptop - AMD Ryzen AI 7 350, 24GB RAM, 1TB SSD, NVIDIA RTX 5070, 16" 2K (1920x1200) IPS 144Hz Display with HS Code	thread	4651389	CATEGORY_PATH: Gaming Laptop > PC Gaming Systems > Gaming TITLE: HP Omen 16" Gaming Laptop - AMD Ryzen AI 7 350, 24GB RAM, 1TB SSD, NVIDIA RTX 5070, 16" 2K (1920x1200) IPS 144Hz Display with HS Code
Lenovo L22e-40 22” Full HD 1080p LED Backlit monitor	thread	4651388	CATEGORY_PATH: Monitor > Computers & Tablets > Electronics TITLE: Lenovo L22e-40 22” Full HD 1080p LED Backlit monitor
22-29 January, 7 nights all-inclusive at 4* Royal Lagoons Resort & Aqua Park flights from Luton based on 2 adults (£369pp) hand luggage	thread	4651387	CATEGORY_PATH: Flights > Travel TITLE: 22-29 January, 7 nights all-inclusive at 4* Royal Lagoons Resort & Aqua Park flights from Luton based on 2 adults (£369pp) hand luggage
Nestle Crunch Bar Dark Chocolate 100g - Instore Chingford	thread	4651385	CATEGORY_PATH: Chocolate > Food > Groceries TITLE: Nestle Crunch Bar Dark Chocolate 100g - Instore Chingford
Ladies Constance Floral Print Dress, Size UK 8-18	thread	4651383	CATEGORY_PATH: Fashion for Women > Clothes > Fashion & Accessories TITLE: Ladies Constance Floral Print Dress, Size UK 8-18
Star Wars Rebellion PC	thread	4651382	CATEGORY_PATH: PC Game > Video Games > Gaming TITLE: Star Wars Rebellion PC
Sonax CockpitStar Dashboard Cleaner 750ml Fresh Fragrance	thread	4651381	CATEGORY_PATH: Garage & Service > Car & Motorcycle TITLE: Sonax CockpitStar Dashboard Cleaner 750ml Fresh Fragrance
MSI NVIDIA GeForce RTX 5070 12GB VENTUS 2X OC Blackwell Graphics Card	thread	4651380	CATEGORY_PATH: Graphics Card > PC Parts > Computers & Tablets > Electronics TITLE: MSI NVIDIA GeForce RTX 5070 12GB VENTUS 2X OC Blackwell Graphics Card
PUMA Unisex Kid's Ultra 5 Play It Jr Soccer Shoe - Size 4uk	thread	4651379	CATEGORY_PATH: Team Sports > Sports & Outdoors TITLE: PUMA Unisex Kid's Ultra 5 Play It Jr Soccer Shoe - Size 4uk
50 Mixed Grey Mailing Poly Postal Self Seal Bags 5 Sizes	thread	4651378	CATEGORY_PATH: Stationery & Office Supplies > Home & Living TITLE: 50 Mixed Grey Mailing Poly Postal Self Seal Bags 5 Sizes
KEPLIN Non-Slip Microfibre Bath & Toilet Mat - Soft, Plush & Comfortable Rug 50x80cm	thread	4651377	CATEGORY_PATH: Home Accessories > Home & Living TITLE: KEPLIN Non-Slip Microfibre Bath & Toilet Mat - Soft, Plush & Comfortable Rug 50x80cm
LEGO Ideas - Red London Telephone Box (21347)	thread	4651376	CATEGORY_PATH: Lego > Toys > Family & Kids TITLE: LEGO Ideas - Red London Telephone Box (21347)
MAM Original Day & Night 6-18m 4 Pack Soothers	thread	4651375	CATEGORY_PATH: Childcare > Family & Kids TITLE: MAM Original Day & Night 6-18m 4 Pack Soothers
HP Victus 15L Gaming Desktop - AMD Ryzen 5, RTX 3050, 16GB RAM, 512 GB SSD - REFURB-C with code - Currys Clearance	thread	4651374	CATEGORY_PATH: Gaming PC > PC Gaming Systems > Gaming TITLE: HP Victus 15L Gaming Desktop - AMD Ryzen 5, RTX 3050, 16GB RAM, 512 GB SSD - REFURB-C with code - Currys Clearance
BREMBO - Front Brake Disc Pair R90 Approved - 276mm Diameter, Free C&C - W/Code	thread	4651373	CATEGORY_PATH: Car Parts > Car & Motorcycle TITLE: BREMBO - Front Brake Disc Pair R90 Approved - 276mm Diameter, Free C&C - W/Code
The North Face Men's 100 Glacier 1/4 Zip Sweatshirt	thread	4651372	CATEGORY_PATH: Clothes > Fashion & Accessories TITLE: The North Face Men's 100 Glacier 1/4 Zip Sweatshirt
Tina Turner - Break Every Rule - 2022 Remaster [Vinyl]	thread	4651371	CATEGORY_PATH: Vinyl > Music > Culture & Leisure TITLE: Tina Turner - Break Every Rule - 2022 Remaster [Vinyl]
Latch Pack Electro Brass by Perry - Free C&C	thread	4651370	CATEGORY_PATH: DIY > Garden & Do It Yourself TITLE: Latch Pack Electro Brass by Perry - Free C&C
Celine Dion - Falling Into You [2 x 180g Vinyl] - New - with code sold by musicMagpie Shop	thread	4651369	CATEGORY_PATH: Vinyl > Music > Culture & Leisure TITLE: Celine Dion - Falling Into You [2 x 180g Vinyl] - New - with code sold by musicMagpie Shop
Samsung S24 Ultra 5G 256GB Titanium Black	thread	4651366	CATEGORY_PATH: Monitor > Computers & Tablets > Electronics TITLE: Samsung S24 Ultra 5G 256GB Titanium Black
Casio Digital Quartz World Time Bio-Based Resin Band Watch | LF20W-8A2 Sold by Amazon US	thread	4651365	CATEGORY_PATH: Watch > Fashion Accessories > Fashion & Accessories TITLE: Casio Digital Quartz World Time Bio-Based Resin Band Watch | LF20W-8A2 Sold by Amazon US
Roe Tenpo Air Fryer Liners, 100Pcs Disposable Baking Parchment Paper - 6.3 - 9 inch options	thread	4651363	CATEGORY_PATH: Air Fryer > Kitchen Appliances > Home & Living TITLE: Roe Tenpo Air Fryer Liners, 100Pcs Disposable Baking Parchment Paper - 6.3 - 9 inch options
Deep Freeze, Pain Relief Glide On Gel, 50 gram	thread	4651361	CATEGORY_PATH: Healthcare > Health & Beauty TITLE: Deep Freeze, Pain Relief Glide On Gel, 50 gram
The Hurt Locker Blu-ray (used) free C&C	thread	4651360	CATEGORY_PATH: Blu-ray > Movies & Series > Culture & Leisure TITLE: The Hurt Locker Blu-ray (used) free C&C
Sweet* - Greatest Hitz 1969-1978 [Vinyl] (select addresses)	thread	4651359	CATEGORY_PATH: Vinyl > Music > Culture & Leisure TITLE: Sweet* - Greatest Hitz 1969-1978 [Vinyl] (select addresses)
Casio Men's MDV106-1AV 200 M WR Black Dive Watch Black/Blue - Sold and Shipped by Amazon US	thread	4651358	CATEGORY_PATH: Watch > Fashion Accessories > Fashion & Accessories TITLE: Casio Men's MDV106-1AV 200 M WR Black Dive Watch Black/Blue - Sold and Shipped by Amazon US
Amazon Basics Rechargeable Battery Bundle - 20 pack (12 AAA plus 8 AA rechargeable batteries)	thread	4651357	CATEGORY_PATH: Electronic Accessories > Electronics TITLE: Amazon Basics Rechargeable Battery Bundle - 20 pack (12 AAA plus 8 AA rechargeable batteries)
Maltesers White Chocolate More To Share - 126g	thread	4651356	CATEGORY_PATH: Chocolate > Food > Groceries TITLE: Maltesers White Chocolate More To Share - 126g
Kewpie Mayonnaise 355ml | Authentic Japanese Mayo | Rich, Umami Flavour	thread	4651355	CATEGORY_PATH: Food > Groceries TITLE: Kewpie Mayonnaise 355ml | Authentic Japanese Mayo | Rich, Umami Flavour
Belstaff Fieldmaster Cotton Jacket - Black - Size 6-16 - With Code	thread	4651354	CATEGORY_PATH: Clothes > Fashion & Accessories TITLE: Belstaff Fieldmaster Cotton Jacket - Black - Size 6-16 - With Code
Philips OneBlade 360 for Face - Trim, Edge, Shave with 3 Stubble Combs with code (10% off with student discount) - free C&C	thread	4651352	CATEGORY_PATH: Personal Care & Hygiene > Health & Beauty TITLE: Philips OneBlade 360 for Face - Trim, Edge, Shave with 3 Stubble Combs with code (10% off with student discount) - free C&C
Levington PEAT FREE Multi Purpose Compost, 40 litre	thread	4651351	CATEGORY_PATH: Compost > Garden > Garden & Do It Yourself TITLE: Levington PEAT FREE Multi Purpose Compost, 40 litre
Diary Of A Madman - Ozzy Osbourne - Vinyl	thread	4651350	CATEGORY_PATH: Vinyl > Music > Culture & Leisure TITLE: Diary Of A Madman - Ozzy Osbourne - Vinyl
Ten Little Monkeys Children's Book by Mike Brownlow and Simon Rickerty (Paperback)	thread	4651349	CATEGORY_PATH: Books & Magazines > Culture & Leisure TITLE: Ten Little Monkeys Children's Book by Mike Brownlow and Simon Rickerty (Paperback)
JACK & JONES Mens Vito Boxer Trunk - 7 Pack - Size S-XXL	thread	4651347	CATEGORY_PATH: Clothes > Fashion & Accessories TITLE: JACK & JONES Mens Vito Boxer Trunk - 7 Pack - Size S-XXL
Drake Hollow - Xbox One / Xbox Series X|S (PC Play Anywhere Title)	thread	4651345	CATEGORY_PATH: PC Game > Video Games > Gaming TITLE: Drake Hollow - Xbox One / Xbox Series X|S (PC Play Anywhere Title)
Herbal Essences Sulphate Free Shampoo and Conditioner Set For Dry Hair Incl. Curly&Wavy | 2x350ml Shampoo, 2x 250ml Conditioner | S&S £11.97	thread	4651344	CATEGORY_PATH: Personal Care & Hygiene > Health & Beauty TITLE: Herbal Essences Sulphate Free Shampoo and Conditioner Set For Dry Hair Incl. Curly&Wavy | 2x350ml Shampoo, 2x 250ml Conditioner | S&S £11.97
Ninja Blast Max Portable Blender, 570ml, Rechargeable Battery, Cool Grey BC251EUGY - With voucher	thread	4651341	CATEGORY_PATH: Kitchen Appliances > Home & Living TITLE: Ninja Blast Max Portable Blender, 570ml, Rechargeable Battery, Cool Grey BC251EUGY - With voucher
Ninja CREAMi Ice Cream Maker & Frozen Dessert Maker with 3 Tubs, 7 Programs (Discount at Checkout)	thread	4651340	CATEGORY_PATH: Kitchen Appliances > Home & Living TITLE: Ninja CREAMi Ice Cream Maker & Frozen Dessert Maker with 3 Tubs, 7 Programs (Discount at Checkout)
Budweiser Zero Alcohol Free Lager - 4 x 330ml - Instore Whitchurch	thread	4651338	CATEGORY_PATH: Budweiser > Beer > Alcohol > Drinks > Groceries TITLE: Budweiser Zero Alcohol Free Lager - 4 x 330ml - Instore Whitchurch
Ninja Foodi 2-in-1 Hand Blender & Hand Mixer, Food Processor with 2 Attachments, 850W Powerbase with voucher	thread	4651337	CATEGORY_PATH: Kitchen Appliances > Home & Living TITLE: Ninja Foodi 2-in-1 Hand Blender & Hand Mixer, Food Processor with 2 Attachments, 850W Powerbase with voucher
Fruit of the Loom Men's Original T. T-Shirt (Pack of 5) size M,L	thread	4651336	CATEGORY_PATH: Clothes > Fashion & Accessories TITLE: Fruit of the Loom Men's Original T. T-Shirt (Pack of 5) size M,L
Corsair 2000D Airflow Mini-ITX Case with code	thread	4651335	CATEGORY_PATH: PC Parts > Computers & Tablets > Electronics TITLE: Corsair 2000D Airflow Mini-ITX Case with code
Ninja Foodi Dual Zone 7.6l Air Fryer- clubcard price instore Tower Park, Poole	thread	4651333	CATEGORY_PATH: Air Fryer > Kitchen Appliances > Home & Living TITLE: Ninja Foodi Dual Zone 7.6l Air Fryer- clubcard price instore Tower Park, Poole
Bamboo Wood Butchers Chopping Block by Bramley Power - Sold & Shipped by Kidzmotion Limited	thread	4651332	CATEGORY_PATH: Furniture > Home & Living TITLE: Bamboo Wood Butchers Chopping Block by Bramley Power - Sold & Shipped by Kidzmotion Limited
Ninja Foodi Dual Zone Digital Air Fryer - 7.6L - AF200UK - With Voucher	thread	4651330	CATEGORY_PATH: Air Fryer > Kitchen Appliances > Home & Living TITLE: Ninja Foodi Dual Zone Digital Air Fryer - 7.6L - AF200UK - With Voucher
Milestone Camping 88000 Flocked Single Airbed/Easy Inflate & Deflate/Weatherproof | Blue	thread	4651328	CATEGORY_PATH: Bed > Furniture > Home & Living TITLE: Milestone Camping 88000 Flocked Single Airbed/Easy Inflate & Deflate/Weatherproof | Blue
Tesco Stainless Steel 1litre flask with 2 cups - Dover Extra	thread	4651325	CATEGORY_PATH: Outdoor Sports & Camping > Sports & Outdoors TITLE: Tesco Stainless Steel 1litre flask with 2 cups - Dover Extra
Ninja SLUSHi Frozen Drinks Maker, Create Slush, Frozen Cocktails, Frappé, Milkshakes & Frozen Juice - With Voucher	thread	4651323	CATEGORY_PATH: Kitchen Appliances > Home & Living TITLE: Ninja SLUSHi Frozen Drinks Maker, Create Slush, Frozen Cocktails, Frappé, Milkshakes & Frozen Juice - With Voucher
Adidas Womens Designed to Move High-Rise 3-Stripes 7/8 Sport Leggings - Black - Size XS-XL - Dispatched 3-7 Months	thread	4651320	CATEGORY_PATH: Clothes > Fashion & Accessories TITLE: Adidas Womens Designed to Move High-Rise 3-Stripes 7/8 Sport Leggings - Black - Size XS-XL - Dispatched 3-7 Months
Mercury UK 4 Gang Extension Lead - White - 1m	thread	4651318	CATEGORY_PATH: DIY > Garden & Do It Yourself TITLE: Mercury UK 4 Gang Extension Lead - White - 1m
The Last of Us Remastered PS4 (Free Click and Collect)	thread	4651317	CATEGORY_PATH: Video Games > Gaming TITLE: The Last of Us Remastered PS4 (Free Click and Collect)
Gang Beasts PS4	thread	4651315	CATEGORY_PATH: PS4 Games > Video Games > Gaming TITLE: Gang Beasts PS4
NBA 2K25 Standard Edition - PS4 / PS5	thread	4651314	CATEGORY_PATH: PS4 Games > Video Games > Gaming TITLE: NBA 2K25 Standard Edition - PS4 / PS5
Men's Cushioned Work Socks, 10-Pack, Black, Size 6-11 - Sold by DreamNights / FBA	thread	4651313	CATEGORY_PATH: Clothes > Fashion & Accessories TITLE: Men's Cushioned Work Socks, 10-Pack, Black, Size 6-11 - Sold by DreamNights / FBA
Bosch Universal Brush - Cordless - free C&C	thread	4651312	CATEGORY_PATH: DIY > Garden & Do It Yourself TITLE: Bosch Universal Brush - Cordless - free C&C
10% off Selected Collectible Merchandise - With Code	thread	4651311	CATEGORY_PATH: Toys > Family & Kids TITLE: 10% off Selected Collectible Merchandise - With Code
Encona Sauce 220ml - West Indian Original Hot Pepper / Thai Sweet Chilli / Scotch Bonnet / African Peri Peri - Nectar Price	thread	4651310	CATEGORY_PATH: Food > Groceries TITLE: Encona Sauce 220ml - West Indian Original Hot Pepper / Thai Sweet Chilli / Scotch Bonnet / African Peri Peri - Nectar Price
Doom The Dark Ages PC standard edition	thread	4651309	CATEGORY_PATH: PC Game > Video Games > Gaming TITLE: Doom The Dark Ages PC standard edition
Breville Bold 2 Slice Toaster with High-Lift and Wide Slots | White and Silver/ Grey -£22.97/Cream -£22.98/Black -£22.98	thread	4651308	CATEGORY_PATH: Toaster > Kitchen Appliances > Home & Living TITLE: Breville Bold 2 Slice Toaster with High-Lift and Wide Slots | White and Silver/ Grey -£22.97/Cream -£22.98/Black -£22.98
Samsung Galaxy Official 25W Super Fast Charging Travel Adapter	thread	4651307	CATEGORY_PATH: Electronic Accessories > Electronics TITLE: Samsung Galaxy Official 25W Super Fast Charging Travel Adapter
Lepro LED Torch Super Bright, LE2050 Pocket Flashlight, Zoomable, Waterproof Sold by Lepro UK FBA	thread	4651305	CATEGORY_PATH: Outdoor Sports & Camping > Sports & Outdoors TITLE: Lepro LED Torch Super Bright, LE2050 Pocket Flashlight, Zoomable, Waterproof Sold by Lepro UK FBA
Video Editor - Reels Maker Pro (Lifetime Pro Free)	thread	4651304	CATEGORY_PATH: App > Software & Apps > Electronics TITLE: Video Editor - Reels Maker Pro (Lifetime Pro Free)
Olay Retinol 24 Night Eye Cream - 15ml - Sold by Lilylisa FBA	thread	4651303	CATEGORY_PATH: Personal Care & Hygiene > Health & Beauty TITLE: Olay Retinol 24 Night Eye Cream - 15ml - Sold by Lilylisa FBA
Breville Bold Vanilla Cream Electric Kettle | 1.7L | 3kW Fast Boil | Cream & Silver/Black/White/ Grey	thread	4651302	CATEGORY_PATH: Kettle > Kitchen Appliances > Home & Living TITLE: Breville Bold Vanilla Cream Electric Kettle | 1.7L | 3kW Fast Boil | Cream & Silver/Black/White/ Grey
BONTEC Folding Step Stool, Metal Step Ladder up to 150kg - sold by bracketsales123 FBA	thread	4651300	CATEGORY_PATH: DIY > Garden & Do It Yourself TITLE: BONTEC Folding Step Stool, Metal Step Ladder up to 150kg - sold by bracketsales123 FBA
George Home Steam Generator Iron - 2400w - Black/Rose Gold - 2 Year Warranty - Free C&C	thread	4651299	CATEGORY_PATH: Iron > Home Appliances > Home & Living TITLE: George Home Steam Generator Iron - 2400w - Black/Rose Gold - 2 Year Warranty - Free C&C
Dior homme cologne 125ml	thread	4651298	CATEGORY_PATH: Men's Fragrance > Perfume > Health & Beauty TITLE: Dior homme cologne 125ml
Car Number Plates - 100% ROAD/MOT Legal Premium Car Registration - STANDARD PAIR, DVLA registered - W/Code by Partexa auto parts	thread	4651297	CATEGORY_PATH: Car Parts > Car & Motorcycle TITLE: Car Number Plates - 100% ROAD/MOT Legal Premium Car Registration - STANDARD PAIR, DVLA registered - W/Code by Partexa auto parts
Calibre Lost Lad Gravel Bike - S/M/L + 6% Topcashback	thread	4651296	CATEGORY_PATH: Bike > Sports & Outdoors TITLE: Calibre Lost Lad Gravel Bike - S/M/L + 6% Topcashback
PURITO Seoul Daily Soft Touch Sunscreen Stick SPF50+ PA++++ 5-in-1 Defense UVA & UVB Protection Non-Greasy	thread	4651295	CATEGORY_PATH: Sun Cream > Personal Care & Hygiene > Health & Beauty TITLE: PURITO Seoul Daily Soft Touch Sunscreen Stick SPF50+ PA++++ 5-in-1 Defense UVA & UVB Protection Non-Greasy
Huawei Watch GT 2 Pro 46mm Smartwatch - Nebula Grey, B, Used, Free C&C + 5 Year Warranty	thread	4651294	CATEGORY_PATH: Smart Watch > Wearable > Electronics TITLE: Huawei Watch GT 2 Pro 46mm Smartwatch - Nebula Grey, B, Used, Free C&C + 5 Year Warranty
Dior Homme EDT 50ml (add to brands you love for 15% off)	thread	4651293	CATEGORY_PATH: Men's Fragrance > Perfume > Health & Beauty TITLE: Dior Homme EDT 50ml (add to brands you love for 15% off)
Oral-B iO3 2X Electric Toothbrushes 2 Toothbrush Heads & 1 Travel Case, 2 Pin UK Plug, Black & Blue	thread	4651291	CATEGORY_PATH: Personal Care & Hygiene > Health & Beauty TITLE: Oral-B iO3 2X Electric Toothbrushes 2 Toothbrush Heads & 1 Travel Case, 2 Pin UK Plug, Black & Blue
Oral-B iO3 Electric Toothbrush, 2 Toothbrush Heads Pink / Matt Black -£74.99/ Black - £72.99	thread	4651290	CATEGORY_PATH: Electric Toothbrush > Personal Care & Hygiene > Health & Beauty TITLE: Oral-B iO3 Electric Toothbrush, 2 Toothbrush Heads Pink / Matt Black -£74.99/ Black - £72.99
ASRock B850I Lightning mini-ITX motherboard ( Socket AM5 / PCI-e 5.0 card + M2 / DDR5 ) w/code	thread	4651289	CATEGORY_PATH: PC Parts > Computers & Tablets > Electronics TITLE: ASRock B850I Lightning mini-ITX motherboard ( Socket AM5 / PCI-e 5.0 card + M2 / DDR5 ) w/code
Adizero Adizero Adios OG W Trainers - Sizes 4 - 6.5 - W/Discount for Carers Code - Free Click & Collect	thread	4651286	CATEGORY_PATH: Fitness & Running > Sports & Outdoors TITLE: Adizero Adizero Adios OG W Trainers - Sizes 4 - 6.5 - W/Discount for Carers Code - Free Click & Collect
Magcubic HY310 Projector ( Autofocus / 1920x1080 / Google Voice Control / BT5.4 / WiFi 6 ) w/code @ Magcubic Projector Store (UK Despatch)	thread	4651285	CATEGORY_PATH: TV & Video > Electronics TITLE: Magcubic HY310 Projector ( Autofocus / 1920x1080 / Google Voice Control / BT5.4 / WiFi 6 ) w/code @ Magcubic Projector Store (UK Despatch)
Tommy Hilfiger 100% Cotton Gingham Mens L/S Shirt | Baby blue / white colour | Sizes available XS - 3XL plus size	thread	4651284	CATEGORY_PATH: Clothes > Fashion & Accessories TITLE: Tommy Hilfiger 100% Cotton Gingham Mens L/S Shirt | Baby blue / white colour | Sizes available XS - 3XL plus size
Nike LD-1000 SP Trainers - Sizes 4.5 - 6 - w/Discount for Carers Code - Free Click & Collect	thread	4651282	CATEGORY_PATH: Trainers > Shoes > Fashion & Accessories TITLE: Nike LD-1000 SP Trainers - Sizes 4.5 - 6 - w/Discount for Carers Code - Free Click & Collect
Farmfoods Pure Irish Salted / Unsalted Butter - 3 x 227g	thread	4651281	CATEGORY_PATH: Butter > Food > Groceries TITLE: Farmfoods Pure Irish Salted / Unsalted Butter - 3 x 227g
Pampeano Corned Beef 340g	thread	4651280	CATEGORY_PATH: Beef > Food > Groceries TITLE: Pampeano Corned Beef 340g
Tech Deck Finesse X Sonic the Hedgehog Handboard	thread	4651279	CATEGORY_PATH: Toys > Family & Kids TITLE: Tech Deck Finesse X Sonic the Hedgehog Handboard
George Home Grey Textured 4-Slice Toaster - Instore Abbey Lane Leicester	thread	4651278	CATEGORY_PATH: Toaster > Kitchen Appliances > Home & Living TITLE: George Home Grey Textured 4-Slice Toaster - Instore Abbey Lane Leicester
Multi-tier Wood Plant Stand Flower Display Shelf - Sold & Delivered by Living and Home	thread	4651277	CATEGORY_PATH: Garden Furniture > Garden > Garden & Do It Yourself TITLE: Multi-tier Wood Plant Stand Flower Display Shelf - Sold & Delivered by Living and Home
Kingsmill Rolls 6 Pack ( Softwhite/ Wholemeal)	thread	4651276	CATEGORY_PATH: Food > Groceries TITLE: Kingsmill Rolls 6 Pack ( Softwhite/ Wholemeal)
12M Fixed Elec 19.97p/kWh Gas 5.47p/kWh SC Elec 43.758p Gas 30.177p - SE Region	thread	4651275	CATEGORY_PATH: Energy, Heating & Gas > Services & Contracts TITLE: 12M Fixed Elec 19.97p/kWh Gas 5.47p/kWh SC Elec 43.758p Gas 30.177p - SE Region
Mystery Bonus with £5 Spend - With Code - Selected Accounts	thread	4651273	CATEGORY_PATH: Services & Contracts TITLE: Mystery Bonus with £5 Spend - With Code - Selected Accounts
ORICO 1TB SATA SSD 2.5 Inch Internal Solid State Drive, Read Speed up to 500MB/s, SATA III - With code - Sold by ORICO Official Store FBA	thread	4651272	CATEGORY_PATH: SSD > PC Parts > Computers & Tablets > Electronics TITLE: ORICO 1TB SATA SSD 2.5 Inch Internal Solid State Drive, Read Speed up to 500MB/s, SATA III - With code - Sold by ORICO Official Store FBA
PUMA Scuderia Ferrari X-Ray Speed Motorsport Shoes - Unisex - Sizes 6.5-12 - With Code - Sold by Puma UK	thread	4651271	CATEGORY_PATH: Trainers > Shoes > Fashion & Accessories TITLE: PUMA Scuderia Ferrari X-Ray Speed Motorsport Shoes - Unisex - Sizes 6.5-12 - With Code - Sold by Puma UK
McGregor 25cm Cordless Grass Trimmer - 18V - Free C&C	thread	4651269	CATEGORY_PATH: Garden > Garden & Do It Yourself TITLE: McGregor 25cm Cordless Grass Trimmer - 18V - Free C&C
3 x Collier's 350g cheeses (1.05KG) for £5 or £1.99 each nationwide in store	thread	4651268	CATEGORY_PATH: Food > Groceries TITLE: 3 x Collier's 350g cheeses (1.05KG) for £5 or £1.99 each nationwide in store
Adidas Mens Strutter Shoes Sneaker | white / black / red colourway | UK size 8 only	thread	4651267	CATEGORY_PATH: Trainers > Shoes > Fashion & Accessories TITLE: Adidas Mens Strutter Shoes Sneaker | white / black / red colourway | UK size 8 only
Argos Home Metal 2 Light LED Bathroom Wall Light - Black - Free C&C	thread	4651266	CATEGORY_PATH: Lighting > Home & Living TITLE: Argos Home Metal 2 Light LED Bathroom Wall Light - Black - Free C&C
Bushnell Nitro 10x36 Binoculars ( ED Glass / PC3 Phase Coating / IPX7 ) with code	thread	4651265	CATEGORY_PATH: Outdoor Sports & Camping > Sports & Outdoors TITLE: Bushnell Nitro 10x36 Binoculars ( ED Glass / PC3 Phase Coating / IPX7 ) with code
Lenovo Tab M9 Mediatek G80 4GB RAM 64GB eMMC Android 12 9" Tablet delivered w/code	thread	4651264	CATEGORY_PATH: Tablet > Computers & Tablets > Electronics TITLE: Lenovo Tab M9 Mediatek G80 4GB RAM 64GB eMMC Android 12 9" Tablet delivered w/code
Kickers Boys School Reasan Shoes (UK Child Sizes 7, 9, 10, 11, 12.5, 2.5)	thread	4651263	CATEGORY_PATH: Shoes > Fashion & Accessories TITLE: Kickers Boys School Reasan Shoes (UK Child Sizes 7, 9, 10, 11, 12.5, 2.5)
Multifunctional Rechargeable Radio - Sold by STOENGO Accessories Universe Store	thread	4651261	CATEGORY_PATH: Audio & Hi-Fi > Electronics TITLE: Multifunctional Rechargeable Radio - Sold by STOENGO Accessories Universe Store
Tapo C210 2K 3MP Pan/Tilt Indoor WiFi Camera - No Monthly Fee	thread	4651260	CATEGORY_PATH: Smart Home > Electronics TITLE: Tapo C210 2K 3MP Pan/Tilt Indoor WiFi Camera - No Monthly Fee
Scotchgard Heavy Duty Water Shield - 400ml	thread	4651259	CATEGORY_PATH: Outdoor Sports & Camping > Sports & Outdoors TITLE: Scotchgard Heavy Duty Water Shield - 400ml
Heupar Green Laser Level - Sold by Huepar Overseas Store	thread	4651257	CATEGORY_PATH: Power Tool > Tools > Garden & Do It Yourself TITLE: Heupar Green Laser Level - Sold by Huepar Overseas Store
The Naked Gun (4K UHD + Blu-ray) From the Files of Police Squad!	thread	4651255	CATEGORY_PATH: 4K Blu-ray > Blu-ray > Movies & Series > Culture & Leisure TITLE: The Naked Gun (4K UHD + Blu-ray) From the Files of Police Squad!
K&F Concept NP-W126 Battery Twin Pack ( USB-C / Fujifilm XT30 II / X100 VI / XE5 / XS10 ) w/voucher @ K&F Concept-UK/FBA	thread	4651253	CATEGORY_PATH: Camera > Photo & Cameras > Electronics TITLE: K&F Concept NP-W126 Battery Twin Pack ( USB-C / Fujifilm XT30 II / X100 VI / XE5 / XS10 ) w/voucher @ K&F Concept-UK/FBA
Helly Hansen Men's Moss Rain Jacket (XL Black)	thread	4651252	CATEGORY_PATH: Clothes > Fashion & Accessories TITLE: Helly Hansen Men's Moss Rain Jacket (XL Black)
Helly Hansen Unisex Kids Daybreaker Tights - Size 62 - Black	thread	4651250	CATEGORY_PATH: Clothes > Fashion & Accessories TITLE: Helly Hansen Unisex Kids Daybreaker Tights - Size 62 - Black
4 x AUTOCARE Screen Wash, -10C Apple Scented 5 Litres Removes Dirt Grime (Total 20Ltr) - w/code - by GSF (UK Mainland)	thread	4651249	CATEGORY_PATH: Garage & Service > Car & Motorcycle TITLE: 4 x AUTOCARE Screen Wash, -10C Apple Scented 5 Litres Removes Dirt Grime (Total 20Ltr) - w/code - by GSF (UK Mainland)
Tommy Hilfiger Down Alaska Puffer Jacket	thread	4651248	CATEGORY_PATH: Clothes > Fashion & Accessories TITLE: Tommy Hilfiger Down Alaska Puffer Jacket
Up to 80% off the Summer Sale	thread	4651247	CATEGORY_PATH: Fashion for Women > Clothes > Fashion & Accessories TITLE: Up to 80% off the Summer Sale
Dove Men+Care Advanced Clean Comfort Anti-Perspirant Aerosol Deodorant Spray, 72 hour protection - £2.33 / £2.08 S&S + W/Voucher	thread	4651244	CATEGORY_PATH: Personal Care & Hygiene > Health & Beauty TITLE: Dove Men+Care Advanced Clean Comfort Anti-Perspirant Aerosol Deodorant Spray, 72 hour protection - £2.33 / £2.08 S&S + W/Voucher
Bunnahabhain Stiuireadair Islay Single Malt Scotch Whisky - 70cl - ABV 46.3% - £26.10 S&S	thread	4651243	CATEGORY_PATH: Whisky > Spirit & Liqueur > Alcohol > Drinks > Groceries TITLE: Bunnahabhain Stiuireadair Islay Single Malt Scotch Whisky - 70cl - ABV 46.3% - £26.10 S&S
Nescafe Gold Blend Vanilla 95g - Instore Tamworth	thread	4651242	CATEGORY_PATH: Coffee > Drinks > Groceries TITLE: Nescafe Gold Blend Vanilla 95g - Instore Tamworth
Amazon Basics 30W One-Port GaN USB-C Wall Charger For Tablets & Phones With Power Delivery, White (non-PPS)	thread	4651240	CATEGORY_PATH: Electronic Accessories > Electronics TITLE: Amazon Basics 30W One-Port GaN USB-C Wall Charger For Tablets & Phones With Power Delivery, White (non-PPS)
LEGO 71435 Super Mario Battle with Roy at Peach’s Castle	thread	4651239	CATEGORY_PATH: Lego > Toys > Family & Kids TITLE: LEGO 71435 Super Mario Battle with Roy at Peach’s Castle
Napapijri Hornelen hooded puffer jacket in black - Sizes M, L & XL	thread	4651238	CATEGORY_PATH: Clothes > Fashion & Accessories TITLE: Napapijri Hornelen hooded puffer jacket in black - Sizes M, L & XL
Hand blender ErgoMixx MS6CA4150G 800W White, Anthracite 12 speeds/ chopper/whisk/click mechanism	thread	4651237	CATEGORY_PATH: Kitchen Appliances > Home & Living TITLE: Hand blender ErgoMixx MS6CA4150G 800W White, Anthracite 12 speeds/ chopper/whisk/click mechanism
2 x Narciso Rodriguez For Him Bleu Noir Parfum 100ml Spray - With code	thread	4651235	CATEGORY_PATH: Men's Fragrance > Perfume > Health & Beauty TITLE: 2 x Narciso Rodriguez For Him Bleu Noir Parfum 100ml Spray - With code
Ultros (PC/Steam/Steam Deck)	thread	4651234	CATEGORY_PATH: Video Games > Gaming TITLE: Ultros (PC/Steam/Steam Deck)
LEGO Jurassic World Dinosaur Fossils: Triceratops Skull 76969 - With Code	thread	4651233	CATEGORY_PATH: Lego > Toys > Family & Kids TITLE: LEGO Jurassic World Dinosaur Fossils: Triceratops Skull 76969 - With Code
2 x Versace Eros Flame Eau de Parfum 200ml Spray, With Code	thread	4651230	CATEGORY_PATH: Men's Fragrance > Perfume > Health & Beauty TITLE: 2 x Versace Eros Flame Eau de Parfum 200ml Spray, With Code
L'Oreal Men Expert Barber Club Matte Moulding Clay - 3 x 75ml - Clubcard Price	thread	4651229	CATEGORY_PATH: Personal Care & Hygiene > Health & Beauty TITLE: L'Oreal Men Expert Barber Club Matte Moulding Clay - 3 x 75ml - Clubcard Price
2 x Viktor & Rolf Spicebomb Extreme Eau de Parfum 90ml Spray - With code	thread	4651228	CATEGORY_PATH: Men's Fragrance > Perfume > Health & Beauty TITLE: 2 x Viktor & Rolf Spicebomb Extreme Eau de Parfum 90ml Spray - With code
Up to 30% off Hyundai + Extra 20% off with code (Refurbished)	thread	4651227	CATEGORY_PATH: Car & Motorcycle TITLE: Up to 30% off Hyundai + Extra 20% off with code (Refurbished)
2 x Viktor & Rolf Spicebomb Eau de Toilette 90ml Spray with code	thread	4651226	CATEGORY_PATH: Men's Fragrance > Perfume > Health & Beauty TITLE: 2 x Viktor & Rolf Spicebomb Eau de Toilette 90ml Spray with code
3 x NIVEA Protective Care Hand Cream - Beeswax 75ml - 3 for 2 offer - Clubcard price	thread	4651225	CATEGORY_PATH: Personal Care & Hygiene > Health & Beauty TITLE: 3 x NIVEA Protective Care Hand Cream - Beeswax 75ml - 3 for 2 offer - Clubcard price
Cotswold Classic Suede Memory Foam Women's Loafers W/Code	thread	4651224	CATEGORY_PATH: Shoes > Fashion & Accessories TITLE: Cotswold Classic Suede Memory Foam Women's Loafers W/Code
2 x Diesel Plus Plus Masculine Eau de Toilette 75ml + 30ml Spray + 75ml Deodorant Gift Set - with code	thread	4651223	CATEGORY_PATH: Personal Care & Hygiene > Health & Beauty TITLE: 2 x Diesel Plus Plus Masculine Eau de Toilette 75ml + 30ml Spray + 75ml Deodorant Gift Set - with code
70% Off Selected Boots Skincare e.g. Boots Q10 Day Cream SPF25 50ml - £1.50 C&C	thread	4651221	CATEGORY_PATH: Personal Care & Hygiene > Health & Beauty TITLE: 70% Off Selected Boots Skincare e.g. Boots Q10 Day Cream SPF25 50ml - £1.50 C&C
Fairy Outdoorable Cherry Blossom & Nordic Cotton Fabric Softener - 55 Washes - 770ml	thread	4651220	CATEGORY_PATH: Home Care > Groceries TITLE: Fairy Outdoorable Cherry Blossom & Nordic Cotton Fabric Softener - 55 Washes - 770ml
fanxiang S101 4TB SATA SSD, Up to 550MB/s, Internal Solid State Drive, TLC NAND - LDCEMS FBA	thread	4651218	CATEGORY_PATH: SSD > PC Parts > Computers & Tablets > Electronics TITLE: fanxiang S101 4TB SATA SSD, Up to 550MB/s, Internal Solid State Drive, TLC NAND - LDCEMS FBA
Up to 30% off refurb Flymo + an extra 20% off with Coupon e.g: Refurbished EasiGlide 360V Hover Lawn Mower £78.39 @ Flymo Outlet Store	thread	4651217	CATEGORY_PATH: Lawnmower > Garden > Garden & Do It Yourself TITLE: Up to 30% off refurb Flymo + an extra 20% off with Coupon e.g: Refurbished EasiGlide 360V Hover Lawn Mower £78.39 @ Flymo Outlet Store
LEGO Creator 3in1 Haunted Mansion 31167	thread	4651216	CATEGORY_PATH: Lego > Toys > Family & Kids TITLE: LEGO Creator 3in1 Haunted Mansion 31167
IRN-BRU Sugar-Free Diet, 12 Pack Zero Sugar & Low Calorie Fizzy Drinks Multipack Bottles - 12 x 500ml Bottles | £8.55 S&S	thread	4651215	CATEGORY_PATH: Soft Drinks > Drinks > Groceries TITLE: IRN-BRU Sugar-Free Diet, 12 Pack Zero Sugar & Low Calorie Fizzy Drinks Multipack Bottles - 12 x 500ml Bottles | £8.55 S&S
2 x MontBlanc Explorer Eau de Parfum 100ml Spray - with code	thread	4651214	CATEGORY_PATH: Men's Fragrance > Perfume > Health & Beauty TITLE: 2 x MontBlanc Explorer Eau de Parfum 100ml Spray - with code
